study,pdf_read_ok,n_findings,paper_identity,error_statistic_reported,stated_sample_sizes,temperature_treatments,multiple_stressors,developmental_timing,coverage
N13,True,3,"The PDF is Jurić-Lekić G, Bedrica Lj, Lončar D (2018) ""Interscapular brown adipose tissue recruitment is hindered by a temperature environment of 33°C: uncoupling protein-1 underexpression is not associated with obesity development in rats."" Arch Biol Sci 70(3):567-579 (doi 10.2298/ABS171215018J). This matches the sheet metadata: author ""Juric-Lekic"", year 2018, Mammalia / Rattus norvegicus / Sprague-Dawley rat, brown adipose tissue. The sheet citation string ""Juric_Kekic_et_al_2018"" is a misspelling of Jurić-Lekić but clearly the same paper. Tissue in the sheet (brown adipose tissue, IBAT) is correct.","SD. Table 2 title reads ""morphological parameters (±SD)"" and its footnote states ""Data are the mean±SD from three animals in each group"" (p. 572). Table 3 footnote: ""Data are the mean±SD from three animals in each group"" (p. 574). Table 4 footnote: same (p. 576). Table 1: ""The mean (±SD) represents the measurements of ten randomly selected animals"" (p. 571). The sheet correctly places the tabulated ± values in sd_t1/sd_t2 and derives se = sd/sqrt(3) (e.g. merged_422: sd_t1 12 -> se_t1 6.928; sd_t2 17 -> se_t2 9.815). No SEM-as-SD problem anywhere in this study.","n = 3 per group per age for every extracted row. Methods p. 569: ""The experimental and control groups of animals were killed simultaneously at 7, 14 and 30 days of age. Six young animals from each age group were killed: 3 for morphology/electron microscopy studies and 3 for mRNA essays."" Table 2 and Table 3 headers both read ""20°C (n-3)"" / ""33°C (n-3)"" (typographic ""n-3"" for n=3) with footnotes confirming three animals per group. The morphometry rested on 4 IBAT samples per animal x 100 EM images, but the biological n is 3 — correctly used. Sheet n_t1 = n_t2 = 3 for all 15 rows: correct. (Table 1 whole-animal data, n=10, was not extracted — appropriately, as it is not a mitochondrial measure.)","Two levels only: 33°C (experimental/thermoneutral) vs 20°C (room temperature control). Methods p. 569: ""six pregnant Sprague-Dawley rats were placed in a temperature environment of 33°C, and six pregnant animals were kept at room temperature (20°C)""; the paper repeatedly calls the 20°C animals ""the control group"". The sheet assigns t1 = 33 (treatment) and t2 = 20 (control), with mean_t1/sd_t1 taken from the 33°C column and mean_t2/sd_t2 from the 20°C column in every row — correct, including the correct control identification. dose = 13 (the 13°C offset) is consistent.","No second manipulation. Temperature is the only experimental factor: both groups had a 12-h light-dark cycle, unlimited standard chow and tap water, individual caging of dams, and all litters culled to 9 pups (p. 569), so litter size and nutrition were equalised rather than crossed. No UV, hypoxia, diet, CORT, salinity or acute assay-temperature factor exists; measurements are EM morphometry, slot-blot mRNA and immuno-EM on fixed tissue, so there is no acute assay temperature to worry about. Every sheet row therefore comes from the baseline level of all other factors. No drug/supplement treatment, no cell culture, and the 20°C control is an experimentally assigned group, not field/seasonal acclimatisation.","All animals were well before sexual maturity: pups were killed at 7, 14 and 30 days of age (p. 569), weaned at day 20; Sprague-Dawley sexual maturity is ~6 weeks, so the treatment does not span into sexual maturity. However, the stage/duration coding in the sheet is wrong (see finding 2). The sheet codes stage = ""prenatal"" with prenatal_trt_start = 17, prenatal_trt_end = 22, prenatal_dur = 5 days, total_trt_duration = 5 days, all postnatal treatment fields blank, and postnatal_measure_delay = 7/14/30 days. In fact the exposure was continuous prenatal AND postnatal: dams were moved to 33°C on gestation day 17 and ""their pups were delivered and raised at 33°C"" for the whole first month (Abstract; Methods p. 569; Results p. 570), so animals were still in their assigned thermal environment at the moment of sacrifice. Correct coding: prenatal ~5 d (GD17-birth) plus postnatal 0-7, 0-14 and 0-30 d; total duration ~12, ~19 and ~35 d; measurement delay = 0 for all rows.","All 15 rows traced to a specific table cell. (a) merged_422-424 (UCP1 mRNA, %) trace to Table 3, p. 574 (UCP1 mRNA row): 7 d 20°C 100±17 / 33°C 64±12; 14 d 112±23 / 52±16; 30 d 93±11 / 34±9 — sheet matches exactly, mean_t1 = the 33°C group and mean_t2 = the 20°C control in every case. (b) merged_425-427 (cristae per mitochondrion, µm2/µm3) trace to Table 2, p. 572: 27±4/31±6, 29±7/33±8, 33±7/42±3 — sheet matches exactly. (c) merged_428-430 (cristae per cytoplasm, µm2/µm3) trace to Table 2: 12±3/12±4, 15±5/15±7, 14±3/25±2 — sheet matches exactly. (d) merged_431-433 (average mitochondrial volume, µm3) trace to Table 2: 0.38±0.1/0.34±0.4, 0.37±0.5/0.40±0.4, 0.43±0.1/0.47±0.1 — sheet matches exactly. (e) merged_434-436 (volumetric density of mitochondria per cytoplasm, %) should trace to Table 2 row ""Volumetric density of mitochondria per cytoplasm (%)"" = 45±9/40±12, 51±7/46±4, 44±3/60±2, but the sheet instead holds the cristae-per-cytoplasm numbers (see finding 1). Table 2 column order and values were confirmed on the rendered page image, and cross-checked against the Results text on p. 573 and p. 577 (""volumetric density of mitochondria (60%) compared to control brown adipocytes (44%)""; ""control brown adipocytes had a mitochondrial cristae area per cytoplasm of 14 µm2/µm3""). AUTOFLAGS: merged_428 (12 vs 12) and merged_429 (15 vs 15) are FALSE ALARMS — Table 2 genuinely reports identical means for cristae per cytoplasm at 7 d (12 vs 12) and 14 d (15 vs 15). merged_433 (sd_t1 == sd_t2 == 0.1) is a FALSE ALARM — Table 2 reports 0.47±0.1 and 0.43±0.1 for 30-d mitochondrial volume; these are tabulated, not digitised, values. merged_434 and merged_435 (mean_t1 == mean_t2) are CONFIRMED, but as a symptom of the copy error in finding 1, not as a true equality. Non-defect notes: (i) measurement_category ""metabolic capacity"" for UCP1 mRNA is consistent with the sheet-wide convention (UCP expression rows merged_421, merged_158 and PGC-1α/PPARγ mRNA rows in s98 are all coded ""metabolic capacity"", and antioxidant mRNAs as ""antioxidant""), so I did not flag it despite ""gene/protein expression"" existing in the vocabulary; mito_efficiency_dir = 0 for UCP1 and 1 for the mitochondrial-morphometry measures are both correct under the protocol. (ii) The paper contains an internal inconsistency the extractor handled correctly: p. 575 says the 30-d 33°C mitochondrion volume was ""0.60 µm3 (Table 2)"", but Table 2 says 0.47; the sheet uses the Table 2 value. (iii) Eligible outcomes NOT extracted (omissions, not errors): Table 4 (p. 576) UCP1-gold particles per µm2 mitochondrial cristae (43.1±11.9 vs 4.9±6.3, n=3, 30 d only) and per µm2 matrix / outer membrane — a direct UCP1 protein quantification with mean±SD and n; and Table 3 LPL mRNA (100±20/68±21, 78±19/44±26, 58±15/11±9), which would sit in ""non-mitochondrial metabolic pathways"". Worth considering for completeness."
N17,True,5,"PDF is ""Can Phenotypic Plasticity Facilitate the Geographic Expansion of the Tilapia Oreochromis mossambicus?"" by A. K. Schnell and F. Seebacher, Physiological and Biochemical Zoology 81(6):733-742, 2008 (accepted 18 Jan 2008, e-published 10 Oct 2008). This matches the sheet metadata exactly: author ""Schnell"", year 2008, class Actinopterygii, genus/species Oreochromis mossambicus, common name Tilapia. No identity problem.","SEM. Statistical Analysis section, p. 736: ""All data are presented as mean +/- 1 SE."" Every figure caption repeats this: Fig. 1 ""mean +/- SEM"", Fig. 2 ""means +/- SEM"", Fig. 3 ""n = 15; mean +/- SEM"", Fig. 4 ""mean +/- SEM"". Also Animal Husbandry, p. 734: mass ""8.99 +/- 1.12 g (mean +/- SE)"". The sheet handles this correctly: the digitised bar half-width is stored in se_t1/se_t2 and sd_t1/sd_t2 = se * sqrt(15) for all 28 cells (verified numerically - sd/se = 3.8730 = sqrt(15) in every cell, implied n = 15.00). No un-converted-SEM problem in this study.","Stated: 108 juveniles collected; randomly allocated to three acclimation groups of n = 36, each comprising three replicate tanks of n = 12 (p. 734). Within each treatment, 5 fish per tank (n = 5 x 3 = 15) were used for swimming/whole-animal MO2, and ""a different five fish per replicate tank (n = 5 x 3 = 15 fish per acclimation treatment)"" were used for mitochondrial MO2 and enzyme activities (p. 734). Fig. 3 caption explicitly states n = 15; Fig. 4 gives no n.

The sheet uses n_t1 = n_t2 = 15 for all 14 rows. This matches the Methods statement. However, the reported ANOVA degrees of freedom are only partly consistent with it:
- Mitochondrial MO2 (Fig. 3): F2,40 and F4,160 (state 3/state 4), F2,41 and F4,164 (RCR) -> 43-44 animals total, i.e. ~14-15 per group. Consistent with n = 15; the sheet's n is fine for merged_437-442.
- Enzyme activities (Fig. 4): every test is F2,24 (acclimation) and F4,96 (temperature) -> N - 3 = 24, so only 27 animals total, i.e. 9 per group. This contradicts n = 15 for the eight enzyme rows (merged_443-450). Reported as a finding.","Three acclimation temperatures, held for 28 d: 14.1 +/- 0.06, 17.2 +/- 0.03 and 22.2 +/- 0.04 degC (p. 734). The paper states 22 degC ""represents water temperature at the collection site, which is also the current southernmost (coolest) limit of the fish"", and all fish were held at 22.0 +/- 1.5 degC for 14 d before allocation. 22 degC is therefore unambiguously the correct control/reference, and the sheet's assignment (t2 = 22 in all 14 rows; t1 = 14 or 17) is right. dose (t1 - t2) = -8 and -5 is correct. Ramping was 2 degC/d and those days were excluded from the 28 d, correctly reflected in total_trt_duration = 28 days.","Yes - the design crosses acclimation temperature with ACUTE TEST TEMPERATURE as a within-subject repeated measure: every mitochondrial and enzyme assay was run at 12, 14, 17, 22 and 26 degC (Methods pp. 734-735; Statistical Analysis p. 736: ""Experimental temperatures (12, 14, 17, 22, and 26 degC) were treated as repeated measures""). There is no other manipulation - no UV, hypoxia, diet, CORT, drug or salinity treatment - so criterion 3 is satisfied and the study is admissible.

All 14 sheet rows were digitised from the 22 degC acute-test-temperature column of each panel, which I verified panel by panel. This is the defensible baseline choice and matches the extractor note (""we are only including data from 22C assay temperature as this is the temperature of the control group""): 22 degC is both the holding temperature and the control group's acclimation temperature, so the control cell is at its own thermal baseline. No rows come from a non-baseline level of the second factor. Worth recording as a moderator/caveat only: because a common 22 degC assay temperature was used, the 14 and 17 degC groups are measured 5-8 degC above their acclimation temperature, so these effect sizes are ""common-garden"" contrasts rather than each-at-its-own-temperature contrasts. Not flagged as a defect.

Non-independence is heavy and correctly annotated: all 7 measures come from the same 15 fish per group, and the same animals contribute the other four acute test temperatures (not extracted). RCR is additionally the arithmetic ratio of the state 3 and state 4 rows, so merged_437-442 are three non-independent effect sizes on one set of animals. The sheet's sample_depend column handles this.","Correct. Animals were juvenile Oreochromis mossambicus, and the paper states explicitly on p. 734: ""Fish were sexually immature, so sex was not included as a factor in the experimental design."" Treatment therefore ran entirely pre-sexual-maturity and did not span into maturity, so criterion 1 is met and criterion 3's ""treatments spanning development into sexual maturity"" exclusion does not apply. The coding stage = postnatal is right (free-living juvenile fish, no prenatal exposure), and the prenatal_* fields are correctly left empty. Ages are not given in the paper; the extractor's estimate (postnatal_trt_start = 66.5 d, from a median sexual-maturity age of ~105 d) is a documented, reasonable imputation, but the start/end/duration fields do not reconcile with each other and the measure-delay field is mis-sourced - both reported as low-severity findings. sex = ""both"" is a defensible placeholder given the paper could not sex the fish.","All 14 rows traced to a specific panel.

- merged_437/438 (muscle state 3, ADP-stimulated) -> Fig. 3 panel A (p. 737), 22 degC test-temperature column. VALUE PROBLEM (log axis read as linear) - see findings.
- merged_439/440 (muscle state 4, leak) -> Fig. 3 panel B (p. 737), 22 degC column. Same VALUE PROBLEM.
- merged_441/442 (muscle RCR) -> Fig. 3 panel C (p. 737), 22 degC column. Linear axis (2-12); digitised values (14 degC 6.11, 17 degC 4.30, 22 degC 9.63) match the plotted points and the text statement that RCR peaked at 22 degC in the 22 degC-acclimated group. CLEAN.
- merged_443/444 (muscle CCO) -> Fig. 4D (p. 738). Plotted at 22 degC: 14 degC accl ~2.1, 17 degC accl ~1.93, 22 degC accl ~1.79; sheet 2.111 / 1.948 / 1.788. CLEAN, ref correct.
- merged_445/446 (liver CCO) -> Fig. 4C (p. 738). Plotted at 22 degC: 14 degC accl ~6.2, 17 degC accl ~5.3, 22 degC accl ~3.6; sheet 6.146 / 5.215 / 3.580. Values CLEAN but `ref` says figure4b - see findings.
- merged_447/448 (liver LDH) -> Fig. 4A (p. 738). At 22 degC: 14 degC accl ~9.5, 17 degC accl ~8.7, 22 degC accl ~3.9; sheet 9.508 / 8.694 / 3.887. CLEAN, and consistent with the text (XY > Z, F2,24 = 7.120, P < 0.01).
- merged_449/450 (muscle LDH) -> Fig. 4B (p. 738). At 22 degC the three curves overlap almost exactly (~205-212); sheet 204.4 / 210.8 / 210.1 is within digitising noise of three superimposed symbols. CLEAN, ref correct.

Autoflags: all 7 were [SHARED CONTROL] flags. All 7 are FALSE ALARMS in the sense that they are correct and already properly annotated. The design genuinely has one 22 degC group (n = 36 allocated, 15 sampled for tissues) that is legitimately re-compared against both the 14 degC and the 17 degC groups, and the sheet encodes this with sample_depend = 1 (14 vs 22) / 2 (17 vs 22) and control_multiple_comparisons = ""yes"". A second, deeper layer of dependence is also correctly encoded: Methods (p. 735, ""Enzyme Activities"") state ""Enzyme activities were measured in tissue samples taken from the same individuals used for mitochondrial respiration"", so all 7 measures (muscle state 3/state 4/RCR/CCO/LDH and liver CCO/LDH) come from the same 15 fish per group - the shared sample_depend value across all rows of a contrast captures this. No shared-control finding raised.

Dismissed, also checked and NOT reported: (a) the Fig. 3 caption text labels only ""(A)"" (state 3 and state 4) and ""(B)"" (RCR), but the printed panel letters inside the figure are A, B and C, so the sheet's figure3a/figure3b/figure3c refs match the printed panels and are correct; (b) mito_efficiency_dir: state 3 = 1, state 4/leak = 0, RCR = 1, CCO = 1, LDH = 0 - all consistent with the schema rules; (c) measurement_category: respiration for Fig. 3 rows, ""metabolic capacity"" for CCO, ""non-mitochondrial metabolic pathways"" for LDH - all correct per the schema; (d) units ""umol O2 / min / mg protein"" and ""units/g wet tissue"" match the figure axes and Methods exactly; (e) mito_preparation ""isolated"" for the Fig. 3 rows is correct (isolated mitochondria, 1,400 g / 9,000 g differential centrifugation, p. 735); (f) method citations in the sheet (Brand 1990; Birkedal and Gesser 2004; Bouchard and Guderley 2003; Seebacher et al. 2003; St. Pierre et al. 1998) all match the paper."
N5,True,4,"PDF is Sant'Anna, G.M. & Mortola, J.P. (2003) ""Thermal and respiratory control in young rats exposed to cold during postnatal development"", Comparative Biochemistry and Physiology Part A 134: 449-459 (received 5 Aug 2002, accepted 29 Oct 2002). Species: pathogen-free male Sprague-Dawley rats (Rattus norvegicus), Mammalia. This matches the sheet's study metadata (year 2003, Rattus norvegicus, Sprague Dawley, class Mammalia); the sheet's `author` field is garbled as ""San't Anne"" (should be Sant'Anna), which is cosmetic only. Note the same folder contains the companion paper ""Sant'Anna & Mortola 2002_Noble6"" (the caloric-restriction/growth study) - a different paper, so there is no duplicate-data risk between N5 and N6 for this row.","SEM. Methods section 2.5 (""Number of animals, and statistical analysis"", p. 452): ""We used five litters per group, each litter with six animals. Then, measurements were performed on four animals/litter, chosen randomly among the six, for a total of N=20 per group. All data are reported as means +/- 1 S.E.M."" The Table 1 footnote repeats it: ""Values are group means +/- 1 S.E.M. Number of animals was 20 in each group."" The sheet correctly puts 8 and 6 in se_t1/se_t2 (the values printed in Table 1) and does not leave sd == se, so the SEM was recognised and converted; the only issue is the n used in the conversion (see findings).","Paper states N = 20 per group for Table 1 (Methods 2.5 and Table 1 footnote), arising from 5 litters/group x 4 of 6 pups measured. The sheet uses n_t1 = n_t2 = 5, i.e. litters, deliberately: the extractor note says ""Sample size is five independent litters, even though say n = 20 / treatment. Avoid pseudoreplication use a conservative sample size"". The pseudoreplication concern is legitimate (the unit of temperature assignment was the litter - ""At day 1, the litter was assigned to one of two groups""), but the paper's printed SEM is an N=20 SEM, so pairing it with n=5 via sd = se*sqrt(5) is internally inconsistent (finding 2).","Two groups, assigned at the litter level on postnatal day 1 (Methods, p. 452): Control litters ""continued to grow at the same ambient conditions"", i.e. the colony/dam temperature of Ta ~23 degrees C; Cold litters ""were raised at 14 degrees C from day 1 to 21"" (in a fridge with the door ajar, Ta held steadily at 14 degrees C by thermocouple). So the biologically appropriate control/reference is 23 degrees C and the treatment is 14 degrees C (cold). The sheet has this backwards: t1 (treatment slot) = 23 with mean_t1 = 100 (the Control column of Table 1) and t2 (control slot) = 14 with mean_t2 = 161 (the Cold column). `dose` = 9 degrees C is the correct magnitude of the differential either way. The reversal is not a sheet-wide convention: across the other 40 study files t2 is consistently the repeated reference value (e.g. '22' in N17, '20' in s29, '28' in s44, '37' in Stier s2/s33, and literally 'control' in s59), so N5 is the odd one out.","No second developmental manipulation - developmental temperature (14 vs 23 degrees C, days 1-21) is the only factor, both groups had free access to food and water, and no drugs or supplements were given during the treatment window. The study does apply ACUTE challenges at the time of measurement (days 30-34): acute ambient temperatures of 5, 15, 25 and 35 degrees C, acute hypoxia (10% O2) and acute hypercapnia (5% CO2), plus halothane anaesthesia for telemetry implantation and terminal barbiturate. These are measurement conditions applied identically to both groups, not crossed developmental treatments, and the extracted UCP row comes from terminal tissue sampling after all of them (""On termination of the physiological measurements...""), so it is not drawn from a non-baseline level of a second factor. The acute-Ta and gas rows (Fig. 2, Tables 2-3) were correctly not extracted.","Correct and unambiguous. Cold exposure ran postnatal day 1 to 21 in male Sprague-Dawley rats; tissue was collected at postnatal days 30-34 (Table 1 gives age 33 +/- 0.5 and 33 +/- 0.1 days). Male rats reach sexual maturity at roughly 6-7 weeks, so the entire treatment and the measurement precede sexual maturity - inclusion criteria 1 and 3 are satisfied. Sheet coding is right: stage = postnatal, postnatal_trt_start = 1, postnatal_trt_end = 21, dur_trt_postnatal = 20 days, total = 20 days, prenatal fields blank (the dam was housed at ~23 degrees C throughout pregnancy, so there was no prenatal thermal manipulation). postnatal_measure_delay = 11 days is consistent with sampling at day 30-34 after treatment ended on day 21 (true range 9-13 days). Shared controls are not an issue: this is a single row, sample_depend = 1 and control_multiple_comparisons = ""no"" are appropriate.","Only one row exists (merged_421) and I traced it to a specific line of a specific table. Sheet `ref` = ""table1""; Table 1 (""Hematocrit, lung and BAT"", p. 454) lists two UCP lines: ""UCP/actin (% of Control): 100 +/- 16 vs 153 +/- 10, P<0.01"" and ""UCP/wet tissue (% of Control): 100 +/- 8 vs 161 +/- 6, P<0.001"". The sheet's values (100 +/- 8 se; 161 +/- 6 se) and its `units` string ""protein/wet mass (% of control)"" unambiguously identify the UCP/wet-tissue line, so the correct row of the table was taken, measure identity (UCP, Western blot, Methods 2.4 p. 452, citing Mortola & Naso 1997) is right, tissue is right (interscapular brown adipose tissue; sheet tissue = ""brown adipose tissue"", tissue_sum = ""adipose""), and mito_efficiency_dir = 0 is right for uncoupling protein. The UCP/actin line and BAT total protein (69.1 vs 114.0 mg/g) were not extracted - appropriate, since extracting UCP/actin as well would double-count the same measure. No physiological rows (VO2, ventilation, Tb, lung DNA/protein) belong in a mitochondrial-function sheet. Automated flags: none were raised for N5, so nothing to confirm or dismiss. The four problems I do report are: reversed t1/t2 group assignment, the SD-from-SEM/n scaling, sex coded ""both"" for an all-male study, and an arguable measurement_category."
Recio8,True,3,"The PDF is Li S, Li J, Chen W, Xu Z, Xie L, Zhang Y (2021) ""Effects of Simulated Heat Wave on Oxidative Physiology and Immunity in Asian Yellow Pond Turtle (Mauremys mutica)"", Frontiers in Ecology and Evolution 9:704105, doi 10.3389/fevo.2021.704105 (11 pp.). This matches the sheet metadata exactly: citation Li_et_al_2021, author Li, year 2021, class Reptilia, genus Mauremys, species mutica, common name ""Asian yellow pond turtle"".","SEM. Statistical Analysis, p. 4: ""Data are expressed as the mean +/- SE."" Every figure caption repeats it: Figure 1 (p. 4), Figure 2 (p. 5), Figure 3 (p. 5), Figure 4 (p. 6) and Figure 5 (p. 6) all read ""Data were represented as mean +/- standard error (SE)"". No SDs, CIs or ranges are reported anywhere; Table 2 (p. 4) gives only F/H and P values. The sheet handles this correctly in principle - all 20 group entries satisfy sd = se x sqrt(10) exactly, and 18 of the 20 se values match the error bar I measured in the figure. The two exceptions are the findings above: merged_389 se_t2 (sheet 0.193 vs plotted ~0.62, so its sd is really the plotted SEM) and merged_388 se_t1 (sheet 0.0030 vs plotted ~0.19).","n = 10 per group. Experimental Procedure, p. 3: 30 yearling turtles total; ""ten randomly selected turtles were left in the incubator and defined as the 'control group' (n = 10)""; ""randomly selected ten turtles which had been exposed to heat waves (heat wave group, n = 10)""; ""recovery group, n = 10"". Table 2 (p. 4) reports F(2,27) for TAC, CAT and SOD in both tissues and for muscle MDA/GSH, consistent with 30 animals in 3 groups. The sheet's n_t1 = n_t2 = 10 on all 10 rows is correct. (The only smaller n in the paper is the HSP qPCR, 4 individuals per group, F(2,9), Fig 5 - no HSP rows were extracted, so this does not affect the sheet.)","Three thermal groups (p. 3): (1) control, held at a fluctuating 28 +/- 4 C ten-step daily ramp for the 1-week experimental period - this is the acclimation regime and the stated set-point range of M. mutica (25-29 C), so it is the biologically appropriate reference; (2) heat wave, a fluctuating 35 +/- 4 C ramp for 1 week (peaks of 37-39 C for ~5 h/day, ~2 C below the species' CTmax of ~41 C); (3) recovery, 1 week heat wave then 1 week back at 28 +/- 4 C. The sheet assigns the heat-wave group to t1 (treatment) and the 28 C control to t2 (reference), which is the correct orientation, and every mean I checked is from the heat-wave bar rather than the recovery bar. The recovery group was correctly excluded (its animals had a second, sequential thermal manipulation and a 10-day delay). The only problem is the numeric value of t1: coded 34 C rather than the stated 35 C, with dose 6 rather than 7 (see findings).","No. Temperature is the only manipulated factor; it is not crossed with UV, hypoxia, diet, CORT, salinity or an acute assay temperature. All turtles were housed identically (individual boxes, 5 cm water, 13L:11D, the same commercial diet fed daily at 10:00, daily water changes) and received no drugs or supplements (pp. 2-3). Assays were run with standard commercial kits at fixed wavelengths, so there is no acute test-temperature factor. The only other level of any second factor is the sequential recovery period, and the extractor explicitly excluded that group - so all 10 sheet rows come from the baseline design (heat wave vs control, sampled immediately after the 1-week exposure). Note that the 10 rows do share a single control group: the same 10 control turtles supply mean_t2 for all five assays in both tissues, and the same 10 heat-wave turtles supply mean_t1. sample_depend = 1 captures this; control_multiple_comparisons = ""no"" is also right, because only one treatment arm was extracted, so the control is not re-used across multiple treatment levels.","Yes, animals were well before sexual maturity. The subjects were ""30 yearling M. mutica (carapace length 53.0 +/- 0.6 mm; body weight 30.4 +/- 1.1 g)"" purchased from a farm in late July 2018 (p. 3) - juveniles far below maturity size for this species. The manipulation was entirely post-hatching, so stage = ""postnatal"" is correct and leaving all prenatal fields (prenatal_trt_start/end/dur/unit, prenatal_measure_delay) blank is correct. Duration coding is right: 1 week of heat wave (dur_trt_postnatal = 7 days, total 7 days), and postnatal_measure_delay = 0 days matches sampling between 07:00 and 09:00 immediately at the end of the exposure week. One caveat I judged not worth a finding: the paper never states an age, only ""yearling"", and the sheet encodes postnatal_trt_start = 546 d / end = 553 d (an assumed 1.5 years, disclosed in the extractor note). A yearling bought in late July, from a species hatching the previous late summer/autumn, is closer to 330-380 days old, and treatment actually began after a further 1-week acclimation. Either figure leaves the animals pre-maturity, so the stage classification and inclusion are unaffected. Separately, a scope judgement for the review team rather than an extraction error: this is an acute 1-week heat wave applied to a ~1-year-old juvenile and framed by the authors as acute heat stress, not a developmental-plasticity design; it satisfies inclusion criterion 1 as written (temperature manipulated experimentally before sexual maturity), but it sits at the ""acute stress in a juvenile"" end of that definition.","All 10 rows were traced to a specific panel. Figure 1 (p. 4, MDA) -> merged_381 (liver) and merged_386 (muscle); Figure 2A (p. 5, TAC) -> merged_382/merged_387; Figure 2B (CAT) -> merged_383/merged_388; Figure 2C (GSH-Px) -> merged_384/merged_389; Figure 2D (SOD) -> merged_385/merged_390. Means and error bars were re-measured by pixel-analysing 400-dpi renders of pp. 4-5 against each panel's y-axis tick calibration (Fig 1: 393 px/unit; Fig 2A: 316 px/unit; 2B: 15.82 px/unit; 2C: 21.08 px/unit; 2D: 0.903 px/unit). Agreement with the sheet was good everywhere (liver GSH-Px control measured 12.65 +/- 2.04 vs sheet 12.82 +/- 2.015; liver TAC heat wave 1.399 +/- 0.228 vs sheet 1.406 +/- 0.238, etc.). The muscle bars in Fig 2B and 2D sit on 0-40 and 0-700 axes, so those means carry a systematic ~0.3 U (CAT) / ~5 U (SOD) digitising offset that applies equally to both groups and does not change the contrast - not reported. Group assignment was verified against the recovery bar in every panel; no row was taken from the recovery group. Units (nmol/mgprot, U/mgprot), tissue (liver, skeletal muscle), measure identity, descrp_measure, measurement_methods (532 nm TBA, Fe2+-o-phenanthroline, H2O2 at 405 nm, GSH consumption at 412 nm, cytochrome c reduction at 550 nm), measurement_category and mito_efficiency_dir (MDA = 0; TAC/CAT/GSH-Px/SOD = 1) are all correct. mito_preparation ""homogenate"" is right - the paper used commercial kits (Nanjing Jiancheng) on tissue and never isolated mitochondria or permeabilised cells. AUTOMATED FLAGS: none were raised for this study, and I confirm the sd==se check could not fire - every one of the 20 group entries has sd = se x sqrt(10) exactly. Correctly not extracted: organo-somatic indices (Fig 3), lysozyme/C3/C4 (Fig 4), HSP60/70/90 mRNA (Fig 5, n = 4), IBR (Fig 6), and the recovery group throughout. Supplementary Figure 2 / Supplementary Table 1 (the ten-step daily ramp) are not bundled in this PDF, so the daily temperature profile could only be checked against the in-text descriptions."
Wild7,True,6,"PDF is Leo E., Graeve M., Storch D., Poertner H.-O., Mark F.C. (2020) ""Impact of ocean acidification and warming on mitochondrial enzymes and membrane lipids in two Gadoid species"", Polar Biology 43:1109-1120, doi 10.1007/s00300-019-02600-6 (received 2019, published online 13 Nov 2019, 2020 issue). This matches the sheet metadata (author Leo, year 2020) and both species coded in the sheet: polar cod Boreogadus saida (Actinopterygii) and Northeast Arctic Atlantic cod Gadus morhua. No identity mismatch.","SEM. Data analysis, p.1112: ""Values are given as mean +/- SEM if not stated otherwise."" Confirmed in every relevant caption: Table 1 ""Values are given as means +/- SEM"" (p.1111); Fig 1 ""Values are given as means +/- SEM"" (p.1113); Fig 2 ""Values are presented as means +/- SEM"" (p.1113); Fig 3 ""Values are reported as means +/- SEM"" (p.1114); Table 2 ""means +/- SEM"". The sheet handled this correctly in principle - the se_* columns hold the digitised error bar (pixel-verified as SEM in 25+ cells) and sd_* = se_* x sqrt(n) - but the conversion used n = 12 in all 60 cells, so all SDs are wrong in magnitude (see finding 1). Two cells (merged_415, merged_420 t2) have sd = se = 0.","Two different numbers appear in the paper and the sheet took the wrong one. Methods p.1111: fish ""randomly allocated to temperature and PCO2 treatment groups (n = 12 for each group)"" - this is the allocation at the start of the 4-month incubation. Sampling p.1111: only half the survivors were used in this paper, and ""Mean length, weight and number of the specimens used this study are given in Table 1."" Table 1 (p.1111), control (400 uatm) groups only: polar cod 0 C n=6, 3 C n=6, 6 C n=6, 8 C n=5; NEAC 3 C n=3, 8 C n=3, 12 C n=6, 16 C n=3 (high-PCO2 groups, not used here: polar cod 6/6/5/4; NEAC 6/4/5/3). The sheet records n_t1 = n_t2 = 12 for all 30 rows, so it does NOT match the paper for any row; it overstates n by 2-4x. The reported ANOVA dfs (polar cod CCO F3,32; polar cod CCO:CS/CI:CIII/SDH F3,33 and F1,33; NEAC CS and CCO:CS F3,16; NEAC CCO F3,20; NEAC SDH F3,21) are consistent with Table 1's small samples (and in the NEAC CS/CCO:CS case imply even fewer, ~3 per cell) and are incompatible with n=12 per cell.","Polar cod (Boreogadus saida): 0, 3, 6, 8 C; NEAC (Gadus morhua): 3, 8, 12, 16 C, each crossed with two PCO2 levels, 4 months (Abstract p.1109; Methods p.1111; Introduction p.1111 ""either their present ambient or at elevated temperatures""). The lowest temperature in each species is the ambient/reference level (polar cod thermal range around Svalbard -2 to +7 C; NEAC -1.5 to 10 C, p.1110), so the biologically appropriate controls are 0 C for polar cod and 3 C for NEAC. The sheet assigns exactly that: polar cod rows have t2 = 0 with t1 = 3, 6, 8; NEAC rows have t2 = 3 with t1 = 8, 12, 16. Control/treatment orientation (t1 = treatment, t2 = control) is correct in all 30 rows, and dose = t1 - t2 (3/6/8 and 5/9/13) is consistent. Caveat, not an error: fish were held at ~5 C before the incubation, so the 0 C polar cod ""control"" is itself a mild cold shift relative to pre-treatment holding.","Yes - two crossed manipulations, and a third confound.
(1) PCO2: 4 temperatures x 2 PCO2 (400 uatm control vs 1170 uatm high) cross design (Methods p.1111). All 30 sheet rows come from the BASELINE level (400 uatm, the white/stippled-white bars). I verified this by pixel-matching every mean to the white bar rather than the grey bar in Figs 1a-d, 2a-d, 3a-b; no row comes from a high-PCO2 bar. This satisfies criterion 4, and the design is not one where every animal received a second manipulation (a true 400-uatm control exists), so the study is includable on that basis.
(2) Acute assay temperature: each sample was assayed at all four temperatures, and Figs 1-3 plot only the value measured at that group's own acclimation temperature (captions p.1113-1114; x-axis ""Acclimation and assay temperature""). Every extracted contrast therefore differs in acute assay temperature as well as developmental temperature - a non-baseline level of a crossed factor. Reported as a finding (inclusion-criteria).
(3) No drugs/supplements; feeding was ad libitum commercial pellets for all groups (p.1111).","Yes, animals were pre-sexual-maturity. The paper states ""Juveniles of the two species were held for four months at four temperatures"" (Abstract p.1109) and ""juvenile polar cod were caught... Juvenile NEAC were caught during the RV Heincke cruise HE408"" (Methods p.1111). Sizes in Table 1 (polar cod 15-17 cm; NEAC 18-27 cm, 52-180 g) are well below maturity size for both species, and the 4-month treatment ended before maturity, so criterion 1 is met and the treatment did not span into sexual maturity.
Stage coding is correct: stage = ""postnatal"", prenatal_* fields empty (fish were wild-caught post-hatch juveniles; no embryonic exposure), postnatal duration 120 days for the stated 4 months, measure delay 4 days (matches the 4-day fast before sampling, p.1111).
Caveat on the imputed ages (documented in the extractor note, not a data error): the paper gives no ages, so post_natal_trt_start was imputed as half the age at maturity - 456.25 d (1.25 y) for polar cod and 1277.5 d (3.5 y) for NEAC. The polar cod figure is plausible (caught Jan 2013 as juveniles, incubation from June 2013, maturity at 2-3 y). The NEAC figure of 3.5 y is likely too old for 18-27 cm, 50-180 g Northeast Arctic cod (typically age 2-3), so any age-based moderator for the NEAC rows should be treated as weakly informed. Sex = ""both"" is also an undocumented assumption (the paper does not report sex).","All 30 rows traced to a specific panel and pixel-verified at 600 dpi against the rendered figures (axis tick calibration + bar-top and error-cap detection).

Mapping: polar cod rows merged_391-405 = Fig 1a (CS), 1b (CCO), 1c (CI:CIII), 1d (SDH) on p.1113 and Fig 3a (CCO:CS) on p.1114, white (400 uatm) bars, 0 C control vs 3/6/8 C. NEAC rows merged_406-420 = Fig 2a-d on p.1113 and Fig 3b on p.1114, white (400 uatm) bars, 3 C control vs 8/12/16 C.

Means: all 30 t1 means and all t2 means fall on the correct white (control-PCO2) bar of the correct panel. Examples of exact agreement (measured vs sheet): Fig1a 3 C 2.797 vs 2.818; Fig1b 0 C 0.905+/-0.102 SEM vs 0.922+/-0.095; Fig1c 8 C 0.714+/-0.224 vs 0.724+/-0.216; Fig2a 3 C 6.774+/-0.240 vs 6.880+/-0.250; Fig2c 8 C 0.352+/-0.146 vs 0.365+/-0.135; Fig2d 8 C 0.0584+/-0.0017 vs 0.0597+/-0.0015; Fig3a 8 C 0.521+/-0.071 vs 0.521+/-0.071; Fig3b 12 C 0.723+/-0.039 vs 0.728+/-0.038. Units (U mg FW-1; ratio), tissue (heart homogenate supernatant), mito_preparation, mito_efficiency_dir (=1 for all, correct: CS, CCO, SDH, CI:CIII capacities and the CCO:CS efficiency ratio), measurement_category (metabolic capacity) and the verbatim assay-method text all check out. postnatal_measure_delay = 4 days matches ""Sampling took place after four days of fasting"" (p.1111). dose = t1 - t2 is internally consistent.

Not reported (digitising imprecision, small in absolute terms): merged_394 t1 (SDH polar 3 C) sheet 0.0827+/-0.0070 vs measured 0.0737+/-0.0158 (12% high mean, 0.009 U/mg absolute); the three NEAC 12 C rows have SEMs ~2x too small (merged_411 CS 0.089 vs 0.186; merged_413 CI:CIII 0.0159 vs 0.0237; merged_414 SDH 0.0024 vs 0.0058) while merged_412 CCO is 0.096 vs 0.055 (too large) - no systematic pattern, so treated as click noise rather than a panel/row error.

Autoflags verified:
- CONFIRMED: sd_t2 = 0 for merged_415 and merged_420 (see finding 2).
- CONFIRMED (partly): both ""EXTREME effect"" flags (merged_410 SMDH~11.5, merged_417 SMDH~8.8) are NOT wrong-panel reads - Fig 3b really shows CCO:CS 0.230 (3 C) -> 0.600 (8 C) with ~0.005 SEMs, and Fig 2b really shows CCO 1.556 -> 3.71 with SEM <=0.12. They are amplified, not caused, by the extraction errors: with the paper's true n (3 per group) the SDs shrink further and the SMDs grow (~23 and ~13). Flagged indirectly through findings 1, 3 and 4 rather than as a value error.
- DISMISSED: ""sd_t1 == sd_t2 exactly (0.0318392)"" for merged_410 - in Fig 3b the 3 C and 8 C control error bars are both genuinely ~0.005 ratio units (4-6 px), so identical digitised values are plausible; no separate error beyond the n problem.
- DISMISSED as a defect (but see finding 3): all six SHARED CONTROL flags. The design genuinely has one control group per species (polar cod 0 C, NEAC 3 C; Methods p.1111, 4x2 cross design) re-used for three temperature contrasts each, and the sheet already sets control_multiple_comparisons = yes. The sharing itself is real; only the inconsistent values in two of those shared cells are a problem."
WildNew1,True,9,"PDF = Ghanizadeh Kazerouni E., Franklin C.E. & Seebacher F. ""UV-B radiation interacts with temperature to determine animal performance."" Functional Ecology 2016, 30: 584-595 (doi 10.1111/1365-2435.12520; (c) 2015, volume year 2016). Matches the sheet metadata: author ""Kazerouni_et_al"", year 2016, Actinopterygii, Gambusia holbrooki, mosquito fish. Species, class and common name are correct. (The PDF filename says 2015 = online year; 2016 is the volume year, so the sheet's year is fine.)","SEM. Statistical analysis section, p. 587 (PDF p. 4): ""Data are presented as means +/- standard error of the mean (SEM)."" Every relevant figure caption repeats it: Fig. 5 (p. 591), Fig. 6 (p. 592), Fig. 7 (p. 593) all end ""Values are expressed as mean +/- SEM."" The sheet therefore has to convert: the eight enzyme rows do so correctly (sd = se*sqrt(7) exactly in every cell), while the two damage rows (kris_n_468, kris_n_469) carry the converted SD in BOTH the sd and se columns - the sd values are right, the se values are wrong (see low-severity finding; the automated ""SE copied into SD"" diagnosis is inverted).","The paper only ever gives ranges, never exact per-group n. Antioxidant enzyme assays (Methods p. 586): ""using tail muscle from 6 to 8 fish from each experimental group"" - so n_t1 = n_t2 = 7 on rows kris_n_460 to kris_n_467 is the midpoint of the stated range and is defensible, but it is an assumption, not a reported value. Lipid peroxidation (p. 586) and protein carbonyl (p. 587): NO sample size is reported at all (only ""Assays were conducted in duplicate""), so n = 7 on kris_n_468/469 is inferred from the enzyme-assay range; this is relevant to inclusion criterion 2 (a reported sample size). For context, Ucrit and metabolic rate used ""5-8 fish from each treatment group"" (p. 586) but those traits are not extracted. Group sizes at the husbandry level were 3 tanks x 15 fish per treatment (p. 585), so the assay n is a subsample and tank is the true unit of assignment.","Three experimentally assigned acclimation temperatures - 18, 28 and 32 C - ""which represented temperatures experienced during winter, summer and a higher extreme, respectively"" (Methods p. 585), reached by ramping 1-2 C/day over ~1 week and then held 4 weeks. Crucially the appropriate reference differs by cohort, because the two cohorts are effectively separate experiments: for summer-caught fish 28 C is the natural/average temperature (the paper: 28 C ""represents the average environmental temperature experienced by this cohort"", Fig. 1 caption p. 588; holding tanks were 26-28 C), and for winter-caught fish 18 C is the natural temperature (holding 16-18 C). The sheet follows exactly this logic and it is biologically correct: rows kris_n_460/461/464/465 use t2 = 28 C as the control (summer cohort) and rows kris_n_462/463/466/467 use t2 = 18 C (winter cohort), with dose = t1 - t2 correct on every row. The problem is not the temperature assignment but (a) the acute assay temperature differing between the two cells of each contrast (critical/high findings) and (b) rows kris_n_468/469, which are labelled with the summer convention (t2 = 28 C) yet whose values come from the winter panels of Fig. 5 (one of them from a UV-exposed bar).","Yes - two additional crossed factors, and both intrude on these rows. (1) UV-B (present/absent) is fully crossed with acclimation temperature (Methods p. 585: six treatment groups = UV-B and no-UV-B at each of 18, 28, 32 C; UV-B 3 h/day, 1188 J m-2 daily dose). Eight of the ten rows correctly come from the no-UV Control (black) bars; the exception is kris_n_468, whose control cell (2.5207, sd 0.48993) matches the UV-B-exposed winter 28 C bar of Fig. 5d (2.522, SEM 0.187 -> SD 0.495), i.e. a non-baseline level of the second factor. (2) Acute test/assay temperature (18, 28, 32 C) is a third crossed factor for the enzyme assays (Methods p. 586: ""Antioxidant enzyme assays were conducted at 18, 28 and 32 C""; Figs 6-7 x-axes). All eight enzyme rows (kris_n_460-467) pair cells measured at DIFFERENT acute test temperatures - generally the test temperature matched to each group's own acclimation temperature - so no single baseline level of that factor is used; with a SOD test-temperature F of 129-149 (Table 7, p. 592) this inflates the SOD contrasts up to ~4x. Note also the paper's ""developmental condition"" factor is season of capture (summer- vs winter-caught wild cohorts), which is field seasonality rather than an assigned developmental temperature.","Not verifiable from the paper, and probably not pre-maturity. Fish were wild-caught ""juvenile"" mosquitofish (p. 585), but only males were then used - ""Male mosquito fish were then transferred to a controlled temperature room"" - and in Gambusia sex is identified from the gonopodium, which forms at sexual maturation, so the 4-week exposure plausibly spanned or followed maturation. The paper reports no ages, masses or lengths, and describes the temperature exposure as acclimation (Table 8, p. 593, separates ""developmental condition"" = cohort/season of capture from ""acclimation"" = the assigned temperature). The sheet codes stage = postnatal (correct in the trivial sense - Gambusia are livebearers and these were free-swimming fish, with all prenatal fields blank), but its postnatal_trt_start = 35 d / end = 63 d / dur = 28 d come from FishBase life-history estimates (stated in the extractor's note), not from the paper; total_trt_duration = 28 d also omits the ~7-day temperature ramp. postnatal_measure_delay = 0 is correct (fish were euthanised immediately after the acclimation period, p. 586).","All 10 rows traced to specific panels/bars. Because the paper reports no tables of means, I digitised every bar in Figs 5, 6 and 7 with pixel analysis (axis calibrated from the plot frame: Fig 5a,b 0-12; 5c,d 0-5; Fig 6 0-1.5; Fig 7 0-10; script at /private/tmp/claude-501/-Users-noble-Library-CloudStorage-Dropbox-1-Research-1-Manuscripts-In-Preparation-mito-meta-temp/31e1c27c-1d57-44f0-8935-b0c15f6aafc8/scratchpad/measure3.py, page renders in .../scratchpad/figs/). Reference values I obtained (control/no-UV bars only, in panel order of acute test temperature 18/28/32 for Figs 6-7):
Fig 7 SOD - 7a summer18C: 0.70, 2.10, 4.71; 7b summer28C: 0.68, 1.40, 3.12; 7c summer32C: 1.01, 2.10, 8.09; 7d winter18C: 1.35, 2.00, 5.56; 7e winter28C: 1.09, 2.78, 7.56; 7f winter32C: 1.55, 2.66, 6.09.
Fig 6 CAT - 6a summer18C: 0.81, 0.82, 0.81; 6b summer28C: 0.68, 0.55, 0.48; 6c summer32C: 0.50, 0.53, 0.51; 6d winter18C: 0.47, 0.41, 0.36; 6e winter28C: 0.62, 0.58, 0.49; 6f winter32C: 0.58, 0.56, 0.38.
Fig 5 (x-axis = acclimation temp 18/28/32) - 5a summer protein carbonyl ctrl 6.62/7.36/5.03, UV 6.76/6.04/7.13; 5b winter PC ctrl 7.51/5.21/6.53, UV 9.15/10.60/4.70; 5c summer MDA ctrl 2.51/2.51/3.43, UV 3.60/2.01/4.30; 5d winter MDA ctrl 1.38/0.93/2.30, UV 3.06/2.52/1.87.
Row-by-row provenance: kris_n_460 t1=7a control@18C test, t2=7b control@28C test; 461 t1=7c control@32C test (8.0918 vs sheet 8.09524 - exact), t2 same as 460; 462 t1=7e control@28C test, t2=7d control@18C test (1.3527 vs sheet 1.34698); 463 t1=7f control@32C test (SD 1.981 vs sheet 1.995), t2 same as 462; 464 t1=6a control@18C test, t2=6b control@28C test; 465 t1=6c control (28C or 32C test bar), t2 same as 464; 466 t1=6e control (18C or 28C test bar), t2=6d control@18C test; 467 t1=6f control@28C test, t2 same as 466; 468 t1=5d winter-18C control, t2=5d winter-28C UV-B bar; 469 t2=5b winter-18C control (7.5066 vs sheet 7.50754 - exact), t1 unmatched to any bar in Fig 5a/b. Verification of the automated flags: the four SHARED CONTROL flags are genuine (the paper has one no-UV control group per cohort x acclimation temperature, so the summer-28C and winter-18C groups really are each re-used as the reference for two contrasts) - reported below only as a dependency-coding issue, not as an extraction error. The four sd==se flags on kris_n_468/469 are real as a column defect but the automated diagnosis is inverted: the sd values are correctly converted SDs (figure SEM x sqrt(7)), and it is the se column that wrongly holds the SD - see the low-severity finding. Not checked/not applicable: Figs 1-4 and Tables 1-5 (swimming performance, metabolic rate) are not extracted into any row; mito_ambiguity is blank on all rows even though SOD/CAT/MDA/carbonyls were assayed in whole tail-muscle homogenate supernatant (10,000 g) and are therefore not mitochondria-specific - worth a convention check against the rest of the sheet. Also note only 2 of the 8 possible damage contrasts were extracted (summer 32-vs-28 and all winter damage contrasts are missing)."
WildNew2,True,3,"PDF is Arjona FJ, Ruiz-Jarabo I, Vargas-Chacoff L, Martin del Rio MP, Flik G, Mancera JM, Klaren PHM (2010) ""Acclimation of Solea senegalensis to different ambient temperatures: implications for thyroidal status and osmoregulation."" Marine Biology 157:1325-1335, DOI 10.1007/s00227-010-1412-x. This matches the sheet metadata exactly (author Arjona_et_al, year 2010, class Actinopterygii, Solea senegalensis, Senegalese sole).","The paper reports SEM throughout. Fig. 2 legend, p.1332: ""Values are mean +/- SEM (n = 9-10 per group)."" Table 2 footnote, p.1330: ""Data are expressed as mean +/- SEM (n = 9-10 per group)."" Table 3 footnote, p.1331: ""mean +/- SEM (n = 5 per group)"". Fig. 1 legend: ""mean +/- SEM (n = 3)"". No SD or CI is reported anywhere. The sheet handled this correctly: in every row sd = se * 3 = se * sqrt(9), consistent with the stated sd = se * sqrt(n) convention at n = 9 (e.g. kris_n_470 se_t1 1.5702 -> sd_t1 4.7107; kris_n_473 se_t2 0.33018 -> sd_t2 0.99055). No un-converted SEM, and CI95 columns are correctly empty.","The paper states n = 40 juveniles ""randomly divided into 4 groups (n = 10 animals per group)"" (Methods, p.1326), but every reported n is given as a range: Fig. 2 legend and Table 2 both say ""n = 9-10 per group"". The sheet uses n_t1 = n_t2 = 9 on all four rows, which is the conservative end of the stated range and matches the extractor's note (""used 9 conservatively because figure legend says n = 9-10 per group""). This is defensible and, importantly, the SEM-to-SD conversion used the same n = 9, so it is internally consistent. No n problem. The n = 5 and n = 3 figures elsewhere in the paper belong to Tables 3 / Figs. 3-4 (thyroid hormones, deiodinases) and Fig. 1 (DTT titration), none of which were extracted.","Four experimental groups (Methods p.1326-1327 and Fig. 2 x-axis): 12C non-fed, 19C fasted, 19C fed, 26C fed. Fish were ""raised in seawater at 19C"" and held at ""natural temperature (19C)"" before the experiment, so 19C-fed is unambiguously the biologically appropriate control. The sheet assigns t1 = 26 (treatment) and t2 = 19 (control) with dose = 7 C, which is correct and matches the sheet convention (t1 = treatment, t2 = control), and matches the paper's own planned contrast (""normally fed fish at 19C vs. normal fed fish at 26C"", Statistics, p.1329). The 12C group was correctly excluded: it did not eat (preliminary study, p.1326: ""At 12C... fish did not react to the feed provided and did not feed""), so the only clean, feeding-matched contrast is 19C-fed vs 26C-fed, exactly as the extractor noted. The 19C-fasted group is not used, which is right. Directions are correct in every row (gill SAopt about flat, gill SAamb up at 26C, kidney SAopt down at 26C, kidney SAamb up at 26C).","Yes, twice over. (1) Temperature is crossed with FEEDING REGIME (fed vs non-fed/fasted), analysed as a two-way ANOVA with temperature and feeding as main factors (Table 1, p.1329). The sheet handles this correctly: both t1 and t2 rows come from the fed (baseline) level, so no row is drawn from the fasted arm. (2) The more serious one, and the reason for my first finding: temperature is also crossed with ACUTE ASSAY TEMPERATURE. Each homogenate was assayed both at a common optimum of 37C (SAopt) and at that group's own acclimation temperature (SAamb: 20 min at 26C, 30 min at 19C, 45 min at 12C; Methods p.1327). SAopt is the baseline/common level; SAamb is not - the assay temperature differs between the treatment row and its own control. Rows kris_n_472 (branchial SAamb) and kris_n_473 (renal SAamb) therefore come from a non-baseline level of that second factor and should be flagged or dropped. No drug, supplement, hormone, salinity or hypoxia manipulation: salinity was held at 38 ppt in all groups and only anaesthetic (2-phenoxyethanol) was used at sampling, so criterion 3 is not otherwise breached.","Animals were juveniles throughout and pre-sexual-maturity, so criterion 1 is satisfied: ""Juvenile Senegalese sole (n = 40, 69 +/- 2 g body weight)"" (Methods p.1326), and Solea senegalensis matures at roughly 3 years and a far larger size, so 69 g fish are well short of maturity and the 28-day treatment cannot have spanned into sexual maturity. The stage coding ""postnatal"" is right for a post-hatch teleost, and leaving all prenatal_* fields blank is correct - there is no prenatal/egg-stage manipulation in this paper. postnatal_measure_delay = 0 days is correct: ""Animals were euthanized at 09:00 a.m., i.e. immediately prior to their daily feeding time"" at the end of the exposure, with tissues taken at that sampling. dur_trt_postnatal = total_trt_duration = 28 days is a reasonable reading (7-day ramp at 1C/day from 19 to 26C plus 3 weeks at temperature; Methods p.1326-1327), although note the Fig. 2 legend itself says ""after 21 days of exposure"" and the 19C control experienced no ramp, so 21 would be the alternative coding - not worth changing, but worth recording consistently across the dataset. postnatal_trt_start/end are blank because the paper gives body mass only and never states age; that is unavoidable. One caveat worth noting for the project rather than as a finding: this is a 3-week thermal ACCLIMATION of large juveniles, not a manipulation over an early developmental window, so it sits at the permissive edge of ""during development"" even though it is technically pre-maturity; sex is not reported anywhere in the paper, so the sheet's sex = ""both"" is an assumption rather than a stated fact.","All 4 rows traced to Fig. 2 (p. 1332), the only figure reporting Na+,K+-ATPase. Row kris_n_470 and kris_n_472 = Fig. 2a (branchial, gills; black SAopt and grey SAamb bars); kris_n_471 and kris_n_473 = Fig. 2b (renal, kidney). I calibrated the 600-dpi rendering of p.1332 against the axis ticks and read the bars/whisker caps by pixel. Fig. 2a (gills, mumol Pi/h/mg protein): 12C(-) SAopt 16.5+/-0.9, SAamb 3.0+/-0.15; 19C(-) SAopt 18.9+/-1.2, SAamb 6.85+/-0.37; 19C(+) SAopt 20.86+/-0.89, SAamb 7.15+/-0.37; 26C(+) SAopt 20.76+/-1.40, SAamb 13.44+/-0.71. Fig. 2b (kidney): 12C(-) SAopt 12.76+/-0.72, SAamb 2.05+/-0.13; 19C(-) SAopt 7.73+/-0.35, SAamb 2.32+/-0.21; 19C(+) SAopt 14.31+/-0.96, SAamb 3.90+/-0.20; 26C(+) SAopt 11.64+/-0.82, SAamb 6.57+/-0.41. Every sheet mean is the right panel, right bar colour, right group and right direction; sheet means sit 1-9% below my pixel reads (all four rows biased the same way, i.e. ordinary metaDigitise imprecision) and the digitised SEMs run 0-65% above mine on the very small grey whiskers (worst: kris_n_473 se_t2 0.330 vs my 0.20; kris_n_470 se_t2 1.074 vs 0.89; kris_n_472 se_t1 0.909 vs 0.71). I am treating all of these as digitising noise, not findings. Tissues verified against Methods (""the first gill arch on the ocular side was excised as well as a small portion of the posterior zone of the kidney"") - tissue_sum/tissue correct for all rows. descrp_measure correctly distinguishes branchial vs renal and SAopt vs SAamb on all four rows. measurement_methods (""Flik et al. 1983 adapted to 96-well plates"") matches the Methods verbatim. AUTOFLAG DISMISSED: ""[kris_n_470] mean_t1 == mean_t2 exactly (20.6612)"" is a false alarm. Fig. 2a genuinely shows near-identical branchial SAopt in 19C-fed (20.86) and 26C-fed (20.76) fish, and the text (p.1331) states ""Maximum branchial Na+,K+-ATPase activities assayed at the optimum temperature of 37C (SAopt) were not significantly affected by feeding regime or acclimation temperature (Fig. 2a)""; Table 1 lists gill Na+,K+-ATPase SAopt as NS for both factors. The two bars were clearly digitised separately (the SEs differ: 1.570 vs 1.074) and just snapped to the same height; true lnRR is about -0.005 vs the sheet's exact 0. Not worth changing. I also checked whether control_multiple_comparisons=""no"" is wrong given the shared 19C-fed control: it is NOT, because the sheet uses ""yes"" only when one control is contrasted against more than one treatment level (verified across the 41 study files), and here there is a single 26C vs 19C contrast. sample_depend=1 on all four rows correctly records that all four effect sizes come from the same set of fish. No other extractable rows were missed given the ATPase-only scope: the paper's remaining data are thyroid hormones (Tables 2, 3), hepatosomatic index, plasma metabolites and iodothyronine outer-ring deiodinase activities (Figs. 3, 4), none of which are mitochondrial respiratory measures."
WildNew3,True,3,"PDF is E. J. Glanville and F. Seebacher (2006) ""Compensation for environmental change by complementary shifts of thermal sensitivity and thermoregulatory behaviour in an ectotherm"", Journal of Experimental Biology 209, 4869-4877, doi:10.1242/jeb.02585 (9 pages). Species = estuarine crocodile, Crocodylus porosus (Schneider), juveniles. This matches the sheet metadata exactly (author Glanville_and_Seebacher, year 2006, Reptilia, Crocodylus porosus). No identity problem.","The paper reports s.e.m. throughout. Stated explicitly in Methods p. 4870 (""mean body mass ... 172.9 +/- 6.7 g and mean snout-tail length was 422.0 +/- 3.0 mm (mean +/- s.e.m.)""), in the Fig. 1 caption (""means +/- s.e.m.""), in the Fig. 4, Fig. 5 and Fig. 6 captions (""Activities (mean +/- s.e.m.)"", pp. 4873-4874) and in the Table 1 footnote p. 4875 (""Values are means +/- s.e.m.""). The Fig. 3 caption does not name the statistic, but the whiskers I measured there are consistent in relative size with the s.e.m. convention used everywhere else. The sheet handles this correctly: every one of the 15 rows stores the plotted half-width in se_* and a converted sd_* = se_* * sqrt(n). I verified the arithmetic on all 30 group entries (se_t1 * 3 = sd_t1 for n = 9; se_t2 * 2.8284 = sd_t2 for n = 8) and every one is exact to the digits given. No un-converted SEM anywhere in this study.","Methods p. 4870: 18 juveniles obtained; ""in the cold treatment (winter, N=8 animals, note that one animal did not feed and lost condition and was therefore excluded from the treatment)"" and ""In the warm treatment (summer, N=9)"". So 8 cold and 9 warm were analysed (17 total), confirmed three independent ways: the body-mass t-tests are t15 (p. 4870), Table 1 footnote states ""all d.f.=1,15"" (p. 4875), and the RM-ANOVAs report treatment as F1,11 with room F2,11 (17 - 1 - 1 - 2 - 2 = 11 residual df). The sheet's n_t1 = 9 (the 29 degC/warm group) and n_t2 = 8 (the 20 degC/cold group) are therefore correct on all 15 rows, and the assignment of the larger n to the warm group is also correct. Note only 5 crocodiles per treatment carried body-temperature loggers (p. 4870), but no sheet row uses body-temperature data, so that does not apply here.","Two experimentally assigned acclimation treatments for 33 days (Methods p. 4870), preceded by four weeks in common at air 26.7 +/- 0.03 degC / water 26.0 +/- 0.03 degC with 7.5 h/day radiant heat: cold (""winter"") air 20.2 +/- 0.03 degC, water 19.5 +/- 0.03 degC, 6 h/day basking, N = 8; warm (""summer"") air 29.5 +/- 0.01 degC, water 29.2 +/- 0.04 degC, 9 h/day basking, N = 9. The realised mean body temperatures during acclimation were cold = 20 degC and warm = 29 degC (Abstract p. 4869), which is what the sheet's t1/t2 values of 29 and 20 encode - a reasonable choice, and the extractor documented it. There is no thermally neutral third group, so the reference is a judgement call; the warm group is the defensible one because it is only 2.8 degC from the common pre-treatment condition (vs 6.5 degC for cold), and Fig. 1A/Results p. 4874 show it is the cold group that shifted away from the shared starting Tb of 32.2 degC. The sheet instead assigns t1 = 29 (treatment) and t2 = 20 (control), i.e. it treats the warm group as the manipulation and the cold group as the reference - reported as a finding.","Yes. Temperature acclimation is crossed with ACUTE ASSAY/TEST TEMPERATURE as a repeated measure for every single trait in the sheet: mitochondrial O2 consumption assays were run at 20, 25 and 30 degC (Methods p. 4871) and LDH/CS/CCO assays likewise at 20, 25 and 30 degC (p. 4873), and the RM-ANOVA model is 'temperature' (repeated) x 'acclimation treatment' x 'constant temperature room' (p. 4873). All 15 sheet rows come from the 20 degC level of that second factor - the non-baseline level, and specifically the level equal to the cold group's own acclimation body temperature. This is the first finding above. There is no other manipulation crossed with temperature: diet was ad libitum live crayfish and insects for all animals, light cycle was a constant 12h:12h for all treatments, and no drugs or supplements were given (the only pharmacology is local anaesthetic for logger implantation in 5 animals/treatment and terminal pentobarbitone, neither of which is a developmental treatment). One additional exposure worth noting but not a crossed factor: tissues were collected only ""at the conclusion of all experiments"" (p. 4870), i.e. after each animal had been swum at 17, 20, 25, 30 and 32.5 degC with at least 40 h between trials (p. 4871), so all animals in both groups had identical post-acclimation acute thermal and exercise exposure before sampling. The extractor's note already records this and correctly left the treatment-to-measurement delay fields as NA.","Yes, the animals were well before sexual maturity throughout. They were juvenile Crocodylus porosus from a crocodile farm with pre-experimental mean body mass 172.9 +/- 6.7 g and mean snout-tail length 422.0 +/- 3.0 mm (Methods p. 4870); C. porosus matures at roughly 2.2-3 m total length and many years of age, so a 42 cm, 173 g animal is far pre-maturity, and the 33-day treatment plus the few weeks of post-treatment trials could not have carried them into maturity. The sheet's stage coding is right: stage = ""postnatal"" on all 15 rows, dur_trt_postnatal = 33 with postnatal_unit = days and total_trt_duration = 33 days (matching ""Crocodiles were acclimated for 33 days"", p. 4870), and all prenatal_* fields are blank, which is correct - this is a post-hatching manipulation with no egg-incubation component. The prenatal/postnatal split is therefore coded correctly. One scope caveat rather than a coding error: the paper frames this explicitly as reversible within-individual plasticity (""phenotypic flexibility"") in juveniles, not developmental programming, and the extractor's note flags that the early-life-history fields (prenatal development 80 d, age at maturity 3650 d, postnatal developmental period 1825 d) were estimated by the extractor and are not reported anywhere in this paper - those estimates should be checked against an independent source rather than attributed to Glanville and Seebacher.","All 15 rows traced to a specific panel and x-position, and every mean/SE was verified by pixel-calibrated measurement of the rasterised figures (300 dpi), not by eye.

- kris_n_474..479 -> Fig. 3A-F (p. 4872), at the 20 degC x-position. Measured vs sheet (cold = open/blue, warm = red): 3A liver State 3 cold 0.00653 +/- 0.00087 vs sheet mean_t2 0.006458, se 0.000729; warm 0.00334 +/- 0.00074 vs 0.003229, 0.000729. 3B liver RCR cold 7.26 +/- 0.56 vs 7.36, 0.512; warm 3.65 +/- 0.54 vs 3.712, 0.448. 3C muscle State 3 cold 0.01125 +/- 0.00343 vs 0.01130, 0.003511; warm 0.00314 +/- 0.00064 vs 0.003107, 0.000532. 3D muscle RCR cold 6.88 +/- 0.45 vs 6.880, 0.441; warm 4.84 +/- 0.80 vs 4.926, 0.630. 3E heart State 3 cold 0.00793 +/- 0.00269 vs 0.007874, 0.002632; warm 0.00398 +/- 0.00062 vs 0.004081, 0.000526. 3F heart RCR cold 7.09 +/- 0.58 vs 7.097, 0.571; warm 3.33 +/- 0.31 vs 3.288, 0.254. All within digitising tolerance.
- kris_n_480/483/486 -> Fig. 4A/B/C LDH (p. 4873/4874). Liver 20 degC: cold bar top 158.5, cap 167.8 vs sheet 158.235, se 7.06; warm 124.9, cap ~132 vs 124.706, se 7.06. Muscle: cold 282.6 +/- 9.3 vs 286.5, 10.59; warm 210.5 +/- 26.7 vs 217.1, 28.24. Heart: cold 157.7 +/- 11.5 vs 159.0, 14.16; warm 112.7 +/- 7 vs 117.1, 5.33. Note Fig. 4 y-axis starts at 100, and the extractor read it correctly (values are not bar heights above zero).
- kris_n_481/484/487 -> Fig. 5A/B/C CCO. Liver: cold 14.7-14.9 +/- ~1.2 vs 14.685, 1.135; warm 8.46 +/- 1.18 vs 8.268, 1.135 (the identical SEs here are genuine - both whiskers really are ~1.2 units). Muscle: cold 4.32 +/- ~0.5 vs 3.812, 0.832 (see finding on the SE); warm 4.91 +/- 0.77 vs 4.714, 0.831. Heart: cold 7.65 +/- 0.94 vs 7.355, 1.248; warm 8.18 +/- 0.70 vs 8.047, 0.832.
- kris_n_482/485/488 -> Fig. 6A/B/C CS. Liver: cold 3.05 +/- 0.5 vs 2.779, 0.831; warm 2.77 +/- 0.49 vs 2.820, 0.592 (the two groups are indistinguishable at 20 degC; effect ~0 either way, so I am not calling a swap). Muscle: cold 2.87 +/- 0.43 vs 2.557, 0.615; warm 3.16 +/- 0.56 vs 3.175, 0.728. Heart: cold 10.04 +/- 1.27 vs 9.678, 1.551; warm 11.52 +/- 0.50 vs 11.267, 0.715.

Nothing could not be traced. Automated flags: 0 for this study, so nothing to confirm or dismiss.

Coding checks that passed: tissues (liver / tail muscle longissimus dorsi / heart ventricle) match Methods p. 4871; units match the axis labels (umol min-1 mg-1 protein for Fig. 3 left panels, ratio for RCR, units g-1 wet tissue for Figs 4-6); mito_efficiency_dir = 1 for State 3, RCR, CCO, CS and 0 for LDH is consistent with the schema; measurement_category places LDH in ""non-mitochondrial metabolic pathways"" and CS/CCO in ""metabolic capacity"" as the schema requires; mito_preparation ""isolated"" only on the Fig. 3 rows is right (enzymes were whole-tissue homogenates, p. 4872); dose = 9 degC = 29 - 20 is right; 33-day duration matches p. 4870.

Two things I deliberately did NOT raise as findings. (1) State 4 respiration (proton leak, a mito_efficiency_dir = 0 measure the review wants) was omitted. The extractor's stated reason - error bars not determinable - is defensible: at the 20 degC point in Fig. 3A/C/E the cold and warm State 4 symbols sit on top of each other with essentially no resolvable whisker (I zoomed to 10x and confirmed). If the assay temperature were moved to 25 degC, six State 4 effect sizes would become extractable. (2) All 15 rows share one control group of the same 8 cold animals, and control_multiple_comparisons is coded ""no"" on every row while sample_depend = 1. If sample_depend is the column that captures within-study dependence this is fine; if control_multiple_comparisons is meant to flag a reused control group it is mis-coded. I cannot resolve the column's intended semantics from the sheet alone, so I am reporting it here rather than as a finding."
WildNew4,True,3,"PDF is Seebacher F, James RS (2008) ""Plasticity of muscle function in a thermoregulating ectotherm (Crocodylus porosus): biomechanics and metabolism."" Am J Physiol Regul Integr Comp Physiol 294: R1024-R1032, doi:10.1152/ajpregu.00755.2007. This matches the sheet metadata exactly: author = Seebacher_and_James, year = 2008, class Reptilia, Crocodylus porosus, ""estuarine crocodile"" (the paper uses both ""estuarine crocodiles"", Methods p. R1025, and ""saltwater crocodile"", figure legends). Full text dumped to /private/tmp/claude-501/-Users-noble-Library-CloudStorage-Dropbox-1-Research-1-Manuscripts-In-Preparation-mito-meta-temp/31e1c27c-1d57-44f0-8935-b0c15f6aafc8/scratchpad/seebacher2008.txt; Fig. 4 page rendered to seeb_p7-07.png, fig4_ab-07.png, fig4_b2-07.png, fig4_c2-07.png in the same directory.","SEM. Methods, Statistical Analysis, p. R1026, last line: ""All means are presented +/- SE."" The Fig. 4 legend (p. R1029) likewise says ""Enzyme activities (means +/- SE) in caudofemoralis muscle of cold (filled bars) and warm (open bars)-acclimated crocodiles measured at 20 degrees C and 30 degrees C test temperature."" Figs. 1, 2 and 3 legends also state ""Data represent means +/- SE; n = 8 for each acclimation group."" The sheet handled this correctly: it stores the digitised whisker as se_* and a converted sd_* with sd = se * sqrt(8) exactly (ratio 2.82843 for all six group cells). No SE-as-SD error.","n = 8 per acclimation group, matching n_t1 = 8 and n_t2 = 8 in all three rows. Methods, Animal Maintenance and Acclimation, p. R1025: ""Juvenile estuarine crocodiles (C. porosus, n = 16)""; ""in the cold treatment (n = 8 animals, mass = 719.4 +/- 26.9 g; mean +/- SE)""; ""In the warm treatment (n = 8, mass = 726.9 +/- 17.0 g)"". Confirmed by the error df of the enzyme analyses (F1,14 for the test-temperature effect and the interaction, i.e. 16 - 2). One minor inaccuracy in the extractor's note: it says ""figure legend gives n = 8 per acclimation group"", but the Fig. 4 legend does not state n - the n comes from Methods and from the Figs. 1-3 legends. The value 8 is nonetheless correct. Note also that the sentence ""acclimation treatment did not affect either LDH or COX activities (both F1,42 < 0.50)"" on p. R1026 carries an inconsistent df (F1,42) that appears to be a typographical carry-over from the work-loop analysis (F1,41 / F2,41); every other enzyme test in the paper is reported as F1,14, so n = 8 per group stands.","Two acclimation treatments, 30 days, in controlled-environment rooms (Methods p. R1025): cold = mean air 20.2 +/- 0.03 C, water 19.5 +/- 0.03 C, 6 h/day basking; warm = air 29.5 +/- 0.01 C, water 29.2 +/- 0.04 C, 9 h/day basking. The paper explicitly frames these as simulated ""winter (cold)"" and ""summer (warm)"" in the species' natural North Queensland habitat, and designates NEITHER as a control.

Sheet coding: t1 = 29 (treatment = warm-acclimated), t2 = 20 (control = cold-acclimated), dose = 9. The temperatures are correctly rounded (29.5 -> 29, 20.2 -> 20; true separation 9.3 C) and the mean/sd/n assignment to t1 vs t2 is verified correct against the filled (cold) vs open (warm) bars of Fig. 4.

Caveat on which group is the biologically appropriate reference: because the paper assigns no control, the choice is a coding convention. For a tropical crocodilian that behaviourally selects body temperatures near 30-32 C, the 29 C (""summer"") treatment is arguably the more natural/reference condition and the 20 C (""winter"") treatment the stressor, so the sheet's choice of 20 C as the control effectively frames warming as the manipulation and inverts the sign of every effect relative to the alternative framing. I am not reporting this as an error because (a) the paper genuinely designates no control, and (b) it is applied consistently to all three crocodilian studies in this sheet - WildNew3 (Glanville_and_Seebacher 2006, C. porosus, 15 rows) and WildNew5 (Guderley_and_Seebacher 2011, Alligator mississippiensis, 22 rows) are both also coded t1 = 29 / t2 = 20. It is worth a project-level decision/sensitivity note rather than a per-study fix.","Yes - acclimation temperature is fully crossed with ACUTE ASSAY (test) TEMPERATURE, which the schema lists explicitly as a second factor. Methods p. R1026: ""All enzyme assays were conducted in duplicate at 20 degrees C and 30 degrees C in a spectrophotometer with a temperature-controlled cuvette holder"", and the statistical model used ""acclimation treatment as a fixed factor, test temperature as a repeated measure"". Fig. 4 therefore shows each enzyme at two test temperatures.

All three sheet rows (kris_n_489, kris_n_490, kris_n_491) come from the 20 degrees C assay temperature only - I verified this against the figure, and the extractor note confirms it (""Extracted data from 20C tests""). There is no truly neutral baseline level of this second factor, but 20 C is not a neutral choice either: it is the cold-acclimated (control) group's own acclimation temperature, so the control group is assayed at its home temperature while the 29 C treatment group is assayed ~9 C below its acclimation temperature. For LDH and COX this is largely harmless (no acclimation effect and no interaction: F1,14 < 1.30, P > 0.27). For myofibrillar ATPase it is material, because the paper reports a significant acclimation x test-temperature interaction (F1,14 = 7.41, P < 0.02; Q10 cold 2.16 +/- 0.33 vs warm 3.13 +/- 0.23, t14 = -2.39, P < 0.04) and the acclimation effect reverses sign between panels: at 20 C cold 0.305 vs warm 0.263 (control higher) but at 30 C cold 0.505 vs warm 0.745 (treatment much higher). This is reported as a finding below.

No other stressor is crossed with temperature: no UV, hypoxia, diet manipulation, hormone or drug treatment. Animals were fed live crayfish and insects ad libitum-style 3x/week in both treatments, housed 1 tank per controlled-environment room, and the only deliberate co-varying element is basking-hour availability (6 vs 9 h/day), which is part of the simulated seasonal thermal treatment rather than a separate manipulation. Euthanasia used dilute sodium pentabarbitone immediately before tissue collection, which is a terminal procedure, not a developmental drug treatment.

Shared controls: all three rows draw mean_t2/sd_t2/n_t2 from the same 8 cold-acclimated animals, and the three enzymes were measured in the same individuals (all from the caudofemoralis muscle not used for mechanics). The sheet encodes this with sample_depend = 1 on all three rows, which is correct. control_multiple_comparisons = ""no"" is also defensible here because there is a single treatment arm, so the control group is not split across multiple treatment comparisons - the within-animal dependence across the 3 measures is what sample_depend captures.","Yes, pre-sexual-maturity, and the prenatal/postnatal coding is right. Methods p. R1025 describes ""Juvenile estuarine crocodiles"" obtained from a crocodile farm, with treatment-group body masses of 719.4 +/- 26.9 g (cold) and 726.9 +/- 17.0 g (warm). C. porosus reaches sexual maturity at roughly 2.2 m and tens of kg after ~10 years, so ~0.72 kg animals are unambiguously juveniles, and a 30-day treatment on such animals cannot span into sexual maturity.

Sheet coding checks out: stage = postnatal; all prenatal_* fields blank; dur_trt_postnatal = 30 days and total_trt_duration = 30 days, matching ""Crocodiles were acclimated for 30 days (9) before experimentation""; postnatal_measure_delay = 0 days, matching ""after this we processed two animals per day, alternating between warm- and cold-acclimated animals"" with euthanasia ""immediately before experimentation"". post_natal_trt_start / postnatal_trt_end are blank, which is appropriate because the paper gives no ages or hatch dates. sex = ""both"" is an assumption (the paper never reports sex of the juveniles), but that is a conventional default for unsexed juvenile crocodilians and I do not treat it as an error.","All 3 rows traced to Fig. 4 (p. R1029), which is exactly what the `ref` column (""figure4"") points to, and specifically to the 20 degrees C test-temperature pair of bars in each panel (filled = cold-acclimated, open = warm-acclimated).

Row kris_n_489 (LDH) -> Fig. 4A. Digitised at 500 dpi: cold bar ~169 with SE whisker to ~184 (SE ~15); warm bar ~189 with SE whisker to ~209 (SE ~20). Sheet: mean_t2 (20 C acclimation = cold) 171.6, se 16.15; mean_t1 (29 C acclimation = warm) 193.1, se 20.75. Match within digitising noise. Units in sheet (""umol substrate converted min-1 g-1 wet tissue"") match both the Fig. 4A axis (""LDH activity, umol min-1 g-1 tissue"") and Methods p. R1026 (""LDH and COX activities were expressed as micromoles of substrate converted per minute per gram of wet tissue mass""). Tissue = caudofemoralis muscle, correct (Methods: ""Tissue samples for enzyme assays were collected from the caudofemoralis muscle that was not used for the biomechanical experiments"").

Row kris_n_490 (CcO/COX) -> Fig. 4B. Digitised: cold ~1.60 (SE whisker to ~1.82, SE ~0.22); warm ~1.61 (SE whisker to ~1.80, SE ~0.19). Sheet: mean_t2 1.583 se 0.2222; mean_t1 1.549 se 0.2222. Both within digitising noise. The sheet has cold marginally above warm while the plot has warm marginally above cold, but the two bars are indistinguishable (the paper reports no acclimation effect, F1,14 < 0.50, P > 0.50), so this is digitising noise on a null difference and I am not reporting it. Units correct as above; measurement_category ""metabolic capacity"" and mito_efficiency_dir 1 are correct and consistent with the other 36 COX/CcO rows in the sheet.

Row kris_n_491 (myofibrillar ATPase) -> Fig. 4C. Digitised: cold ~0.305 (SE whisker to ~0.380, SE ~0.075); warm ~0.263 (SE whisker to ~0.315, SE ~0.052). Sheet: mean_t2 0.300 se 0.078; mean_t1 0.251 se 0.055. Good match. Units in sheet (""umol substrate converted min-1 mg-1 myofibrillar protein"") are confirmed by the Fig. 4C axis (""ATPase activity, umol min-1 mg protein-1""), so the extractor's stated uncertainty about ATPase units is resolved and the inference was right.

Panel identity confirmed unambiguously: the 30 C test-temperature bars are LDH ~383/362, COX ~3.18/3.65, ATPase ~0.505/0.745 - nowhere near the sheet values. No duplicated rows, no rows drawn from the wrong panel, no missing eligible endpoint (the only enzyme endpoints the paper measured are LDH, COX and myofibrillar ATPase; the remaining data are muscle mechanics - isometric twitch/tetanic stress, force development and relaxation times, work-loop power, Figs. 1-3 - which are correctly excluded, plus derived Q10 values which were correctly not extracted).

Automated flags: 0 were raised for this study, so there was nothing to confirm or dismiss.

Arithmetic check of the SEM->SD conversion for all 6 group cells: sd/se = 2.82843 = sqrt(8) in every case. No un-converted SEM anywhere in this study."
WildNew5,True,6,"PDF is Guderley H & Seebacher F (2011) ""Thermal acclimation, mitochondrial capacities and organ metabolic profiles in a reptile (Alligator mississippiensis)"", J Comp Physiol B 181:53-64 (DOI 10.1007/s00360-010-0499-1; received 28 Feb 2010, published online 1 Aug 2010). This matches the sheet metadata exactly: author ""Guderley_and_Seebacher"", year 2011, class Reptilia, Alligator mississippiensis, American alligator. 12 PDF pages; Methods on pp. 54-56, Results/Tables 1-3 and Figs 1-9 on pp. 55-61.","SD. Stated explicitly at the end of Methods, ""Statistical comparisons"" (p. 56): ""All data are shown as mean +/- SD. The threshold for identification of significant effects was P < 0.05."" Table 1 repeats it in its footnote (""Data are shown as mean +/- SD""), and body mass is given as ""69.82 +/- 11.66 g (mean +/- SD, n = 17)"" on p. 54. Tables 2 and 3 and Figs 2-9 do not restate the statistic in their captions but are covered by that blanket statement. The sheet is therefore correct in kind: the sd_* columns hold SDs (table values transcribed verbatim, figure values digitised from the error bars) and CI95_* are empty. The se_* columns are derived as sd/sqrt(n) and so contain no independent information - but they are numerically wrong because they use the swapped n (finding 1). No SEM-as-SD problem exists in this study.","Paper: cold treatment n = 9 animals, warm treatment n = 8 animals (p. 55, ""Thermal acclimation conditions""); Table 1 headers ""Warm acclimated (n = 8)"" / ""Cold acclimated (n = 9)""; total n = 17 (p. 54) and all inferential tests are F(1,15) or t tests on 17 animals, consistent with 8 + 9. Body temperature was measured on five randomly chosen animals per treatment (Fig 1), but all biochemical outcomes use the full 8/9. The mitochondrial drug/uncoupling series used only ""3-4 per acclimation condition"" for RCR determination (p. 56), but that applies to the RCR values only, which were not extracted. Sheet: n_t1 = 9 for t1 = 29 degC (warm) and n_t2 = 8 for t2 = 20 degC (cold) on all 22 rows - the two are swapped relative to the paper (finding 1).","Two experimentally assigned acclimation regimes in controlled-environment rooms (p. 54-55): COLD (""winter"") - air 17.5 degC, water 18.5 degC, 6 h/day basking at 380 W m-2, weighted mean body temperature 20.0 degC in the final week; WARM (""summer"") - air 31.2 degC, water 27.5 degC, 9 h/day basking at 700 W m-2, weighted mean body temperature 29.3 degC. Measured body temperatures differed significantly (t = -9.98, P < 0.0001; Fig 1). Neither group is labelled a control by the authors - this is a two-level simulated-season design - but the paper consistently frames the cold/winter regime as the perturbation (""Cold acclimation decreased maximal oxidative capacities of muscle mitochondria"", ""the aerobic capacity of liver, skeletal muscle and duodenum... increased with cold acclimation""), so the biologically natural reference is arguably the warm/summer group. The sheet does the opposite: t1 = 29 (treatment) and t2 = 20 (control), i.e. the cold group is the reference. The mean/sd assignment is internally consistent with that choice (mean_t1 always holds the warm-acclimated value - verified against the ""Warm acclimated"" columns of Tables 2/3 and the black bars of Figs 2, 3, 6-9), and it matches the sibling studies WildNew3/WildNew4 (both 29 vs 20). The problem is the dose sign, which is -9 instead of +9 (finding 2), and the extractor note, which states both ""29C as control"" and ""Control temp 20C (T2)"". Rounding 29.3 -> 29 and 20.0 -> 20 is fine.","Yes - acclimation temperature is fully crossed with ACUTE ASSAY/TEST TEMPERATURE (20 vs 30 degC) for every outcome: Figs 2 and 3 have S3/S4 bars at 20 and 30 degC, Tables 2 and 3 have separate 20 degC and 30 degC rows, and Figs 6-9 plot ""Test temperature (degC)"" 20 vs 30. All 22 extracted rows come from the 20 degC assay level only - I verified this for every single row (the 30 degC values are clearly different: e.g. muscle LDH 440/545 vs the extracted 401/396; liver COX 4.54/7.29 vs the extracted 3.59/5.52; Table 2 complexes 1-4 44.4/39.0 vs the extracted 37.5/32.2). So the choice is at least internally consistent. Caveat worth recording: 20 degC is the cold group's own mean body temperature but ~9 degC below the warm group's, so the common assay temperature is not neutral for both groups, and the 30 degC assay would reverse the liver state-3 result (cold > warm, P = 0.03; abstract: ""hepatic mitochondria isolated from cold-acclimated alligators had higher oxidative capacities at 30 degC... the capacities did not differ at 20 degC""). Whether 20 degC is the right ""baseline"" level for this review is a judgement call the parent should record. A second in-vitro factor - the palmitate/GDP/carboxyatractyloside/FCCP uncoupling sequence (Figs 4 and 5) - was correctly left out by the extractor, as were the derived mitochondrial-protein-content estimates on pp. 59-60. No developmental co-manipulation was applied (diet, food quality and feeding regime were deliberately identical in both groups, no drugs or supplements given to the animals), but the two temperature regimes also differ in photoperiod, basking duration (6 vs 9 h/day) and radiation intensity (380 vs 700 W m-2) - see finding 6.","Yes, entirely pre-sexual-maturity. Juvenile Alligator mississippiensis from captive breeding stock, mean initial mass 69.82 +/- 11.66 g (n = 17, p. 54), final mass 95-107 g, snout-vent length 157-168 mm (Table 1) - i.e. hatchling/yearling animals, orders of magnitude below the ~1.8 m size and many years of age at which this species matures, so the treatment cannot have spanned into sexual maturity. The stage coding ""postnatal"" is correct for an oviparous reptile treated after hatching; prenatal_* fields are appropriately blank, and postnatal_measure_delay = 0 days is right (animals were euthanised and sampled at the end of acclimation, p. 55). One caveat, self-flagged by the extractor: the sheet's dur_trt_postnatal = total_trt_duration = 74 days is not a stated value. The paper gives only ""the 3-month experimental period which started in mid-August"" (p. 54) and ""Alligators were acclimated to these conditions for a minimum of 6 weeks before biochemical measurements"" (p. 55), with body temperatures reported ""after 5 weeks"" (Fig 1) and in ""the final week"". 74 d is the extractor's back-calculation from Table 1 (35.1 g mass gain / 0.474 g d-1 = 74 d warm; 27.4 / 0.368 = 74.5 d cold), which is a defensible point estimate within the 42-90 d window and is documented in the note - I did not raise it as a finding, but it should be treated as an estimate, not a reported duration, if treatment duration is used as a moderator. Treatment start age is unknown from the paper and is correctly left blank.","All 22 rows traced to a specific panel/table row, and every mean/SD re-measured by pixel digitisation of the 400-500 dpi page renders (axis calibration validated against the paper's own stated fold-differences, e.g. liver ""maximal rates ~1.5-fold higher in warm than cold at respective acclimation temperatures"" = 31.4/20.9 = 1.50; muscle ""almost threefold"" oligomycin-inhibited = 35.0/13.4 = 2.6).

Row-by-row (measured 20 degC-assay value, warm | cold, vs sheet mean_t1 | mean_t2):
- kris_n_492 Fig 2 S3 20C muscle: 69.99+/-6.79 | 41.96+/-5.92 vs 70.01+/-6.68 | 41.50+/-4.70 OK
- kris_n_493 Fig 2 S4 20C muscle: 28.04+/-4.35 | 13.41+/-2.09 vs 27.44+/-4.70 | 12.29+/-2.72 OK
- kris_n_494/495/496 Table 2, 20C rows (complexes 1-4 / 2-4 / complex 4): 37.5+/-19.0|32.2+/-15.9; 19.0+/-12.5|13.1+/-7.8; 163.0+/-59.6|144.9+/-81.6 - transcribed exactly, correct column (warm = mean_t1)
- kris_n_497 Fig 3 S3 20C liver: 17.26+/-2.07 | 20.88+/-3.82 vs 17.55+/-1.75 | 20.82+/-4.23 OK
- kris_n_498 Fig 3 S4 20C liver: 3.72+/-0.93 | 3.41+/-0.31 vs 4.69+/-1.02 | 4.31+/-0.58 -- MISMATCH (finding 3)
- kris_n_499/500/501 Table 3, 20C rows: 10.0+/-4.0|14.1+/-8.5; 18.7+/-6.9|26.5+/-11.0; 62.1+/-16.0|60.9+/-19.5 - exact
- kris_n_502/503/504 Fig 6 (muscle LDH/COX/CS) 20C: 400.4+/-51.7|400.4+/-29.1; 2.54+/-0.49|3.78+/-0.85; 3.81+/-0.60|5.33+/-1.59 vs sheet 401.0|395.8; 2.49|3.73; 3.85|5.38 OK
- kris_n_505/506/507 Fig 7 (liver) 20C: 50.06+/-10.37|54.89+/-6.26; 3.54+/-0.45|5.51+/-0.76; 11.63+/-1.32|12.78+/-1.47 OK
- kris_n_508/509/510 Fig 8 (heart) 20C: 102.97+/-14.51|91.65+/-14.51; 27.51+/-4.74|23.76+/-2.97; 28.90+/-4.60|32.80+/-3.19 OK
- kris_n_511/512/513 Fig 9 (duodenum) 20C: 49.96+/-10.43|54.91+/-6.36; 3.54+/-0.45|5.51+/-0.76; 11.62+/-1.34|12.79+/-1.45 OK against Fig 9, but Fig 9 is numerically identical to Fig 7 (finding 4)

Automated flags: the autoflags file contains no entries for WildNew5, so there was nothing to confirm or dismiss.

Codings checked and correct: units (nmol O min-1 mg protein-1 for Figs 2-3/Tables 2-3; umol g-1 min-1 wet tissue for Figs 6-9), tissues (caudofemoralis muscle for enzyme rows, ""remaining skeletal muscle and liver"" for isolated mitochondria, gut/duodenum), mito_efficiency_dir (0 for oligomycin-inhibited state 4 ""Leak"" rows 493/498 and for LDH; 1 for state 3/complex fluxes/COX/CS), measurement_category (LDH -> non-mitochondrial metabolic pathways; CS and CcO -> metabolic capacity; complex fluxes and state 3/4 -> respiration), stage/sex/species, measure_delay = 0 d (animals sampled at end of acclimation).

Two notes not raised as findings: (a) Fig 2 S3 (state 3, malate+pyruvate+ADP) and Table 2 complexes 1-4 (malate+pyruvate+ADP corrected for rotenone) measure nominally the same maximal pyruvate oxidation in two separate assay series on the same mitochondrial preparations, yet give very different answers (muscle 70 vs 37.5 nmol O/min/mg for warm at 20C; strongly significant vs ns) - both were extracted, which is faithful to the paper but partially redundant (handled by sample_depend = 1). (b) All 22 rows share the same two animal groups, so the ""control"" is reused 22 times; sample_depend = 1 and control_multiple_comparisons = ""no"" is the right coding for a two-group design."
WildNew6,True,5,"Rogers, K.D., Seebacher, F. & Thompson, M.B. (2004) ""Biochemical acclimation of metabolic enzymes in response to lowered temperature in tadpoles of Limnodynastes peronii"". Comparative Biochemistry and Physiology Part A 137: 731-738 (doi:10.1016/j.cbpb.2004.02.008). This matches the sheet metadata exactly: author Rogers, year 2004, class Amphibia, Limnodynastes peronii (striped marsh frog). 9-page PDF (ResearchGate cover page + 8 article pages).","The paper reports SEM. Section 2.3 Data analysis, p. 734, final sentence: ""Unless otherwise stated, data are presented as mean +/- S.E.M."" Table 1 caption (p. 735): ""Average activity (+/-S.E.M.) of citrate synthase (CS) and cytochrome c oxidase (CCO)...""; Table 2 caption: ""Average Q10 values (+/-S.E.M.)..."". Figures 1-4 carry no contrary statement, so their error bars are SEM as well.

The sheet handles this correctly. For all 31 rows the se_* column holds the published/digitised SEM and sd_* = se_* x sqrt(8); I checked all 62 group entries programmatically and every one satisfies sd = se*sqrt(n) to within 2% (e.g. kris_n_521: se_t1 0.44 -> sd_t1 1.2445 = 0.44 x 2.8284). There are no rows where sd == se, so there is no un-converted SEM in this study. CI95 columns are empty, which is right - the paper reports no CIs.","Methods, p. 733: ""Eight tadpoles were taken from each treatment at each sampling time, for a total of 176 individual tadpoles sampled throughout the experiment"" (8 x 2 treatments x 11 sampling times = 176, consistent). Liver: ""Liver was dissected from tadpoles in each treatment at the conclusion of the experiment (6 weeks)"", i.e. the same 8 per treatment; confirmed by the liver ANOVA denominator df (F1,42 and F2,42 on p. 735: 2 treatments x 3 assay temperatures x 8 = 48 observations, error df 42). The axial-muscle ANOVAs use F1,464 / F2,464 (2 x 3 x 11 x 8 = 528 observations, error df 464), also consistent with n = 8 per cell.

The sheet records n_t1 = n_t2 = 8 on every one of the 31 rows, which matches the paper exactly. No n discrepancies.","Two developmental temperatures. Both treatments started in constant-temperature rooms at 20 degC; at the start of the experiment the cold-acclimated group's room was brought ""down to 10 degC over 6 h"", while ""The other constant temperature room remained at 20 degC throughout the experiment, and is considered control because there was no change from the environmental temperature where the tadpoles were captured"" (Methods 2.1, p. 733). Field water temperature at capture was 20 degC, so 20 degC is unambiguously the biologically appropriate reference.

The sheet's coding of t1 = 10 (treatment) and t2 = 20 (control), dose = -10 celsius, is therefore correct on all 31 rows, and the values are placed in the right columns for the 22 Table 1 rows (CS and CCO, verified digit-for-digit against the ""Control"" and ""Cold-acclimated"" rows) and for the two liver rows. The failure is confined to the seven Figure 2 axial-muscle LDH rows (kris_n_514-520), where the control series was entered as t1 and the cold-acclimated series as t2 - see the critical finding. Separately, the 0 h rows carry a 10 vs 20 degC label although no temperature difference existed yet, and the 3 h rows carry it although the cold group was still mid-ramp.","Temperature is crossed with exactly one other factor: ASSAY (measurement) temperature. Every individual's tissue was assayed at 10, 20 and 30 degC (""Assays of tissue from each individual were completed at 10, 20 and 30 degC"", p. 733) and the analyses treat assay temperature as a factor (""The effect of time of sampling, assay temperature (10, 20 or 30 degC), and treatment ... was analysed by a three-factor ANOVA"", p. 734).

All 31 sheet rows come from the baseline level of that second factor, i.e. the 20 degC assay temperature, which is also the control rearing temperature:
- Axial muscle CS/CCO (kris_n_521-542): Table 1 reports only the 20 degC assay (""at assay temperature of 20 degC"", caption p. 735) - no choice was involved.
- Axial muscle LDH (kris_n_514-520): Fig. 2 caption states ""at 20 degC"".
- Liver LDH and CS (kris_n_543, kris_n_544): Fig. 3 plots all three assay temperatures; I pixel-verified that the extracted numbers are the 20 degC bar pair in each panel (LDH 39.67/7.98 vs sheet 40.29/9.02; CS 8.85/6.70 vs sheet 8.756/6.631), not the 10 or 30 degC bars.

So no sheet row is drawn from a non-baseline level of the second factor. No other manipulations exist: no UV, hypoxia, diet, CORT, salinity, drugs or supplements; animals were fed/held identically apart from room temperature, and no animal received a second developmental treatment. The Q10 values (Table 2, Fig. 4), which are derived across assay temperatures, were correctly excluded.","Yes - animals were well before sexual maturity throughout. Tadpoles were collected at Gosner stages 26-29 (Methods, p. 733) and held only 42 days; the species ""has a long-lived tadpole stage (up to 8 months)"" and tadpoles that hatch in late summer/autumn overwinter (Introduction, p. 732), so the 6-week exposure ended long before metamorphosis, let alone sexual maturity. The treatment did not span development into maturity, so inclusion criterion 3 is satisfied.

The stage coding is right: these are post-hatching free-living larvae, so stage = ""postnatal"" and all prenatal_* fields correctly left blank; the prenatal/postnatal split is not an issue for this study (the extractor's note about estimating embryo duration and a 1-year maturity age does not affect any field present in this CSV). postnatal_measure_delay = 0 days is also correct - tissue was frozen at the moment of sampling and assayed later, with no post-treatment recovery period.

Two timing caveats feed the findings above: (i) the 0 h samples were taken ""immediately before (0 h) temperature change"" (p. 733), so those rows precede the developmental manipulation entirely; (ii) the 3 h samples fall inside the 6-hour cooling ramp. Also note the animals were wild-caught rather than laboratory-bred, but the temperature itself was experimentally assigned in constant-temperature rooms, so this is a genuine experimental developmental manipulation and not seasonal field acclimatisation.

On shared controls: sample_depend = 1 and control_multiple_comparisons = ""no"" on all rows. There is only one treatment level, so no control is reused across doses and ""no"" is defensible. The real dependency is across measures within a sampling time - ""Each individual's tissues were assayed for LDH, CS and CCO activities"" (p. 733) - so the CS and CCO rows at a given time (e.g. kris_n_526 and kris_n_537) come from the same 8 + 8 animals, and the five 6-week rows (kris_n_520, 531, 542, 543, 544) all come from that one final cohort. Different sampling times used different animals (176 total), so there is no reuse of a single control group across the time course. sample_depend = 1 appears to capture this adequately, but the analysis should model measure-within-animal correlation for the 6-week rows.","All 31 rows were traced to a specific table/figure/panel.

- kris_n_514-520 (7 rows, ref=figure2): LDH in axial muscle at 20 degC assay temperature, Fig. 2 (p. 734, right column). Fig. 2 plots 11 sampling times; the extractor took only 7 of them (72 h/3 d, 7, 14, 21, 28, 35, 42 d) and omitted the four sub-day points (0 h, 3 h, 12 h, 24 h) that ARE present as rows for CS and CCO. That inconsistency is noted but, given the 0 h/3 h problems below, dropping them was the safer choice; I did not raise it as a separate finding.
- kris_n_521-531 (11 rows, ref=table1): CS, axial muscle, Table 1 (p. 735) top block, all 11 time points. Every mean and SEM matches Table 1 digit-for-digit, with cold-acclimated in t1 and control in t2 (correct).
- kris_n_532-542 (11 rows, ref=table1): CCO, axial muscle, Table 1 (p. 735) bottom block, all 11 time points. Every mean and SEM matches digit-for-digit, groups correctly assigned.
- kris_n_543 (figure3a): liver LDH at 6 weeks. I pixel-measured Fig. 3a (p. 736) using the y-axis tick calibration (0 at row 794, 10 units = 80.2 px): 20 degC assay bars are cold-acclimated 39.67, control 7.98. Sheet has 40.29 / 9.02, so this row is the 20 degC assay bars with the correct group assignment. The control value is 13% above the plotted bar (9.02 vs 7.98, ~8 px on a 60-unit axis); I treat that as digitising imprecision on a short bar and did NOT raise it as a finding, though it does move the liver LDH ratio from the paper's stated ~5x to 4.5x.
- kris_n_544 (figure3b): liver CS at 6 weeks. Pixel-measured Fig. 3b 20 degC bars: cold 8.85, control 6.70. Sheet 8.756 / 6.631 (within 1.1%). Correct panel, correct assay temperature, correct groups.
- Q10 data (Table 2, Fig. 4) were correctly left out - they are derived ratios, as the extractor note says.
- No liver CCO row exists in the sheet; correct, because liver CCO is reported only as F-statistics (p. 735) and is not plotted.

AUTOMATED FLAG DISMISSED: ""[kris_n_541] mean_t1 == mean_t2 exactly (2.51) - suspicious"" is a FALSE ALARM. Table 1 (p. 735) genuinely reports CCO at 5 weeks as 2.51 (0.34) for Control and 2.51 (0.36) for Cold-acclimated. The identical means are in the published table, not an extraction slip.

Other checks that passed: units (""units g-1"" in Fig. 2/Fig. 3 axis labels, recorded as units/g wet tissue); tissue (axial/tail muscle vs liver, matching Methods p. 733); measurement_category (LDH -> non-mitochondrial metabolic pathways, CS and CCO -> metabolic capacity, all as the schema prescribes); mito_efficiency_dir 1 for CS and CCO (correct per schema). LDH is coded mito_efficiency_dir = 0 on all 8 LDH rows; the schema's direction lists do not cover LDH, the extractor also marked those rows mito_ambiguity = ""ambiguous"", and treating increased anaerobic/glycolytic capacity as not-higher mitochondrial function is defensible, so I did not flag it - but it is a study-independent coding decision worth confirming at the project level.

Also noted (not findings): Fig. 2-derived means for BOTH series sit systematically ~1-4 units below the plotted points (e.g. control series measured at 38.1/39.6/43.1/40.4/40.5/40.3/41.4 at 3/7/14/21/28/35/42 d vs sheet 33.7/35.4/39.5/36.3/36.5/36.3/37.6), consistent with a y-axis calibration slip in metaDigitise; and the SEMs travel with their means, so a straight column swap plus re-digitising fixes the Fig. 2 rows."
WildNew7,False,6,"Confirmed identity via Crossref/OpenAlex/Semantic Scholar: Tullis, A. & Baillie, M. (2005) ""The metabolic and biochemical responses of tropical whitespotted bamboo shark Chiloscyllium plagiosum to alterations in environmental temperature"", Journal of Fish Biology 67(4): 950-968, DOI 10.1111/j.0022-1112.2005.00795.x (both authors, Biology Department, University of Puget Sound). This matches the sheet metadata exactly: author = Tullis_and_Baillie, year = 2005, class Chondrichthyes, Chiloscyllium plagiosum, whitespotted bamboo shark. No mismatch. NOTE: the PDF is genuinely unavailable -- /private/tmp/.../scratchpad/paper_map.tsv line 40 records ""WildNew7  Tullis_and_Baillie_2005  MISSING"", no PDF named tullis/bamboo/Chiloscyllium/plagiosum exists anywhere under the user's Dropbox, the article is closed access (Unpaywall is_oa=false, oa_locations empty; OpenAlex oa_status ""closed""; Semantic Scholar openAccessPdf status CLOSED), Wiley returned HTTP 403, and scholar.archive.org/CORE returned nothing. The scratchpad folder named ""wild7"" belongs to a different study (paper_map: Wild7 = Leo_et_al_2020).","Could not be read directly: the full text (Methods, Fig. 2 caption, Table II) was unobtainable, so I never saw the paper state ""mean +/- S.E."" vs ""+/- S.D."". Verified INDIRECTLY, and the verification is reassuring.

(a) Internal consistency: sd = se * sqrt(n) holds to 4+ significant figures in every cell of all four rows, using n_t1 = 5 and n_t2 = 4 (e.g. CS control 0.1780867 * sqrt(4) = 0.3561733; LDH 15 deg C 25.160008 * sqrt(5) = 56.25949; LDH 30 deg C 18.451459 * sqrt(5) = 41.25872). So the extractor digitised an error bar, treated it as S.E.M., and converted. There is no row where sd == se, i.e. no un-converted SEM.

(b) The conversion is almost certainly in the right direction, because the resulting SDs reproduce the paper's reported significance pattern and the un-converted bars do not. With the sheet's SDs, the only significant contrast is CS at 30 deg C (Welch t = 4.96) while CS at 15 deg C (t = 2.25), LDH at 15 deg C (t = 2.20) and LDH at 30 deg C (t = 2.09) are all non-significant -- exactly the abstract's pattern (""significantly lower citrate synthase"" at 30 deg C only; ""similar"" at 15 deg C; LDH ""did not change"" at 30 deg C). Had the plotted bars actually been S.D. (so that the true SDs were the smaller se values), CS at 15 deg C would give t = 4.7 and both LDH contrasts t ~ 4.4-4.9, i.e. all four contrasts significant, flatly contradicting the published abstract.

Conclusion: no se-as-sd error, and no evidence the bars were misread as SEM when they were SD. This should still be spot-checked against the Fig. 2 caption once the PDF is obtained, since the check above is conditional on n_t1 = 5 / n_t2 = 4 being right.","NOT VERIFIABLE. The abstract reports no sample sizes and the full text, Fig. 2 caption and Table II were unobtainable, so the paper's stated per-group n could not be checked against the sheet.

The sheet records n_t1 = 5 for BOTH treatment groups (15 deg C and 30 deg C) and n_t2 = 4 for the 24.5 deg C control, in both the CS rows and the LDH rows -- internally consistent across all four rows, which is what one expects when both enzymes were assayed on the same animals. These n values are also load-bearing: they are exactly the values that make sd = se * sqrt(n) hold in every cell, and the resulting SDs reproduce the paper's published significance pattern (see error_statistic_reported). That is indirect support that n = 5 / 4 is right, but it is not independent confirmation -- an n error would have propagated into the SDs too. Flag for a re-check of Fig. 2's caption / Table II when the PDF is retrieved. No wrong-n finding is raised because there is no evidence of a contradiction.","Per the publisher abstract (Crossref, DOI 10.1111/j.0022-1112.2005.00795.x): the native temperature is 24.5 deg C, with prolonged exposure to a higher temperature (30 deg C) and lower temperatures (20 and 15 deg C). The biologically appropriate control/reference is therefore the 24.5 deg C native-temperature group.

The sheet assigns this correctly: t2 = 24.5 (control) in all four rows, t1 = 15 in kris_n_545/kris_n_547 and t1 = 30 in kris_n_546/kris_n_548, with dose = t1 - t2 (-9.5 and +5.5) consistent throughout. Treatment/control orientation, temperature values and units.1 = celsius are all right.

Two notes. (1) The 20 deg C group contributes no rows. The abstract frames the enzyme results only as 24.5 vs 15 and 24.5 vs 30, so this is very likely a genuine absence of enzyme data for the 20 deg C group rather than a missed extraction -- but it should be confirmed from Fig. 2 when the PDF is available. (2) The 15 deg C group is a stepped exposure (per the extractor note: 20 deg C for ~4 months, then 15 deg C for ~5 months, changed 1-2 deg C every 3-4 days). Coding t1 as the final holding temperature (15) is reasonable, but it is the reason the duration column is ambiguous and mis-assigned (see the duration finding), and the project should record which convention it uses.","Yes -- developmental/acclimation temperature is crossed with ACUTE ASSAY TEMPERATURE, but the extraction appears to have handled this correctly.

The measurement_methods and descrp_measure fields both record that CS and LDH were assayed in duplicate at 15, 20, 25 and 30 deg C in a water-jacketed cuvette holder (this is the ""thermal sensitivity"" the abstract refers to). The extractor note states ""Used assay temperature 25 e.g. fig 2"", i.e. all four rows come from the 25 deg C assay. Under inclusion criterion 4 that is the right choice: 25 deg C is the assay temperature closest to the animals' native/control temperature of 24.5 deg C, so it is the baseline level of the second factor, and it is the standard common-assay-temperature comparison across acclimation groups. I see no rows drawn from a non-baseline assay temperature. CAVEAT: I could not open Fig. 2(a)/2(b) to confirm that the digitised points really are the 25 deg C points; the LDH triplet (15 deg C group = 109.9, control = 188.2, 30 deg C group = 253.3) rises smoothly with t1 in a way that superficially resembles an assay-temperature series, so this specific point is worth re-checking against the figure. The CS triplet (1.44, 1.98, 0.93) is non-monotonic and matches the abstract's ""significantly lower CS at 30 deg C"", which argues against an assay-temperature mix-up.

No OTHER manipulation is crossed with temperature: no UV, hypoxia, diet manipulation, CORT, salinity, drug or supplement appears in the design (admin = ""ambient"", envirn_type = ""temp""). The only other handling recorded is a 48 h fast before sampling, applied across groups. So the study does not fail inclusion criterion 3 on the second-manipulation or drug/supplement grounds.","Yes, treatment was pre-sexual-maturity, and the prenatal/postnatal coding is right.

stage = ""postnatal"" is correct: the animals were oviparous sharks raised from eggs and then acclimated as free-swimming juveniles (extractor note: ""juvenile whitespotted bamboo sharks raised from eggs""), so the temperature manipulation is entirely post-hatching. Consistently, all prenatal_* columns are empty and only the postnatal duration columns are populated. Given the sheet's own life-history values (prenatal_dev_time = 117 d incubation, postnatal_dev_time = 821.25 d, age_sexual_maturity = 1642.5 d ~ 4.5 yr) and a treatment of at most ~270 d begun in juveniles, the exposure plainly ends well before sexual maturity, so inclusion criterion 1 is met and the criterion-3 exclusion for ""treatments spanning development into sexual maturity"" does not apply. postnatal_measure_delay = 0 is consistent with enzymes being assayed on tissue taken at the end of acclimation.

Two caveats, neither a finding on its own: (i) post_natal_trt_start and postnatal_trt_end are both blank, so the animals' age at the start of treatment is not recorded and the pre-maturity judgement rests on the note plus the derived life-history columns rather than on an extracted age; it would be worth filling these from the Methods. (ii) The duration mis-assignment reported in the findings means relative_postnatal_duration is wrong for two of the four rows (0.3288 vs 0.1461 for the same groups), so any developmental-timing moderator analysis will be affected until that is fixed.","I could NOT trace any of the four rows to a specific panel: Fig. 2(a), Fig. 2(b) and Table II were never viewable (see paper_identity for the exhaustive list of retrieval attempts). So mean_t1/mean_t2/sd/n could not be read off the figure, and Table II's content is unknown.

What I DID verify, against the full publisher abstract retrieved from the Crossref API (api.crossref.org, DOI 10.1111/j.0022-1112.2005.00795.x, jats abstract):
- Design and control identity: ""temperatures higher (30 deg C) and lower (20 and 15 deg C) than their native temperature (24.5 deg C)"". Sheet t2 = 24.5 in all four rows and t1 = 15 / 30 -> control and treatment assignment CORRECT; dose (-9.5, +5.5) correct.
- Tissue: abstract says ""white locomotor muscle""; sheet tissue = ""white swimming muscle"", tissue_sum = ""skeletal muscle"" -> CORRECT.
- Measures: abstract reports ""maximal activities and thermal sensitivity of citrate synthase and lactate dehydrogenase"" -> matches measure_listed CS and LDH; the ""thermal sensitivity"" wording corroborates the multi-assay-temperature design in measurement_methods.
- Direction/significance of all four contrasts (abstract): CS and LDH ""similar between control animals maintained at 24.5 deg C and those maintained at 15 deg C""; ""lactate dehydrogenase activity did not change following prolonged exposure to 30 deg C""; ""White muscle from ... 30 deg C had significantly lower citrate synthase activity than did control animals"". The sheet reproduces exactly this pattern: CS 30 C = 0.933 vs control 1.977 (Welch t = 4.96, the only significant contrast); CS 15 C = 1.439 vs 1.977 (t = 2.25, NS); LDH 15 C = 109.9 vs 188.2 (t = 2.20, NS); LDH 30 C = 253.3 vs 188.2 (t = 2.09, NS). So means, SDs and n are mutually consistent with the published significance pattern -- no wrong-panel / wrong-group / order-of-magnitude error is detectable, and units are self-consistent (LDH/CS activity ratio ~95, normal for white muscle).
- The abstract also resolves the extractor note's self-contradiction: enzyme data for the 15 deg C group DO exist, so rows kris_n_545 and kris_n_547 are legitimate rows (see finding on the note).
- No 20 deg C enzyme rows are missing: the abstract frames the enzyme comparison only as 24.5 vs 15 and 24.5 vs 30, implying enzymes were not assayed on the 20 deg C group.

AUTOFLAGS DISMISSED (false alarms): both [SHARED CONTROL] flags. The paper has a single native-temperature (24.5 deg C) control group that is legitimately re-compared against the 15 deg C and 30 deg C groups, and the sheet already declares this correctly (sample_depend = 1, control_multiple_comparisons = ""yes""). This is correct encoding of a real shared control, not duplication.

AUTOFLAGS CONFIRMED: both [CATEGORY] flags -- see findings 1 and 2.

JUDGEMENT CALL NOT REPORTED AS A FINDING: mito_efficiency_dir = 0 for both LDH rows. The project's rule list does not name LDH in either direction. Coding LDH as an inverse indicator (higher anaerobic capacity = lower relative aerobic/mitochondrial function) is defensible and is applied consistently to both LDH rows, so I am flagging it here for the lead's decision rather than as an error. CS = 1 in both CS rows is correct per the rules (mitochondrial marker)."
WildNew8,True,5,"PDF is Zakhartsev M, Johansen T, Portner HO, Blust R (2004) ""Effects of temperature acclimation on lactate dehydrogenase of cod (Gadus morhua): genetic, kinetic and thermodynamic aspects."" Journal of Experimental Biology 207: 95-112, doi:10.1242/jeb.00708 (18 pp.). This matches the sheet metadata exactly: author Zakhartsev, year 2004, class Actinopterygii, Gadus morhua, ""Atlantic cod"". Order/family (Gadiformes/Gadidae) also correct. No identity mismatch.","The paper reports S.E.M. almost throughout, and specifically for the source panel. Fig. 5 legend (p. 104): ""Values are means +/- S.E.M. (N=21 for 4C and N=15 for 12C)."" Same for Fig. 3 (p. 100), Fig. 6, Fig. 7 (p. 104-105), Table 1 (p. 99), Table 3 (p. 100), Table 5 (p. 103) and Table 6 (p. 104). The only S.D. uses are Fig. 1 (p. 98, single typical kinetic curve) and Fig. 8 (p. 106, ""bars representing S.D.""). The sheet handles this correctly: se_t1/se_t2 hold the SEM read off the figure and sd_* = se_* * sqrt(n) exactly for all four values (1.06358*sqrt(21) = 4.8739 = sd_t1 of kris_n_549; 0.86481*sqrt(15) = 3.3494; 0.62420*sqrt(21) = 2.8604; 1.68778*sqrt(15) = 6.5368). No un-converted SEM. The digitised SEMs themselves are close to the figure for three of four points (muscle 4C 0.62 vs ~0.75; muscle 12C 1.69 vs ~1.8; liver 12C 0.86 vs ~0.87); the liver 4C SEM (1.06) looks about twice the plotted bar (~0.5), but that point's caps overlap the liver 12C bar in the figure so I cannot state that with confidence and have not raised it as a separate finding.","Matches. Fig. 5 legend (p. 104) and Table 6 (p. 104, ""Pooled"" rows) both state N=21 fish for the 4 C acclimation group and N=15 for the 12 C group; Table 5 (p. 103) gives the same pooled N=21 and N=15 for each tissue. The sheet's n_t1 = 21 (4 C) and n_t2 = 15 (12 C) are therefore correct for both rows. Note the fish numbers elsewhere in the paper are larger and refer to other analyses, not to the kinetics: 80 fish stocked at 4 C (two tanks of 39 and 41) and 42 at 12 C (p. 96-97); Table 3 reports N=72 and N=25 survivors for growth/condition indices; Table 2/discussion mentions N=26 for the 12 C genetic analysis. The extractor correctly used the kinetics subsample (21/15), not the survivor counts.","Two developmental acclimation temperatures only: 4 C (two tanks, 39 + 41 fish) and 12 C (one tank, 42 fish), held at +/-1 C for 408 days (p. 96-97). There is no untreated control group; the paper frames the design as cold- vs warm-acclimated (""seasonal temperature variation""). The nearest thing to a reference is 12 C, because the fish were pre-acclimated at approximately 10 C from December 1998 until the January 1999 start and because the paper describes 12 C as ""close to the optimal temperature for somatic growth of cod"" while 4 C is ""a common temperature for cod in boreal regions"" (p. 97). The sheet's assignment t1 = 4 (treatment) and t2 = 12 (control/reference), dose = -8 C, units = celsius, is therefore appropriate, and mean_t1/sd_t1/n_t1 = 21 correctly corresponds to the 4 C series while mean_t2/n_t2 = 15 corresponds to the 12 C series (the 4 C series is the larger-N one in both the paper and the sheet). The group-to-column mapping is right; only the values are wrong (see finding 1). Minor design caveat, not an extraction error: 4 C was replicated across two tanks and 12 C in a single tank, so tank is confounded with temperature.","No second developmental manipulation - temperature is the only experimental treatment; fish were fed in excess by automatic feeder, salinity 33 per mille and oxygen above 86% saturation throughout (p. 97), no drugs or supplements. Two crossed factors do exist but neither is a developmental stressor. (1) Acute in vitro assay temperature: LDH kinetics were run at seven assay temperatures (4, 8, 12, 16.5, 21, 25.5, 30 C; p. 98), which is the x-axis of Fig. 5A. The extractor selected assay 12 C, a common assay temperature applied to both groups, which is the defensible choice for a capacity measure and I do not flag it as a non-baseline level - but note it coincides with the warm group's own acclimation temperature, so the cold group is being assayed 8 C above its acclimation temperature. The alternative in the paper is Table 5, which reports each group at its own acclimation temperature. Whichever is used should be stated explicitly, and the sheet's stated level (12 C) is not in fact what the extracted numbers correspond to (finding 1). (2) Ldh-B genotype (a/a, a/b, b/b): a natural polymorphism, not a manipulation, and the extractor correctly used the ""Pooled"" rows rather than a phenotype subgroup. Also correctly avoided: the oxygen-consumption values in Table 3 come from a completely separate experiment on Southern North Sea cod at AWI (N=8, unpublished; p. 97) and are not extracted. Shared samples: the two rows are two tissues from the same individuals, so both the treatment set (21 cold fish) and the reference set (15 warm fish) are shared between rows. The sheet gives both rows sample_depend = 1 (which is constant across all 91 rows of the sheet, so it does not discriminate) and control_multiple_comparisons = ""no"". ""No"" is arguably right under the usual reading of that column (one treatment vs one control, not one control reused across treatment arms), so I have not raised it as a finding, but the non-independence from shared animals should be handled by a study/individual-level random effect and covariance term downstream.","Partly right, with one substantive concern. The species is a fish, so the prenatal/postnatal coding is correct: stage = ""postnatal"" with all prenatal fields blank is appropriate (temperature was manipulated post-hatch). post_natal_trt_start = 365 d, postnatal_trt_end = 773 d, dur_trt_postnatal = total_trt_duration = 408 d also match the paper: cod were raised at ambient temperature in a semi-natural pond through their first year, transferred as one-year-olds, and treated from 19 January 1999 to 7 March 2000 = 408 days (p. 96-97). postnatal_measure_delay = 0 is correct - tissues were sampled on 7 March 2000, the last day of acclimation (p. 97). Concern: the fish were about 1.0 to 2.1 years old during treatment and the paper itself describes them as maturing, not juvenile - ""This is a common phenomenon for maturing cod... physiological changes in preparation for spawning in the spring of the following year... maturation stage have an effect on growth rate"" (p. 99) - and reports end-of-experiment gonadosomatic index of 4.25 (4 C) vs 2.68 (12 C) at a March sampling date (Table 3 and p. 100). So the treatment plausibly spanned development into sexual maturation, and maturation state differed between the temperature groups. The sheet codes age_sexual_maturity = 1095 d (3 y) against a treatment end of 773 d, which places the treatment pre-maturity and so does not capture this; it is also internally inconsistent with postnatal_dev_time = 547.5 d (which yields relative_postnatal_end = 1.41). See finding 4 - this needs an explicit inclusion decision against exclusion criterion 3 rather than a silent pass.","Both rows traced to a specific panel. Sheet `ref` = ""figure5a"" for both; Fig. 5A (p. 104) plots umax (U mg-1 protein) for pyruvate reduction against assay temperature (4, 8, 12, 16.5, 21, 25.5, 30 C) for four series: Muscle 4C (open circle, dashed), Muscle 12C (filled circle, solid), Liver 4C (open triangle, dashed), Liver 12C (filled triangle, solid). I rendered p. 10 at 700 dpi, calibrated the axes from the detected tick positions (y: 0 at px 1373.5, 10 units = 191.33 px; x: 0 at px 412.5, 1 C = 48.91 px) and read the four points at assay 12 C as Muscle 4C = 10.5 +/- 0.75 SEM, Muscle 12C = 16.2 +/- 1.8, Liver 4C = 6.6 +/- ~0.5, Liver 12C = 8.3 +/- 0.87. My calibration is independently validated against the paper's own Table 5 (p. 103) plus eqns 3-4: umax = Vmax/(1+2*sqrt(Km/Ksi)) gives 15.25 (muscle 12C), 8.58 (liver 12C), 4.52 (muscle 4C at 4C assay), 3.88 (liver 4C at 4C assay), all matching my figure reads at the corresponding assay temperatures. Row kris_n_550 (means 8.41/13.95) is the white-muscle row and kris_n_549 (means 4.16/6.27) is the liver row (that is the ordering implied by the `tissue` column and by the relative magnitudes). Also checked: Methods pp. 96-98 (animals, acclimation, sampling, assay design), Table 1 p. 99 (single-fish Vmax vs umax at assay 12 C), Table 3 p. 100 (growth, k-factor, HI, GI), Table 5 p. 103, Table 6 p. 104, Fig. 5B (U g-1 wet mass) and Fig. 8 p. 106 - none of these reproduce the sheet's numbers, so Fig. 5A is definitely the intended source. Automated checks flagged 0 items for this study, so there was nothing to confirm or dismiss. Nothing in the sheet is untraceable; the problem is that the traced values do not match the panel."
l11,True,6,"PDF is Voituron Y., Roussel D., Teulier L., Vagner M., Ternon Q., Romestaing C., Dubillot E., Lefrancois C. ""Warm Acclimation Increases Mitochondrial Efficiency in Fish: A Compensatory Mechanism to Reduce the Demand for Oxygen."" Physiological and Biochemical Zoology 95(1):15-21, January/February 2022 (accepted 18/8/2021, published online 23/11/2021; doi 10.1086/716904). This matches the sheet citation key ""Voituron_et_al_2022"" and the species/system (European sea bass juveniles, skeletal muscle mitochondria, isolated, Clark electrode). Two metadata mismatches inside the sheet: the `year` column says 2021 (citation key and journal issue say 2022), and `genus` is spelled ""Dichentrarchus"" where the paper (and the valid name) is ""Dicentrarchus"". Class Actinopterygii, tissue (skeletal muscle), mito_preparation (isolated) and method (Clark electrode) are all correct.","SEM. Statistical Analyses, journal p. 17 (PDF p. 3): ""Results are presented as mean +/- SEM unless otherwise stated."" Table 1 note, journal p. 18: ""Values are means +/- SEMs from n = 7-10 individual mitochondrial preparations per group."" Figure 1 legend, journal p. 19: ""Values are means +/- SEMs from n = 7-10 individual mitochondrial preparations per group."" The sheet correctly puts these numbers in se_t1/se_t2 and back-converts to sd, so there is no raw SEM-as-SD error; the problem is only which n was used in the conversion (findings 1 and 2).","The paper states only a range: ""n = 7-10 individual mitochondrial preparations per group"" (Table 1 note, p. 18; Fig. 1 legend, p. 19). The sheet uses n_t1 = n_t2 = 8 for all 14 rows (extractor note: average 8.5 rounded down). However the reported ANOVA degrees of freedom pin the per-group n exactly. Results, p. 17: within-acclimation-group one-way ANOVAs across the three assay temperatures give ""18C: F2,27 = 9.32; 22C: F2,27 = 7.69; 26C: F2,18 = 3.49"" (ETSmax) and F2,18 for LEAK and mtAS in the 26C group; df2 = N - 3, so N = 30 for the 18C and 22C groups (n = 10 per assay temperature) and N = 21 for the 26C group (n = 7). The Table-1 omnibus tests are all F2,72, and 72 = 81 - 9 cells, which is exactly 3x10 + 3x10 + 3x7 = 81 - i.e. 10/10/7. The Figure-1 omnibus tests are F2,75, and 75 = 84 - 9, i.e. 10/10/8. So n_t2 (the 22C control) should be 10 throughout, n_t1 should be 10 for the 18C rows, and 7 (Table 1) or 8 (Fig. 1) for the 26C rows. Sheet's uniform n = 8 is therefore wrong for 12 of the 14 rows' control cells and treatment cells (see finding 1).","Three acclimation temperatures: 18C (low), 22C (optimal), 26C (high), held for 2 months (Methods, p. 16; measured rearing temperatures 18.3+/-0.2, 22.0+/-0.3, 26.0+/-0.2; n = 2 tanks per temperature, 14 fish/tank at the start). 22C is the biologically appropriate reference - the paper explicitly chose it as ""the temperature considered optimal in terms of aerobic scope for this species when located in the North Atlantic, which is 22C"". The sheet assigns t2 = 22 (control) and t1 = 26 or 18 (treatment) on every row, with dose = +4 / -4, which is correct. One contextual note (not an extraction error): all fish were first held at 12.6C +/- 0.6 for 6 weeks on arrival and then ramped 1C/3 d, so the 22C ""control"" was itself warmed ~9.4C from the holding temperature - there is no unmanipulated thermal reference in this design.","Yes - temperature acclimation is fully crossed with ACUTE ASSAY TEMPERATURE (each acclimation group's mitochondria were assayed at 18C, 22C and 26C; Methods p. 16 and p. 17, Table 1 rows, Fig. 1 x-axis). No other manipulation: all groups got the same commercial pellets on the same schedule, salinity 33.7-34.3, oxygen never below 90% saturation, no drugs, diets or supplements; the only chemicals are the standard in-chamber reagents (oligomycin, FCCP, antimycin, ADP). All 14 sheet rows come from the 22C assay level, which is the defensible baseline (it is the optimum and equals the control group's own acclimation temperature), so criterion 4 is satisfied and no row comes from a non-baseline level of the second factor. Two caveats worth the lead's attention rather than a finding: (i) at a common 22C assay the 18C- and 26C-acclimated mitochondria are being tested 4C away from their acclimation temperature, so the effect sizes blend acclimation with an acute thermal challenge; (ii) the paper emphasises that when each group is assayed at its OWN acclimation temperature (Fig. 1D-F and the bold Table-1 cells) LEAK, ETSmax, mtAS, RCR and the fluxes are NOT significantly different among groups, and only ATP/O remains higher in the 26C group - so the sign and size of most of these 14 effect sizes is an artefact of the assay-temperature choice, not a robust acclimation effect. The choice made (common 22C assay) is the right one for the review; it should just be recorded as the assay-temperature level.","Animals were pre-sexual-maturity, so criterion 1 is met: farmed juvenile European sea bass of initial mass 78.7 +/- 3.5 g (Methods, p. 16), treated for 2 months and sampled as juveniles - far below the size/age at sexual maturity in D. labrax. Stage coding is right: `stage` = postnatal with all prenatal_* fields blank is correct for a post-hatch fish, and there is no prenatal component to this design. The paper reports NO age, so post_natal_trt_start = 636 d and postnatal_trt_end = 696 d are extractor estimates (midpoint of the juvenile size range plus 45 d), transparently documented in the extractor note - these should be treated as imputed, not extracted. postnatal_measure_delay = 1 day is consistent with euthanasia followed immediately by mitochondrial isolation. The recorded 60-day duration matches ""maintained in their respective thermal condition for 2 mo"" but not the extractor note's own stated method (see finding 6).","All 14 rows traced to a specific source.

Table-1 rows (merged_367-374, journal p. 18 / PDF p. 4) - all taken from the assay-temperature = 22 C row of Table 1, and every mean and SEM matches the printed table exactly: LEAK 18C-accl 7.3+/-1.3, 22C-accl 6.1+/-0.4, 26C-accl 5.9+/-0.8; ETSmax 116.4+/-13.6, 79.0+/-8.3, 64.7+/-8.3; mtAS 109+/-13, 73+/-8, 59+/-8; RCR 19.5+/-3.1, 13.0+/-1.4, 11.8+/-1.5. Correct column (acclimation group) and correct row (assay 22) in every case; sd = se*sqrt(8) for all of these.

Figure-1 rows (merged_361-366, journal p. 19 / PDF p. 5) - traced to the assay-temperature = 22 C points of panels A (oxygen consumption), B (ATP synthesis) and C (ATP/O), not the panel D-F bars. Digitised means agree with the plotted points: panel A 18C-accl ~112 (sheet 111.2), 22C-accl ~95 (94.9), 26C-accl ~64 (64.3); panel B ~290 (290.5), ~242 (241.8), ~183 (183.5); panel C 26C-accl ~2.85 (2.850), 18C-accl ~2.59 (2.589), 22C-accl ~2.50 (2.494). Group identity (18 = filled black, 22 = open, 26 = red/""gray"") is not swapped. Digitised SEMs are consistent with the plotted error bars. All within digitising noise - no value discrepancies reported.

Nothing reported in the paper was missed: cytochrome c oxidase is mentioned in Methods but no COX result is reported anywhere, and panels D-F / the bold Table-1 cells are alternative presentations of the same animals, correctly not double-extracted.

Autoflags dismissed as false alarms:
- ""[merged_369] sd_t1 == sd_t2 exactly (23.4759)"" - genuine coincidence in the paper: Table 1, assay 22, ETSmax SEM is 8.3 for BOTH the 18C and the 26C column... specifically 79.0+/-8.3 (22C control) and 64.7+/-8.3 (26C). Not a copy error.
- ""[merged_371] sd_t1 == sd_t2 exactly (22.6274)"" - same: Table 1 mtAS at assay 22 is 73+/-8 (22C) and 59+/-8 (26C). Not a copy error.
- All six [SHARED CONTROL] flags - confirmed legitimate, not errors. The paper has a single 22C acclimation group (2 tanks) which is the reference for both the 26C and the 18C contrast; the sheet marks control_multiple_comparisons = ""yes"" and gives the two contrasts different sample_depend codes, so the dependency is declared. (One residual caveat: the shared 22C control animals are shared ACROSS the two sample_depend clusters, not within them, so sample_depend alone does not encode the control sharing - control_multiple_comparisons does.)
- The eleven ""sd != se*sqrt(n)"" flags are CONFIRMED (finding 2), not false alarms.

Not reported (judged acceptable, noted for the lead): ATP-synthesis rate is filed under measurement_category ""metabolic capacity"" while the ATP/O ratio computed from it is ""respiration"" - defensible either way; `sex` = ""both"" is an assumption (the paper never reports sex of the juveniles)."
l12,True,1,"Matches. PDF is Tang, X., Xi, L., Niu, Z., Jia, L., Bai, Y., Wang, H., Ma, M., Chen, Q. (2022) ""Does a Moderately Warming Climate Compensate for the Negative Effects of UV-B Radiation on Amphibians at High Altitudes? A Test of Rana kukunoris Living on the Qinghai-Tibetan Plateau"", Biology 11: 838 (MDPI), doi 10.3390/biology11060838. The file contains both the typeset article and the proof version interleaved (19 pages). Sheet metadata (Tang, 2022, Amphibia, Rana kukunoris, Plateau brown frog, whole animal) all agree with the paper.","SEM. Section 2.9 Statistical Analyses (p. 7): ""All the data are represented as means +/- SE."" Figure 3 caption (p. 9) and Figure 4 caption (p. 10) both state ""Data are presented as means +/- standard error."" Tables 1 and 2 also say mean +/- SE. The sheet handled this correctly in kind - the digitised value went into se_* and sd_* was back-calculated as se x sqrt(n) (sd != se, so this is not an un-converted SEM row) - but the conversion used n = 40, which is wrong (see findings).","The only explicit number for these assays is Section 2.3 (p. 4): ""Forty tadpoles in each group were euthanized ... for measurements of oxidation damage, antioxidant capacity, and gene expression"" - this is the number of animals frozen, from which subsamples were drawn (qPCR used only 3 per treatment, Section 2.7). The ANOVA error df for the six extracted traits (F3,28 MDA; F3,20 carbonyl; F3,22 CAT; F3,25 SOD; F3,23 GSH:GSSG and T-AOC) imply 6-8 analysed samples per group, not 40. So n_t1/n_t2 = 40 does NOT match the analysed sample size. Other sample sizes in the paper for context: 480 tadpoles allocated to 4 groups (120/group, 3 containers each); 50/group for Tpre; 10/group for CTmax/CTmin and burst swimming; 8/group for avoidance temperature; 15/group for coloration; 5/group for histology; 3/group for qPCR.","Two rearing temperatures, 14.0 +/- 0.5 and 22.0 +/- 0.5 degrees C, for 21 days (Sections 2.2-2.3, pp. 3-4). 14 degrees C is the biologically appropriate control/reference: it ""was about the same level as the average temperature in the sampling ponds"" (mean pond temperature during activity 13.55 +/- 0.76 degrees C); 22 degrees C is the experimental ""warm temperature group"", set from the maximum daily average pond temperature plus the projected plateau warming rate. The sheet assigns t1 = 22 (treatment) and t2 = 14 (control), with dose = 8 degrees C - correct on all counts, and mean_t1/sd_t1/n_t1 do correspond to the 22 degrees C bars.","Yes - the design is fully factorial temperature (14 vs 22 degrees C) x UV-B radiation (UVBR-free vs 300 microW/cm2, ~5% of field maximum), giving four groups: 14/UVB+, 14/UVB-, 22/UVB+, 22/UVB- (Sections 2.2-2.3, pp. 3-4). The extraction correctly used the baseline level of the second factor: every one of the six rows takes its means from the two UVBR-free (patterned) bars in Figures 3 and 4, which I verified panel by panel (e.g. CAT 14.48 and 6.39 are the 22/UVB- and 14/UVB- bars, not the 18.4 and 14.0 UVB+ bars; SOD 300.4 and 281.4 are the UVB- bars, not 462 and 353). This matches the extractor note. No row is drawn from a non-baseline UVB level, and no group received a second developmental manipulation, so inclusion criteria 3 and 4 are satisfied. Note that no temperature contrast is available at the UVBR-free level for the qPCR traits (Figure 5), because Section 2.7 used the 14 degrees C/UVBR group as the 2^-deltadeltaCt reference; those traits were correctly not extracted.","Correct. Tadpoles were collected at Gosner stage 22-23, held ~1 week to stage 25-26, then exposed to the temperature treatments for 21 days (Section 2.3, p. 4), ending at Gosner 34 (14 degrees C/UVB-free) to 39 (22 degrees C/UVB-free) - still larvae, pre-metamorphic, and far short of sexual maturity (~2 years in this species per the extractor note). So the manipulation is entirely pre-sexual-maturity and does not span into maturity. Stage coding ""postnatal"" with postnatal_trt_start = 0, postnatal_trt_end = 21, dur = 21 days, total = 21 days is right for a free-living amphibian larva, and the empty prenatal fields are correct (no embryonic/maternal exposure). postnatal_measure_delay = 0 is also right: animals were euthanised at the end of the 21-day exposure. sex = ""both"" is appropriate for unsexed, sexually undifferentiated tadpoles. On shared controls: all six rows share the same single 14 degrees C/UVBR-free group of animals (six different assays on the same cohort); sample_depend = 1 flags this, and control_multiple_comparisons = ""no"" is defensible because there is only one treatment group per control, not multiple doses - but the six rows are non-independent and must be handled with a study/cohort random effect.","All 6 rows traced to a specific panel and both group bars identified. Figure 3 (p. 9): 3A MDA = merged_380, 3B protein carbonyl = merged_379. Figure 4 (p. 10): 4A CAT = merged_375, 4B SOD = merged_376, 4C GSH/GSSG = merged_378, 4D T-AOC = merged_377. The `ref` panel letters are all correct and `descrp_measure`, `units`, `tissue` (whole-body homogenate, Section 2.6), `measurement_category` and `mito_efficiency_dir` are all correct for every row (CAT/SOD/T-AOC antioxidant dir=1; GSH:GSSG ""oxidative stress"" dir=1, consistent with the identical coding of GSH/GSSG in study s75; MDA and protein carbonyl ""oxidative damage"" dir=0). All six means match the UVBR-free (UVB-) bars to within digitising noise: MDA 68.3 vs ~68 and 36.0 vs ~36; carbonyl 56.6 vs ~57 and 26.9 vs ~27; CAT 14.48 vs ~14.3 and 6.39 vs ~6.4; SOD 300.4 vs ~300 and 281.4 vs ~282; GSH:GSSG 0.563 vs ~0.56 and 0.241 vs ~0.24; T-AOC 4.07 vs ~4.05 and 1.92 vs ~1.94. The digitised se_* values also match the plotted error bars. Zero automated flags were listed for this study, so there was nothing to dismiss. Only one genuine problem found (sample size, and the SD derived from it)."
s16,True,4,"The PDF is Madkour M., Aboelazab O., Abd El-Azeem N., Younis E., Shourrap M. (2022) ""Growth performance and hepatic antioxidants responses to early thermal conditioning in broiler chickens"", Journal of Animal Physiology and Animal Nutrition, DOI 10.1111/jpn.13679 (received 9 Sep 2021, accepted 21 Dec 2021; 10 pages). This matches the sheet metadata exactly: author = Madkour, year = 2022, class = Aves, Gallus gallus, broiler chicken (Cobb 500). No identity mismatch.","Mixed and, for the extracted figures, UNSTATED. Table 2 (p.4) is explicitly titled ""Growth performance (+/- SE) of broilers subjected to early- age thermal conditioning"". Figure 2 (p.5) carries an in-panel annotation ""P<0.05; SEM= 2.218"" (a single pooled SEM). Statistical analysis (Methods 2.6, p.4) reports only one-way ANOVA with Duncan's multiple range test and says nothing about the error statistic plotted in Figures 3-5. Figures 3, 4 and 5 show error bars but neither the captions nor the axis labels state whether they are SD, SEM or CI.

The sheet is internally consistent with an SEM reading: for every one of the 15 rows sd = se x sqrt(10) exactly (e.g. merged_25: se_t1 = 0.13889, sd_t1 = 0.43921 = 0.13889 x 3.16228). So there is NO un-converted-SEM (sd == se) error anywhere in this study. I verified at 600 dpi that the recorded se values equal the plotted error-bar half-lengths (Fig 3a: TC3 bar 5.2 with cap to ~5.35 vs se 0.139; TC5 7.6 with cap to ~7.9 vs se 0.298; TC7 8.6 with cap to ~9.0 vs se 0.437). Given the paper's own convention elsewhere (Table 2 = SE, Figure 2 = SEM), treating the Figure 3-5 bars as SEM is the defensible choice, and I am not reporting it as a defect. It does remain an assumption: if the bars were actually SDs, the sheet's SDs are inflated 3.16x and the (already extreme) effects would be larger still, not smaller.","n = 10 per group for all hepatic measures, matching the sheet exactly (n_t1 = n_t2 = 10 on all 15 rows). Methods 2.4 (p.3): ""At slaughtering time, livers were quickly removed from ten slaughtered chickens of each group and immediately placed in 5 ml cryotubes, frozen (liquid N2)"". (The n = 15/group in Methods 2.3, p.3, applies only to plasma corticosterone, i.e. Figure 2, which was correctly not extracted; the n = 5/group in Methods 2.5 applies to the histology in Figure 6.)

Caveat not an extraction error: each group of 60 chicks was ""ranked in five replicates"" (pens) (Methods 2.1, p.2), so the 10 sampled livers are sub-samples of 5 pens; n = 10 is bird-level, not pen-level. That is what the paper reports, so n = 10 is the right value to enter.","Treatment: thermal conditioning at 39 degrees C for 6 h on a single day (day 3, 5 or 7 of age) — Abstract p.1 and Methods 2.1 p.2. Control: ""The control group was maintained under 30 +/- 2 degrees C during the first week and then gradually decreased by 0.5 degrees C/day until 25 +/- 1 degrees C was reached"" (Methods 2.1, p.2; schedule in Figure 1). Because all extracted comparisons occur on days 3-7, i.e. within the first week, the control ambient temperature at the time of treatment and sampling is 30 degrees C.

Sheet assignment is correct: t1 = 39 (treatment, TC3/TC5/TC7) and t2 = 30 (control, C3/C5/C7) on all 15 rows, with dose = 9 degrees C. The biologically appropriate reference is the AGE-MATCHED control (C3 for TC3, C5 for TC5, C7 for TC7), and that is what was used — the extractor correctly did not use Con.0 (control sampled at hatch), which would have introduced an age confound given the strong age gradient visible in Figures 4a and 5c. mean_t1/sd_t1/n_t1 hold the 39 degrees C group and mean_t2/sd_t2/n_t2 the 30 degrees C control in every row; no treatment/control swap.","Yes, there is a second factor, and the extraction handled it correctly. At the end of the 5-week trial ""all chicks were exposed to heat challenge at 36 degrees C for 6 h, resulting in four groups, control exposed (CE), 3 days conditioned exposed (TCE3), 5 days conditioned exposed (TCE5) and 7 days conditioned exposed (TCE7)"" (Methods, p.3). Figures 3-5 therefore have a paired structure: panels a/c = post-conditioning, pre-challenge (bars Con.0, C3, TC3, C5, TC5, C7, TC7); panels b/d = 35 DOA after the 36 degrees C challenge (bars CE, TCE3, TCE5, TCE7).

All 15 sheet rows come from the panels a/c — the BASELINE (no acute heat challenge) level of the second factor — as the ref column states (figure3a, figure4a, figure4c, figure5a, figure5c), and I confirmed this against the bar heights and the age gradient. No row is drawn from a non-baseline level. No drug, supplement, dietary or other manipulation was crossed with temperature (single commercial starter/grower diet for all groups, Table 1, p.3); the only other reported manipulation is the terminal heat challenge, which post-dates the extracted measurements.

The only related defect is that the recorded postnatal_measure_delay (30-48 days) belongs to the 35-DOA panels rather than the panels actually used — reported as the first finding.","Correct and unambiguously pre-sexual-maturity. Conditioning was a single 6 h exposure to 39 degrees C on day 3, 5 or 7 post-hatch (Methods 2.1, p.2), and measurement for the extracted rows was on that same day; broilers do not reach sexual maturity until roughly 20+ weeks, so treatment occurred deep in the post-hatch developmental window (the paper itself calls ""the first week of age of broiler chicks"" a ""critical period"", p.2). Treatment does not span into sexual maturity.

The stage coding is right: stage = postnatal, with post_natal_trt_start / postnatal_trt_end = 3/3, 5/5, 7/7, dur_trt_postnatal = total_trt_duration = 6 hours, and all prenatal_* fields left blank. The paper's conditioning is entirely post-hatch (it contrasts this with pre-hatch/embryonic conditioning done by other studies), so no prenatal coding is warranted. Inclusion criterion 1 (experimental temperature manipulation before sexual maturity) is satisfied; this is not seasonal or field acclimatisation.","All 15 rows traced to a specific panel, and every mean verified against the digitised bar height.

- merged_25/26/27 -> Figure 3a (p.5), ""MDA (nmol/g tissue)"", post-conditioning panel, bars C3/TC3, C5/TC5, C7/TC7. Sheet TC3=5.22 vs C3=1.47; TC5=7.56 vs C5=2.60; TC7=8.57 vs C7=2.92 — all match the plot (C3~1.45, TC3~5.2, C5~2.55, TC5~7.6, C7~2.9, TC7~8.6). Units nmol/g tissue correct.
- merged_28/29/30 -> Figure 4a (p.6), ""Glutathione (mg/g tissue)"". Sheet TC3=12.78/C3=22.69, TC5=27.41/C5=40.74, TC7=28.89/C7=42.31 — match plot (~12.7/22.3, ~27.3/40.5, ~28.8/42.3). Units mg/g tissue correct.
- merged_31/32/33 -> Figure 4c (p.6), ""GST (U/g tissue)"". Sheet TC3=23.81/C3=24.18 (both labelled ""d"", i.e. n.s.), TC5=26.27/C5=35.22, TC7=26.79/C7=36.57 — match plot. Units U/g tissue correct.
- merged_34/35/36 -> Figure 5a (p.6), ""Catalase (U/g tissue)"". Sheet TC3=2.43/C3=5.00, TC5=1.88/C5=2.50, TC7=1.46/C7=2.08 — match plot. Units U/g tissue correct.
- merged_37/38/39 -> Figure 5c (p.6), ""SOD (U/g tissue)"". Sheet TC3=8.41/C3=18.41, TC5=27.85/C5=33.46, TC7=16.45/C7=41.87 — match plot. Units U/g tissue correct.

Correctly done: tissue = liver for all rows (Methods 2.4, p.3, hepatic homogenate supernatant); t1=39, t2=30 degrees C; dose=9 degrees C; n=10/group; each treatment paired with its own age-matched control (C3, C5, C7) rather than with Con.0; rows drawn only from the pre-heat-challenge (post-conditioning) panels a/c, not from the 35-DOA heat-challenged panels b/d — this is the correct baseline level of the second factor; mito_efficiency_dir = 0 for MDA and 1 for GSH/GST/CAT/SOD; measurement_category = ""oxidative damage"" for MDA and ""antioxidant"" for the four antioxidant measures; oxidative_damage_category = ""lipids"" for MDA; descrp_measure text matches the measure in every row; measurement_methods ""BioDiagnositic kits"" matches Methods 2.4; sample_depend = 1/2/3 correctly groups the five measures that share the same 10+10 birds at each sampling age.

AUTOMATED FLAG — DISMISSED as a false alarm. ""[merged_25] EXTREME effect: SMDH~10.5"". I zoomed Figure 3a at 600 dpi: the TC3 bar sits at 5.2 with an error-bar cap reaching ~5.35 (half-length ~0.14) and the C3 bar at 1.45 with a cap of ~0.08. The digitised se values (0.1389 and 0.0794) reproduce the plotted half-lengths, the panel is the right one (a, not b), the units are nmol/g tissue as labelled, and the groups are the right pair (TC3 vs its own control C3). The extractor DID convert (sd = se x sqrt(10): 0.1389 x 3.1623 = 0.4392), so this is not an un-converted SEM. The extreme SMD is a genuine property of the paper's figure, which plots implausibly tiny error bars (3-5% of the mean) for n=10 field-reared broilers. No extraction defect, but this study will be a highly influential outlier and is worth a leave-one-out/sensitivity check.

Shared-control note (reported as a low-severity finding below): Methods 2.1 (p.2) makes clear that Con.0, C3, C5, C7 and CE are all subsamples of the SINGLE control rearing group (group 1 of 4, 60 chicks in 5 replicate pens), so the three control means come from one control cohort."
s2,True,3,"PDF is Stier A, Monaghan P, Metcalfe NB (2022) ""Experimental demonstration of prenatal programming of mitochondrial aerobic metabolism lasting until adulthood"", Proc. R. Soc. B 289: 20212679 (doi:10.1098/rspb.2021.2679). This matches the sheet metadata (author Stier, year 2022, class Aves, Japanese quail). One trivial error: the sheet spells the genus ""Cortunix""; the paper uses Coturnix japonica (p.2, Methods 2a).","SEM. Figure 1 legend (p.4) states explicitly: ""means are presented +/- s.e.""; the only other error statistics in the paper are 95% CIs on the standardised estimates in Figure 2 and on the repeatability estimates in Figure 3, neither of which was extracted. The sheet handles this correctly: se_* columns hold the digitised SEM and sd_* = se_* * sqrt(n) exactly for all 48 cells (verified numerically), so there is no un-converted-SEM problem in this study.","The paper states (p.4): ""the final dataset includes n = 136 mitochondrial (measurements from n = 76 individuals (L = 20, M = 20, H = 16 and U = 20)). A few (n = 8) ETS values being non-biological (ETS < ROUTINE) were removed"". The sheet matches these individual counts: n_t1 = 16 for all 38.4 C (high) rows, n_t1 = 20 for all 37.7 C (medium) rows, n_t2 = 20 for the control rows - correct for ROUTINE, OXPHOS, LEAK and OxCE. For the two ETS-dependent measures (ETS, FCR_R/ETS) the extractor used 14 (high) and 18 (medium/control), assuming the 8 removed ETS values were spread 2 per treatment group; the paper does not say where they came from, and the extractor note documents this assumption, so I accept it. Two caveats worth recording but not, in my view, extraction errors: (i) 136 measurements out of a possible 152 (76 birds x 2 ages) means roughly 16 age-specific measurements are missing, so the true per-age-per-group n is somewhat below 20/20/16 - the paper gives no breakdown, so the stated group sizes are the best available; (ii) the 2-per-group ETS deduction was applied at BOTH ages, which if the 8 removals were spread over both ages makes the ETS/FCR n's about 1 too low per cell (conservative, since it slightly inflates the back-calculated SD).","Four prenatal incubation regimes (Methods 2a, p.2): high (H) = 38.4 C constant, medium (M) = 37.7 C constant, low (L) = 37.0 C constant, and unstable (U) = 37.7 C with five 30-min incubation recesses per day giving a 37.0 C daily average. The sheet extracts two contrasts - H vs L (t1 = 38.4, t2 = 37, dose 1.4) and M vs L (t1 = 37.7, t2 = 37, dose 0.7) - and correctly leaves the U group out as a separate treatment, which is right because U is a temperature-stability manipulation rather than a clean mean-temperature contrast. t1 always correctly identifies the treatment group and the t1 means are all correct. The reference assignment (L = 37.0 C as control) follows the paper's own framing (effects are described throughout as relative to the low-temperature group, and L is described as U's ""matched control for developmental speed"", p.2); note, though, that 37.0 C is at the cold end for artificial incubation of Japanese quail and M (37.7 C) is closest to the standard optimum, so L is arguably a cold treatment rather than a neutral control - a defensible but reviewable choice. The serious problem is execution, not assignment: in Fig 1a and 1b the control CELL was actually read off the unstable (U) series, not the low series (see finding 1), which for the four medium rows reduces the nominal 0.7 C contrast to a 37.7-vs-37.7 stability contrast.","Temperature is not crossed with any second developmental manipulation. The only additional factor in the design is temperature STABILITY (the U group), which is a fourth level of the same prenatal treatment rather than a crossed factor, and sex, which was fitted as a covariate (a sex effect on OxCE is reported on p.5); the extracted rows pool both sexes (""both""), matching the plotted group means. No drugs, supplements, diet, UV, hypoxia or CORT manipulation; all birds received identical post-hatching husbandry (21 C rooms, common food, brooder heat removed at day 15, Methods 2a). The respirometry assay temperature was 40.0 C for every sample (Methods 2c, p.3), so there is no acute-test-temperature factor. However, eight rows do in effect draw on a non-baseline level of the stability factor: merged_1/2/7/8/13/14/19/20 use the unstable (U) group as their control (finding 1), which makes those comparisons confounded with the recess/instability manipulation and, for the four medium rows, removes the temperature difference entirely. The 8-OHdG oxidative-damage data were not extracted, correctly - Figure 2 reports only standardised regression slopes, not treatment-group means.","Yes, the manipulation was entirely pre-hatching and well before sexual maturity. Eggs were incubated at the assigned constant temperature from the start of incubation to hatching (Methods 2a, p.2); the sheet codes stage = ""prenatal"", prenatal_trt_start = 0, prenatal_trt_end = 16.5, prenatal_dur = 16.5 days, total_trt_duration = 16.5 days with postnatal duration blank, which is consistent with the paper (the exact incubation length is not given in this paper, so the extractor's ~16.5 d estimate from the literature is reasonable for Coturnix japonica) and treatment ended at hatching (Day 0). Quail reach sexual maturity at ca 50 days (p.2), so the manipulation is unambiguously pre-maturity and criterion 1 and the ""no treatment spanning into sexual maturity"" exclusion are both satisfied. The prenatal/postnatal stage coding is correct. Measurement timing is Day 20 (peak growth) and Day 60 (early adulthood, i.e. after maturity) post-hatch, correctly entered in prenatal_measure_delay as 20 and 60 days except for the two LEAK rows in finding 2; measuring after maturity is not an inclusion problem because the manipulation itself was prenatal.","All 24 rows were traced to a specific panel of Figure 1 (p.4), the only figure with group means for mitochondrial traits. I digitised every panel programmatically from a 260-dpi render (colour-keyed to the legend: high=red, medium=green, low=orange, unstable=blue; axis calibration from the tick labels), which gave: (a) ROUTINE d20 H 35.7 / M 30.4 / L 30.9 / U 31.9, d60 H 30.3 / M 29.8 / L 28.0 / U 31.4; (b) OXPHOS d20 H 30.7 / M 26.7 / L 27.1 / U 27.7, d60 H 25.1 / M 24.5 / L 22.7 / U 25.4; (c) LEAK d20 H 5.05 / M 3.61 / L 3.70 / U 4.13, d60 H 5.13 / M 5.23 / L 5.21 / U 5.92; (d) ETS d20 H 50.3 / M 43.4 / L 46.7 / U 45.1, d60 H 53.4 / M 50.7 / L 47.1 / U 52.1; (e) OxCE d20 H 0.857 / M 0.880 / L 0.878 / U 0.869, d60 H 0.832 / M 0.825 / L 0.812 / U 0.808; (f) FCR_R/ETS d20 H 0.688 / M 0.711 / L 0.671 / U 0.710, d60 H 0.573 / M 0.603 / L 0.592 / U 0.603. Jitter order in every panel is low<medium<unstable<high, and the significance letters in panels a and b match the Results text, so the colour/series assignment is certain.

Treatment (t1) means are correct in all 24 rows (within 1-2 px of the plotted marker). Units (pmol O2 s-1 ml-1; unitless for the two FCRs), tissue (red blood cells), measure identity, descrp_measure, measurement_category (""respiration"") and mito_efficiency_dir (LEAK=0, all others=1) are all correct. sd = se*sqrt(n) holds exactly for all 48 cells, i.e. the SEM-to-SD conversion was done properly.

Automated flags: all 12 were [SHARED CONTROL] flags. All 12 are FALSE ALARMS in the sense that they are not extraction errors - the design genuinely has one reference group re-compared against both the high and the medium treatment, so each control cell legitimately appears in 2 rows. They are real statistical dependencies that must be modelled, and note two dependencies the flags did not catch: (i) blood was taken from the SAME individuals at day 20 and day 60 (Methods 2b), so the day-20 and day-60 rows are repeated measures on the same birds (sample_depend=1 for all high rows and 2 for all medium rows does group these, and control_multiple_comparisons=""yes"" flags the shared reference); (ii) the six panels are all derived from one respirometry run per sample, so ROUTINE/OXPHOS/LEAK/ETS/OxCE/FCR within a cell are not independent measures.

Minor items not raised as findings: mito_ambiguity is coded ""ambiguous"" for merged_3 but ""not-ambiguous"" for merged_9/15/21, which are the same LEAK measure (internal inconsistency only); merged_12 and merged_24 record a day-60 control of 0.600 for FCR_R/ETS where low=0.592 and medium/unstable=0.603 in Fig 1f - the three day-60 markers overlap there, so I treat this as digitising noise rather than a wrong-series pick; merged_4/merged_16 record 47.059 for the day-20 low ETS point that I read as 46.74 (the low series is almost flat in panel d, 46.74 vs 47.13), again within digitising noise. 8-OHdG was correctly not extracted - Figure 2 shows only standardised regression estimates, not treatment-group means."
s23,True,5,"PDF is Wen B., Jin S.-R., Chen Z.-Z., Gao J.-Z., Wang L., Liu Y., Liu H.-P. (2017) ""Plasticity of energy reserves and metabolic performance of discus fish (Symphysodon aequifasciatus) exposed to low-temperature stress"", Aquaculture 481: 169-176 (doi 10.1016/j.aquaculture.2017.09.002). This matches the sheet metadata exactly: author Wen, year 2017, genus/species Symphysodon aequifasciatus, class Actinopterygii. ""Blue discus fish"" is an acceptable common name for S. aequifasciatus. Tissues in the sheet (lateral/skeletal muscle for ETS; liver for ALP/LDH/ALT/AST) match the paper (CEA and ETS measured in muscle, Methods 2.2, p.170; metabolic enzymes measured in liver, Methods 2.4, p.171; Fig. 2 caption ""muscle tissue"", Fig. 4 caption ""liver tissue"").","The paper never states what its error bars or ""±"" values represent. Fig. 2 caption (p.173) and Fig. 4 caption (p.174) describe only the significance lettering; Fig. 3 caption (p.174) says nothing about error; Table 2 (p.175) gives values such as ""IBW 9.23 ± 2.01"" with no definition; Methods 2.5 (p.171) describes the ANOVA/Bonferroni/Tukey analyses but no dispersion statistic. So criterion 2 (""a reported error statistic"") is not satisfied by the paper text itself. The extractor's note records that the authors were contacted and confirmed the bars are standard deviations, which resolves it. This is corroborated internally: Methods 2.1 (p.170) reports ""initial body weight 9.24 ± 1.63 g"" for the 270 fish, which can only be an among-individual SD, and Table 2's IBW (9.23 ± 2.01, 9.42 ± 1.60, 9.08 ± 1.31) is of the same magnitude. The sheet is coded consistently with SD: sd_* holds the digitised bar length and se_* = sd_*/sqrt(3) on all 40 group cells (verified to <1% on every row), so there is no un-converted-SEM problem here. Note only that if the author confirmation were ever withdrawn, every SD in this study would be a factor of sqrt(3) = 1.73 too small.","Methods 2.1 (p.170): 270 juveniles into 27 aquaria of 10 fish, 9 aquaria per temperature group; ""On days 0, 14 and 28, 30 individuals were randomly sampled from three aquaria of each treatment... The liver and part of the lateral muscle tissues of ten fish were pooled for each biological replicate"". That gives 3 pooled biological replicates per temperature x time cell, which is what the sheet records (n_t1 = n_t2 = 3 on all 20 rows). Confirmed independently by Table 1 (p.172): the two-way ANOVA has Temp df = 2, Time df = 2, Temp x time df = 4, consistent with 3 x 3 x 3 = 27 observations (error df = 18). n = 3 is therefore correct, with the caveat that each replicate is a pool of 10 fish (pseudoreplication at the individual level, correctly handled as n = 3). The only other n in the paper is the respirometry n = 3 individual fish (Methods 2.1 and 2.3), which relates to Fig. 3 (OCR) and was not extracted. No n_t1/n_t2 mismatch found.","Three experimentally assigned rearing temperatures: 28 C (control), 24 C and 20 C, reached by lowering 1 C/day from 28 C and then held for 28 days (Methods 2.1, p.170). The paper is explicit about the reference group: ""The water temperature in the third group was maintained at 28 C to serve as the control treatment"", and 28-29 C is the species' optimum (Pirhonen et al. 2014, cited p.170). The sheet assigns t2 = 28 (control) and t1 = 20 or 24 (treatment) on all 20 rows, with dose = -8 and -4 C in celsius - correct and correctly signed. Each of the five measures contributes 4 rows: (20 vs 28) and (24 vs 28) at day 14, and the same pair at day 28. Temperatures, control assignment and dose are all right; no wrong-group or reversed-comparison problem was found.","No second experimental stressor. The design is temperature-only, crossed with exposure time (0, 14, 28 d) as a repeated sampling factor, not with UV, hypoxia, diet, CORT, salinity or acute assay temperature (Methods 2.1, p.170; Table 1, p.172, tests only Temp, Time and Temp x time). Feeding was identical across groups (""beef heart hamburger"" at 5% wet mass during the 30-day pre-trial acclimation, Methods 2.1); no drug or supplement was given. Exposure time is the only other factor, and all sheet rows come from days 14 and 28, both legitimate levels. One measurement-temperature caveat worth recording but not a violation: the ETS assay itself was run at a single fixed 20 C for all groups (Methods 2.2, p.170: ""The reaction was started by adding 100 uL 8 mM p-iodonitrotetrazolium to proceed at 20 C for 10 min""), so ETS rows are common-garden assays and not confounded by assay temperature. Respirometry (Fig. 3, not extracted) was instead run at each group's own holding temperature (Methods 2.3, p.171: ""The magnetic stirrer was set at the same temperature at which the fish were being maintained""), i.e. OCR would have been confounded with acute test temperature - another reason its exclusion is appropriate. Criterion 3 is met: no animal received a second developmental manipulation, and this is an experimentally assigned laboratory temperature, not seasonal/field acclimatisation.","Yes, animals were pre-sexual-maturity throughout. The paper calls them ""juvenile discus fish"" with initial body weight 9.24 ± 1.63 g (Methods 2.1, p.170) and frames the work as guidance for ""the juvenile S. aequifasciatus"" (Abstract, p.169; Discussion, p.175). The paper itself gives no age, so the sheet's postnatal_trt_start = 255 days is the extractor's documented estimate (7.5 months median age at 12-18 month maturity, cross-checked against Satora et al. 2022, plus the paper's 30-day pre-trial acclimation). Treatment runs to day 268 or 282 (~9-9.4 months), still below the 12-18 month maturity window, so criterion 1 is met and criterion 3's ""spanning development into sexual maturity"" exclusion does not bite. Note the estimate is soft: it rests on body mass, not on any age reported by the authors, and if these fish were older than ~11 months the exposure would approach maturity - worth carrying as an uncertainty flag rather than a correction.

The stage coding is right: stage = ""postnatal"", all prenatal fields (prenatal_trt_start/end, prenatal_dur, prenatal_unit, prenatal_measure_delay) left blank, and postnatal_measure_delay = 0 because fish were killed and sampled at the day-14/day-28 sampling points with no recovery interval (Methods 2.1, p.170). sex = ""both"" is an assumption the paper does not state (no sexing is reported), but is reasonable for randomly allocated juveniles and is not a reportable error. The one timing inaccuracy is the treatment-duration bookkeeping described in the findings: the 1 C/day ramp (8 days for the 20 C group, 4 days for the 24 C group) is not included in dur_trt_postnatal, and six day-14 rows carry total_trt_duration = 28 instead of 14.","All 20 rows were traced to a specific panel and bar, and every mean and SD reproduces the plotted value to within digitising noise.

- merged_40-43: Fig. 2E (ETS (Ec) J g-1, muscle), p.173. Day 14 bars 28/24/20 C = ~1550/1970/2140 (sheet 1552.4/1972.0/2146.9) with upper error bars ~290/~450/~310 (sheet SD 293.7/433.6/307.7). Day 28 bars = ~1830/2140/2090 (sheet 1825.2/2139.9/2097.9), errors ~380/~140/~420 (sheet 363.6/118.9/412.6). All confirmed.
- merged_44-47: Fig. 4A (ALP U mg-1 protein, liver), p.174. Day 14 = ~4090/5200/5660 (sheet 4097.2/5222.2/5666.7), errors ~870/~980/~640 (sheet 875.0/958.3/625.0). Day 28 = ~3620/4080/5410 (sheet 3611.1/4055.6/5416.7), errors ~350/~190/~1040 (sheet 347.2/194.4/1027.8). Confirmed.
- merged_48-51: Fig. 4B (LDH), p.174. Day 14 = ~1600/1700/2950 (sheet 1607.5/1718.4/2937.9), errors ~970/~1700/~1010 (sheet 964.5/1674.1/1020.0). Day 28 = ~1340/2000/4720 (sheet 1308.2/2006.7/4722.8), errors ~540/~350/~780 (sheet 565.4/343.7/776.1). Confirmed.
- merged_52-55: Fig. 4C (ALT), p.174. Day 14 = ~63/147/163 (sheet 64.1/148.0/164.9). Day 28 = ~88/121/199 (sheet 88.6/121.8/199.9). Errors match (e.g. day-14 20 C bar has a very short cap, sheet SD 3.5). Confirmed.
- merged_56-59: Fig. 4D (AST), p.174. Day 14 = ~65/77/114 (sheet 65.5/76.9/115.3). Day 28 = ~57/49/122 (sheet 57.9/49.3/123.3). Errors match. Confirmed.

Not extracted, and I judge these legitimate omissions: Fig. 2A-D,F (proteins, lipids, carbohydrates, Ea, CEA) are energy-reserve/energy-budget measures, not mitochondrial respiratory function; Fig. 3 (whole-animal oxygen consumption rate, n=3 individual fish, respirometry) is organismal metabolic rate, not mitochondrial respiration; Table 2 is growth. The day-0 time point of Fig. 2E and Fig. 4A-D was available but not extracted (see findings).

Automated flags: all 10 were SHARED CONTROL flags, and all 10 are real but correctly handled, i.e. FALSE ALARMS as errors. The design (Methods 2.1, p.170) has a single 28 C control group sampled at each time point, so the day-14 28 C cell is genuinely the reference for both the day-14 20 C and day-14 24 C rows, and likewise at day 28. That is exactly what the sheet records, and `control_multiple_comparisons` = ""yes"" on all 20 rows flags it. `sample_depend` takes four values that correctly separate the four distinct treatment cohorts (day14-20C, day14-24C, day28-20C, day28-24C); day-14 and day-28 fish are different animals (fish were decapitated at each sampling, Methods 2.1), so the day-14 and day-28 control cells are correctly entered as different values (1552.4 vs 1825.2 for ETS, etc.). No shared-control error to report.

Also checked and found correct: no row has sd == se (sd = se*sqrt(3) holds to <1% on all 40 group cells); n = 3 everywhere; t2 = 28 C control everywhere; dose = -8 / -4 C consistent with t1-t2; units match the axis labels; stage = postnatal with all prenatal fields blank (appropriate for a fish juvenile); postnatal_measure_delay = 0 (sampling at the end of exposure, Methods 2.1). AST's classification as ""metabolic capacity"" with dir = 1 is borderline but defensible and I am not reporting it: AST has a genuine mitochondrial isoform (GOT2) and the extractor's descrp_measure invokes it, even though the assay is total activity in a liver homogenate supernatant (Methods 2.4, p.171)."
s29,True,2,"The PDF is Akhtar MS, Pal AK, Sahu NP, Ciji A, Mahanta PC (2013) ""Thermal tolerance, oxygen consumption and haemato-biochemical variables of Tor putitora juveniles acclimated to five temperatures"", Fish Physiology and Biochemistry 39:1387-1398, DOI 10.1007/s10695-013-9793-7. This matches the sheet metadata exactly: author Akhtar, year 2013, Tor putitora / golden mahseer, class Actinopterygii. Citation ""Akhtar_et_al_2013"" is correct.","SEM. Table 2 footnote (p. 1392): ""Mean values bearing different superscripts (a, b, c and d) under each column vary significantly (P < 0.05). Data expressed as mean +/- SE, n = 6"". Table 3 footnote (p. 1393): identical wording, ""mean +/- SE, n = 6"". Fig. 1 and Fig. 2 captions also state ""Data expressed as mean +/- SE"", and the Methods report body weight as ""13.62 +/- 2.15 g, average weight +/- SE"" (p. 1388). The sheet handles this correctly: se_t1/se_t2 hold the printed table values verbatim and sd_t1/sd_t2 = se * sqrt(6). I checked all 72 mean/SE pairs programmatically; every SD equals se*sqrt(n) to within rounding, so there is no un-converted SEM anywhere in this study. CI95 columns are appropriately empty (the paper reports no CIs).","n = 6 per temperature group for all enzyme assays, and this matches n_t1 = n_t2 = 6 in all 36 rows. Methods, Enzyme assays, p. 1390: ""At the end of the acclimation trial, six fish from each acclimation temperature group were killed and different tissues like liver, gill, kidney and brain were dissected out""; both table footnotes repeat ""n = 6"". Note two design caveats that do not contradict the sheet: (i) fish were stocked in triplicate tanks per temperature (Methods p. 1389, ""randomly distributed in five acclimation temperature groups in triplicates""), so n = 6 is fish, not tanks; (ii) the same 6 fish per temperature supplied liver, gill and kidney and all three enzymes, so the 9 rows within a given temperature share animals - which the sheet's sample_depend (1 = 32 C, 2 = 29 C, 3 = 26 C, 4 = 23 C) does capture. Other n values in the paper (n = 20 for CTmax/LTmax and oxygen consumption, Fig. 1a-b) belong to measures that were not extracted.","Five acclimation temperatures, 20, 23, 26, 29 and 32 +/- 0.5 C (Abstract p. 1387; Methods p. 1389). The biologically appropriate control is 20 C: it is the paper's first/reference group (""The first group was maintained at temperature of 20 C""), it equals the 10-day pre-trial acclimatisation temperature, it is closest to the source pond temperature of 19.5 C, and the species ""thrives well in the temperature range of 20-25 C"" (Introduction p. 1387). The sheet assigns t2 = 20 for every row and t1 = 32, 29, 26 or 23, i.e. treatment = elevated, control = 20 C, which is correct; `dose` (12, 9, 6, 3) and units.1 = celsius are right. The temperatures were experimentally assigned at random (""randomly distributed in five acclimation temperature groups in triplicates following a completely randomized design"") and reached by ramping 1 C/day, then held 30 days - so despite the paper's use of the word ""acclimation"", this is an experimental developmental temperature manipulation, not field/seasonal acclimatisation, and the exclusion criterion on seasonal acclimatisation does not bite.","No second experimental factor is crossed with temperature for any extracted row. Design is a one-way, five-level temperature experiment (Methods p. 1389); all enzyme assays were run at a common assay temperature of 37 C for every group (footnotes to Tables 2 and 3), so there is no acute-assay-temperature crossing in these rows. Three things to note but none disqualifies a row: (i) all fish, before group assignment, received a routine prophylactic 1% NaCl 5-min bath and a 5 ppm KMnO4 dip during transfer (p. 1388-1389) - applied uniformly pre-randomisation, so not a second developmental manipulation; (ii) water quality co-varied with temperature as a consequence of the treatment (Table 1, p. 1391: dissolved oxygen fell 6.97 to 5.70 mg/L, pH fell 8.10 to 6.57, ammonia-N rose 0.01 to 0.23 mg/L from 20 to 32 C), which is a confound intrinsic to warming rather than an assigned factor; (iii) the CTmax/LTmax and oxygen-consumption measurements were made at each group's own temperature, but those rows were not extracted. All 36 sheet rows come from the single baseline design, so criterion 4 is satisfied.","Animals were pre-sexual-maturity, so criterion 1 is met, and the stage coding is right. The paper studies ""Juveniles of T. putitora (13.62 +/- 2.15 g)"" collected from ponds (p. 1388), grown to 15.81 g by the end of the 30-day trial; Tor putitora does not mature until roughly 4+ years, so 14 g fish are well short of maturity and the 30-day treatment cannot span into maturity. stage = ""postnatal"" with all prenatal columns empty is correct for an externally developing fish exposed post-hatch; postnatal_measure_delay = 0 is correct because tissues were taken at the end of the acclimation trial (p. 1390). The one soft spot is the imputed age: the paper gives no age at all (""juveniles"" only), and the extractor derived post_natal_trt_start = 843.25 d (= 821.25 + 10 d acclimatisation + 12 d ramp) by halving a 4.5-year median adult age. For 13.6 g mahseer this is plausibly a substantial over-estimate of true age, and the 12-day ramp was applied uniformly even though the ramp lasted only 3, 6, 9 and 12 days for the 23, 26, 29 and 32 C groups respectively. The assumption is documented in the extractor note and applied consistently, so I have not raised it as a finding, but any age- or timing-based moderator for this study should be treated as an imputation, not a paper-stated value.","Every one of the 36 rows traces to a specific table cell and all were checked cell-by-cell with a script against values I transcribed from the page images (not just the text layer). Table 2 (p. 1392) = catalase and SOD in liver, gill, kidney at 20/23/26/29/32 C; Table 3 (p. 1393) = ATPase in liver, gill, kidney at the same five temperatures. The 36 rows are exactly 3 measures x 3 tissues x 4 elevated temperatures, each against the 20 C cell of the same column; no duplicates, no missing combination. Result: 71 of 72 mean/SE cells match the paper exactly, all n = 6 match, all sd = se*sqrt(6) conversions are arithmetically correct, all t1/t2 temperatures and the `dose` column (t1 - t2 = 12/9/6/3) are correct, tissues and measure identities are correct, and descrp_measure/measure_listed/units correspond to the right table column (catalase mmol H2O2/min/mg protein; SOD umol/mg protein/min; ATPase ug P released/mg protein/min). The single numeric slip is merged_63 (finding 2).

Dismissed automated flags (8 of 12 are false alarms, 3 confirmed-but-benign):
- The three EXTREME-effect flags (merged_60, merged_62, merged_84) are FALSE ALARMS with respect to extraction. Liver catalase 66.52 +/- 0.58 SE vs 18.40 +/- 2.42 SE (Table 2), kidney catalase 41.21 +/- 1.74 vs 9.52 +/- 1.18 (Table 2), liver ATPase 62.13 +/- 1.77 vs 15.19 +/- 2.34 (Table 3) are all verbatim from the tables with n = 6, and the SE->SD conversion is right. The huge SMD is real, driven by the paper's implausibly small reported SEs, not by a mis-read panel, wrong units or an un-converted SEM.
- The nine SHARED-CONTROL flags are CONFIRMED as design facts but are NOT extraction errors: the paper has a single 20 C group (Methods p. 1389: ""The first group was maintained at temperature of 20 C""; Enzyme assays p. 1390: ""six fish from each acclimation temperature group were killed"") re-used as the reference for all four elevated temperatures. The sheet already codes control_multiple_comparisons = ""yes"" for all 36 rows, which is correct. No finding raised.
- Not extracted (and I judge that defensible, with one caveat): brain acetylcholinesterase (Fig. 1d, n = 6), whole-animal oxygen consumption (Fig. 1b, n = 20), CTmax/LTmax (Fig. 1a, n = 20), blood glucose/Hb/WBC and serum proteins (Fig. 2, n = 6). None is a mitochondrial measure. Caveat worth the compilers' attention: brain AChE was excluded as non-mitochondrial while Na,K-ATPase was included as ""metabolic capacity"" (finding 1) - the two decisions are internally inconsistent.
- Minor items not raised as findings: mito_preparation is blank and mito_ambiguity = ""not-ambiguous"" for all 36 rows even though every assay is on a crude whole-tissue sucrose homogenate (Methods p. 1390), so catalase (largely peroxisomal) and total SOD (CuZn cytosolic + Mn mitochondrial) are not mitochondria-specific; `sex` = ""both"" is an assumption, the paper never reports sex; SOD units in the sheet (""umol/mg"") drop the ""/min""; total_trt_duration = 30 d matches the paper's stated 30-day acclimation but excludes the 3-12 day 1 C/day ramp that differed between groups."
s33,True,2,"PDF is Stier A, Metcalfe NB, Monaghan P. 2020. ""Pace and stability of embryonic development affect telomere dynamics: an experimental study in a precocial bird model."" Proc. R. Soc. B 287: 20201378 (9 pp.). This matches the sheet metadata (author Stier, year 2020, Aves, Japanese quail). Species in the paper is Coturnix japonica; the sheet spells the genus ""Cortunix"" — a typo, but it is already corrected in the pipeline (R/1_data_process.R line 240 maps ""Cortunix_japonica"" -> ""Coturnix_japonica""), so it is harmless and I am not reporting it. Note the sheet's `measurement_methods` = ""Stier et al. (2019)"" is the 8-OHdG assay method citation (ref [43], Stier et al. 2019 Sci Rep), not a mis-citation of the source paper; `ref` correctly points to ""figure4a"".","SEM. Methods 2e Data analysis (p. 4): ""All means are presented +/- s.e., and significance level was set at p <= 0.05."" Figure 4 caption (p. 6): ""Data plotted as means +/- s.e."" (figures 2 and 3 say the same). The sheet handles this correctly: the digitised error bar is stored in se_* and sd_* = se_* * sqrt(n) for all 6 rows (verified arithmetically for each row; CI95_* left empty). My pixel measurements confirm the stored se corresponds to the plotted half-bar - e.g. merged_96 mean+se = 0.0393 vs measured upper cap 0.0394; merged_99 mean+se = 0.0546 vs measured 0.0546; merged_98 mean+se = 0.0851 vs measured red upper cap 0.0851; merged_98's control cell mean-se = 0.0713 vs measured orange lower cap 0.0711. No un-converted SEM (no row has sd == se).","The paper states only per-age totals across the four groups for RBC DNA damage: figure 4a brackets = 56 (stED13), 38 (D1), 60 (D20), 60 (D60). Methods 2b (p. 3): 164 eggs incubated to hatching, 103 hatched, 61 sampled longitudinally at D1/D20/D60, minus 23 with insufficient DNA at D1 -> 38 at D1. Group sizes are given only for other traits (figure 2: 43/43/40/38 eggs for hatching success, 8 per group at ED13, 27/25/26/25 for hatching time; figure 4b CORT: 15/14/15/16 embryos). The sheet's n_t1 = n_t2 = 9 (D1) and 15 (D20, D60) are therefore totals/4, not paper-stated values: 60/4 = 15 is exact, 38/4 = 9.5 was rounded down to 9. This is documented in the extractor note; see the low-severity derived-statistic finding.","Four incubation regimes (Methods 2a, pp. 2-3): high H = 38.4 degC constant, medium M = 37.7 degC constant, low L = 37.0 degC constant, and unstable U = 37.7 degC with five 30-min power-off recesses per day (minimum 29.5 degC during a recess; mean daily temperature 37.0 degC). Humidity 45% to stED15 then 65%; animal rooms 21 degC post-hatch. The sheet assigns t1 = 38.4 (merged_96-98) and t1 = 37.7 (merged_99-101), with t2 = 37.0 for all six rows and dose = 1.4 / 0.7 degC; temp_regime = ""constant"" is correct for the extracted arms, and the U group is (correctly) not used. The authors never nominate a control, and the internal evidence points to M = 37.7 degC as their reference (stED13 is defined as ED13 of the medium group; U is M plus recesses; the literature control for quail is ~37.5 degC), so the choice of 37.0 degC as t2 is contestable and its stated justification (37 degC = ""standard husbandry temperature"") actually comes from the post-hatching brooder temperature. Reported as the medium-severity finding.","Yes in principle: temperature LEVEL is crossed with temperature STABILITY (the fourth ""unstable"" group, 37.7 degC with daily incubation recesses), and stability is the second factor. The extraction handles this correctly - all 6 rows come from constant-temperature arms, i.e. the baseline level of the stability factor; no row uses the unstable group. No other manipulation is present: no UV, hypoxia, diet, CORT dosing, salinity or drug/supplement treatment (embryo plasma CORT was only measured, not administered), all birds shared the same ad libitum diet and post-hatch husbandry, and 8-OHdG was assayed from frozen RBC DNA so there is no acute assay temperature. One design nuance worth keeping in mind for the analysis (not an extraction error): birds were housed in group-specific enclosures by treatment (""We used group-specific enclosures of 4.3 m2 to avoid late-hatching chicks ... being out-competed"", Methods 2a, p. 3), so treatment is confounded with enclosure at D20/D60.","Correct. The manipulation was applied only during incubation - from the start of incubation to hatching - so animals were embryos (well before sexual maturity) throughout treatment, and the treatment did not extend into the postnatal or mature period. All 6 rows are coded stage = prenatal with prenatal_trt_start = 0, prenatal_trt_end = prenatal_dur = total_trt_duration = 16.5 days (prenatal_dev_time = 16.5, giving relative_prenatal_duration = 1, i.e. the whole of incubation - the right encoding). Actual incubation length differed by group (figure 2d, p. 5: high ~16.3 d, medium ~17.2 d, low ~18.2 d, ""Eggs incubated at lower temperatures hatched later (L > M > H, all p < 0.001)""), so 16.5 d is a species-level approximation, but since it equals prenatal_dev_time the derived relative duration is unaffected and I am not flagging it. Measurement timing is coded correctly as prenatal_measure_delay = 1, 20 and 60 days post-hatching, matching figure 4a's D1, D20, D60 (D1 = day after hatching, D20 = chick, D60 = adult per the caption). Measuring at D60, after maturity, is a post-treatment delay and does not breach the criteria. One minor note: the sheet's species-level age_sexual_maturity = 35 days conflicts with the paper's ""ca 50-60 days"" and its statement that ""D60 (sexual maturity reached by all birds)"" (Methods 2a, p. 2-3); this has no bearing on the stage coding or on relative_treatment_delay (which is computed off prenatal_dev_time), so I did not raise it as a finding.","All 6 rows traced to figure 4a (p. 6, ""RBC DNA damage (pg 8-OHdG.ng of DNA-1)""), which plots 4 treatment groups x 4 ages. Group colours were established from figure 4b (p. 6), whose x-axis is labelled: high = red up-triangle, medium = green circle, low = orange down-triangle, unstable = dark blue square. I rendered figure 4a at 600 dpi, calibrated the y-axis on its tick marks (0, 0.02 ... 0.12 at y = 1020.5, 890.5, ... 239.5 px) and measured marker centres and error-bar caps per colour.

Verified per row (sheet value -> my pixel measurement of fig 4a):
- merged_96 H/D1 0.03452 -> 0.0343 marker, upper cap 0.0394 (sheet mean+se = 0.0393); merged_99 M/D1 0.04887 -> 0.0486 marker, upper cap 0.0546 (sheet 0.0546); shared control L/D1 0.03887 -> orange occluded by the blue and red markers but visible orange spans 0.0377-0.0402, consistent within digitising noise.
- merged_97 H/D20 0.09241 -> 0.0920/0.0931; merged_100 M/D20 0.08201 -> 0.0820; control L/D20 0.07536 -> 0.0748 (orange drawn on top at D20, clean read).
- merged_98 H/D60 0.07870 -> upper cap measured 0.0851 = sheet mean+se 0.0851 exactly (marker occluded); merged_101 M/D60 0.07750 -> 0.0780 marker; control L/D60 0.07639 -> lower cap measured 0.0711 = sheet mean-se 0.0713. D60 points overlap heavily, so all three reconcile via their visible caps.
Ordering also matches the text (p. 6): only at D20 is high > low (p < 0.001) with medium intermediate; at D1 and D60 groups are indistinguishable — exactly the pattern of the extracted means.
Units (pg/ng), tissue (erythrocyte/RBC), measure identity (8-OHdG), descrp_measure (lifted verbatim from Methods 2d, p. 3), oxidative_damage_category = ""dna"", measurement_category = ""oxidative damage"", and mito_efficiency_dir = 0 are all correct. mito_ambiguity = ""not-ambiguous"" matches the sheet-wide convention (all 58 non-NA oxidative-damage rows are coded not-ambiguous).

Automated flags: all 3 SHARED CONTROL flags are REAL but correctly handled, so I am dismissing them as defects. There is genuinely one low-temperature (37.0 degC) group whose D1, D20 and D60 cells are each re-used as the control for both the 38.4 degC and the 37.7 degC contrasts, and the sheet marks every row control_multiple_comparisons = ""yes"". sample_depend = 1 for the 38.4 arm and 2 for the 37.7 arm, which follows the same convention used in s23/s29.

Not extracted, and I judged this defensible: the stED13 embryo panel of figure 4a (n = 56) and the embryo plasma CORT panel (figure 4b) are prenatal-stage measurements; the extractor note says such measurements are excluded, and that convention holds across the whole sheet (no prenatal row anywhere in output/data/temp_stress_full.csv has prenatal_measure_delay = 0). The paper contains no respiration, antioxidant or mitochondrial-marker assays, so 6 rows (3 ages x 2 constant-temperature contrasts) is complete in-scope coverage. Per-group post-hoc panels (ESM figures S5A-D), which might carry per-group n, are not in this PDF."
s34,True,3,"The PDF is Akşit M., Altan Ö., Büyüköztürk Karul A., Balkaya M. & Özdemir D. (2008) ""Effects of cold temperature and vitamin E supplementation on oxidative stress, Troponin-T level, and other ascites-related traits in broilers"", Archiv für Geflügelkunde (Arch.Geflügelk.) 72(5): 221-230 (ResearchGate scan, 11 PDF pages). This matches the sheet metadata exactly: author ""Aksit"", year 2008, class Aves, Gallus gallus, broiler chicken, male. Methods p.222: ""Seven hundred and eighty one-day old male chicks (Ross)"". No identity problem.","SEM. The caption of Table 5 (p.226) reads ""(least-square mean +/-SEM)"" in English and ""(LSQ-Mittelwerte +/-SEM)"" in German; Tables 2, 3 and 6 carry the same wording. Methods (p.222): ""All data obtained from 2x2 (Temperature and Vitamin E) factorial experimental design were subjected to analysis of variance using General Linear Model procedure of the SPSS software"". The sheet handles this correctly: se_t1/se_t2 hold the printed SEMs verbatim, and sd_t1/sd_t2 = se * sqrt(10), which I confirmed to machine precision for all 16 values (e.g. merged_102 se_t1 0.12 -> sd_t1 0.37947331922; merged_103 se_t2 10.08 -> sd_t2 31.87575881). The sheet's `type` field is correctly set to ""least square"". No un-converted SEM anywhere in this study.","Methods, p.222: ""At 3 and 5 wk of age blood samples were collected by venpuncture from 10 healthy and 10 ascitic broilers from each treatment group (total 120 samples)."" The total of 120 reconciles exactly with the 6 columns of Table 5 x 10 birds x 2 ages, confirming n = 10 per cell per age. The sheet uses n_t1 = n_t2 = 10 in all 8 rows, which matches. (The slight cell-to-cell variation in printed SEMs for CAT, e.g. 10.68 vs 10.26, reflects the GLM least-squares fit rather than differing n; the paper states 10 unambiguously.) Note also that the underlying pen-level replication is only 3 floor pens of 65 chicks per treatment group, so n = 10 is the bird-level n, not the treatment-level n - relevant if the analysis weights by n.","Two temperature regimes, both ramps, applied from day 1 (Methods p.222). Control/reference: ""brooded at 34 degrees C for week 1 then temperature in pens were lowered 3 degrees C every week, and maintained at 22 degrees C for the rest of the study"", i.e. 34, 31, 28, 25, 22 for weeks 1-5. Cold treatment: ""brooded at 32, 28, and 20 degrees C at 1, 2, and 3 wk, respectively, and maintained between 15-18 degrees C for the rest of study"". The sheet's t1/t2 assignment is correct in direction: t1 = cold (treatment), t2 = normal (control). The averaging is arithmetically right and reproducible: 3 wk rows t2 = (34+31+28)/3 = 31 and t1 = (32+28+20)/3 = 26.67; 5 wk rows t2 = (34+31+28+25+22)/5 = 28 and t1 = (32+28+20+16.5+16.5)/5 = 22.6 (taking 16.5 as the midpoint of the stated 15-18 range). dose = t1 - t2 = -4.33 and -5.40 respectively, both correct. Two caveats worth recording but not errors: (i) the ""control"" of 28 or 31 degrees C is itself a declining brooding ramp, not a constant temperature, so the averaged contrast (-4.3 to -5.4 degrees C) understates the thermal difference actually experienced at older ages (22 vs ~16.5 degrees C in week 5) and overstates it in week 1 (34 vs 32 degrees C); (ii) the cold arm's late-phase temperature is a range, so t1 = 22.6 depends on the 16.5 degrees C midpoint assumption, which the extractor note does not spell out.","Yes - the design is an explicit 2x2 factorial of temperature x dietary vitamin E (Methods p.222: ""All data obtained from 2x2 (Temperature and Vitamin E) factorial experimental design""; 200 mg alpha-tocopherol acetate/kg feed in the supplemented arms). The extractor handled this correctly: all 8 rows take BOTH t1 and t2 from the ""Vit. E -"" (unsupplemented, baseline) columns of Table 5, so no row comes from a non-baseline level of the second factor and the review's criterion-3 exclusion of ""animals additionally treated with drugs or supplements alongside the stressor"" is not violated. There is a second, non-experimental stratification inside the low-temperature arm: Table 5 splits it into ""Ascites-"" and ""Ascites+"" columns. Ascites is an outcome of the cold treatment, not a second manipulation, and all 8 rows use ""Ascites-"", which is the appropriate matched comparison because the normal-temperature arm had zero ascites mortality (Table 4, p.225). I have flagged this as a low-severity documentation issue only, because it conditions the treatment group on a post-treatment outcome and biases the effect size toward zero, and neither the extractor note nor the Notes column records it. Nothing in this study requires exclusion on multiple-stressor grounds. (Side note on the paper itself: the Methods number the groups Group 1 = normal/no vit E, Group 2 = normal/+vit E, Group 3 = cold/no vit E, Group 4 = cold/+vit E, but the Table 4 footnote reverses the pairs. This is an internal inconsistency in the paper; it does not affect extraction because Tables 2, 3, 5 and 6 label their columns explicitly ""Vit. E +"" / ""Vit. E -"".)","Correct. Animals were Ross broiler chicks treated from 1 day old and sampled at 3 and 5 weeks of age; broilers do not reach sexual maturity until roughly 18-24 weeks, so the entire treatment and both sampling points are well pre-maturity and the treatment does not span into sexual maturity. The prenatal/postnatal coding is right: stage = ""postnatal"", post_natal_trt_start = 1 (day 1 of life), postnatal_trt_end / dur_trt_postnatal = 21 days for merged_106-109 (the 3 wk sample) and 35 days for merged_102-105 (the 5 wk sample), all four prenatal fields blank - appropriate, since no egg-incubation temperature was manipulated, the manipulation begins post-hatch. postnatal_measure_delay = 0 is correct: blood was drawn while the birds were still in their assigned temperature regime, at the ages stated. Sex = male is correct (all chicks were male). Shared controls / dependence: sample_depend = 1 for the four 5 wk rows and 2 for the four 3 wk rows, correctly clustering the four measures that come from the same 10 control and same 10 treatment birds within each age. The two ages are different individuals - Methods p.222 says the sampled birds were killed (""After killing these broilers by cervical dislocation, the heart was removed"") - so treating the two ages as separate clusters is defensible. The only residual, unmodelled dependence is that both ages were drawn from the same 3 replicate pens per treatment; that is a level of granularity most meta-analyses do not track and I am not flagging it.","All 8 rows trace to Table 5 (p.226), ""Means of malondialdehyde (MDA) concentration and glutathione peroxidase (GSH-Px), catalase (CAT), superoxide dismutase (SOD) activities of normal and ascitic broilers at 3, and 5 wk of age (least-square mean +/- SEM)"". The extractor used, in every row, the ""Normal Temperature / Vit. E -"" column as control (t2) and the ""Low Temperature / Ascites- / Vit. E -"" column as treatment (t1). I verified all 32 mean/SE cells programmatically against the table; every single mean and every single SE matches the printed value to the last digit (merged_106/107/108/109 = the 3 wk row of each variable; merged_102/103/104/105 = the 5 wk row). No digitising involved - these are table values. sd_* = se_* * sqrt(10) is correct to machine precision in all 16 cases. mito_efficiency_dir is correct throughout (MDA = 0; CAT, SOD, GSH-Px = 1) and measurement_category is correct throughout (MDA = oxidative damage; CAT/SOD/GSH-Px = antioxidant, antioxidant_category ""enzymatic"", oxidative_damage_category ""lipids""). measurement_methods strings match the Methods (p.222) citations of Yagi 1984 for TBARS, Goth 1991 for CAT, RANSOD RANDOX/SD-125 for SOD, RANSEL RANDOX/RS-504 for GSH-Px. Units match (paper prints nmole/ml, kU/L, U/gHb; sheet has nmol/ml, kU/L, U/g - the dropped ""Hb"" is cosmetic, not a magnitude error). Stage, sex, species, treatment start/end and measure delay all check out. AUTOMATED FLAGS: none were raised for s34, so there was nothing to confirm or dismiss. Everything is traced; nothing in this study was untraceable."
s35,True,7,"PDF is: Ale A, Bacchetta C, Rossi AS, Scarabotti PA, Cazenave J (2021) ""Low temperature stress in a cultured fish (Piaractus mesopotamicus) fed with Pyropia columbina red seaweed-supplemented diet."" Fish Physiology and Biochemistry 47:829-839, doi 10.1007/s10695-021-00944-7. This matches the sheet metadata (author Ale, year 2021, Piaractus mesopotamicus, pacu, Actinopterygii). No identity mismatch.","The paper reports SE. Methods, ""Statistical analyses"", p. 832 (PDF p. 4): ""All results were reported as mean +/- standard error (SE)."" The Table 2, 3 and 4 captions repeat ""Values are expressed as means +/- SE"" / are described in the same terms. The only SD in the paper is in Table 1 (diet chemical composition, ""expressed as mean +/- SD (n = 3)""), which is not used by the sheet. The sheet handled this correctly in form: se_t1/se_t2 reproduce the paper's +/- values exactly on all 15 rows and sd_* = se_* x sqrt(n) everywhere (e.g. merged_112 sd_t2 = 24.72 x 3 = 74.16; merged_124 sd_t2 = 0.007 x sqrt(6) = 0.017146). No row has sd == se, so there is no un-converted SEM. The residual problem is the n used in that conversion, not the conversion itself.","The paper states three different n's for three different sets of measures. Exposure: ""fish fed with CD or RD (n = 18 per diet) to control (24 +/- 0.1 C) or cold temperature (14 +/- 0.1 C) in 10-L aquaria (n = 3 per aquarium, in triplicate)"" (p. 831) - 9 fish per diet x temperature cell. Haematology (Table 2) and plasma metabolites (Table 3): n = 9. Tissue energy reserves: n = 6. Oxidative stress, which is all the sheet uses: ""Enzyme extracts from the liver, intestine, gills, and muscle of fish (n = 6)"" and ""lipid peroxidation levels (n = 6)"" (p. 832).

Against the sheet: the three TBARS rows (merged_114, 119, 124) use n = 6, which matches the stated per-cell n. The twelve enzyme rows (merged_110-113, 115-118, 120-123) use n = 9, which does not - 9 is the exposure/haematology n, not the Table 4 n. Additionally, because 12 of the 15 rows were taken from the diet-pooled temperature marginal columns rather than a single diet x temperature cell, the correct n for those rows is 12 (6 CD + 6 RD), so no row that uses a marginal mean has the right n: the enzyme ones are too low (9 vs 12) and the TBARS ones lower still (6 vs 12). Only merged_110 and merged_113 are genuine single-cell (CD) means, and for those the correct n is 6 rather than the recorded 9.","Two temperatures, 14 +/- 0.1 C (cold shock) and 24 +/- 0.1 C (control), applied for 24 h in artificial climate chambers (Methods, p. 831). 24 C is unambiguously the control/reference: fish were acclimated and held at 24 +/- 1 C beforehand, the paper calls 24 C the ""control temperature"" (Abstract, p. 829; Methods, p. 831), and ""Optimal range for pacu culture is 20-28 C"" (p. 830) while 14 C is chosen as a sub-optimal stressor relative to a ~7-7.5 C lethal limit. The sheet assigns t1 = 14 (treatment) and t2 = 24 (control) with dose = -10 C on all 15 rows, which is correct and consistently oriented: every mean_t1 is the paper's 14 C value and every mean_t2 the 24 C value (verified cell by cell against Table 4). No treatment/control inversion anywhere.","Yes - the design is a fully crossed 2 x 2 of temperature (24 vs 14 C) and DIET (control diet CD vs Pyropia columbina red-seaweed-supplemented diet RD), analysed by two-way ANOVA (p. 832). Every animal received one of the two diets for 60 days before the thermal exposure; CD is the baseline level.

Rows drawn from non-baseline levels of that second factor: none is purely RD, but twelve of fifteen rows are diet-POOLED temperature marginal means and therefore half RD animals - merged_111 (liver CAT), merged_112 (liver GST), merged_114 (liver TBARS), merged_116-119 (gill CAT, GST, GR, TBARS) and merged_120-124 (muscle SOD, CAT, GST, GR, TBARS). Only merged_110 (liver SOD) and merged_113 (liver GR) use the CD-only ""Simple main effects"" cells, i.e. the baseline diet. merged_115 (gill SOD) is nominally labelled CD in the table but comes from the corrupt duplicated block and is really intestine GST. The paper publishes CD-only cell means for only three parameters in Table 4 (liver SOD, liver GR, intestine GST), the three with a significant temperature x diet interaction, so baseline-only extraction is simply not possible for the remaining parameters without author contact. The seaweed supplement is also a bioactive additive (""P. columbina has bioactive compounds with antioxidant properties (Cian et al. 2014)"", p. 830) given alongside the stressor, which touches the exclusion for supplement co-treatment. There is no second temperature factor: assays were run on frozen tissue, not at multiple acute test temperatures. Nothing else (UV, hypoxia, salinity, CORT) is manipulated.","Animals were pre-sexual-maturity, but only just, and the ""developmental"" framing is strained. Fish were purchased as juveniles at 7.0 +/- 0.5 cm standard length and 12.2 +/- 2.5 g (p. 831), the paper consistently calls them ""juvenile Piaractus mesopotamicus"" (Abstract; Discussion p. 833), and pacu mature at roughly two years (the extractor's external reference, Gelman et al. 2004), so sexual maturity was not reached during the study and the treatment does not span into maturity. The paper itself gives no ages, so the ages in the sheet are imputed.

The stage coding ""postnatal"" is right for a fish with no maternal/prenatal manipulation - all prenatal fields are correctly blank. The duration coding is also faithful to the paper: post_natal_trt_start = 439, postnatal_trt_end = 440, dur_trt_postnatal = 1 day, total_trt_duration = 1 day, postnatal_measure_delay = 0 days, matching a 24-h exposure with sampling immediately afterwards (""After 24 h, animals were anesthetized"", p. 831). Two caveats: (1) the absolute age 439 days conflicts with the extractor's own derivation in the note (285 + 14 + 60 = 359), an 80-day internal inconsistency; (2) substantively, a single 24-h cold shock applied to a ~1-year-old juvenile after a 60-day feeding trial is an acute thermal challenge rather than a developmental temperature regime - the authors describe it as ""cold shock"" in the title, keywords and throughout - so whether it satisfies criterion 1 is a judgement the review team should make explicitly rather than by default.","All 15 rows trace to Table 4 (p. 835, PDF page 7), ""Antioxidant enzyme activities and TBARS levels in the liver, intestine, gills, and muscle"". The PDF is the extractor's working copy with yellow highlights, so I could confirm cell-by-cell which numbers were taken. Every se_t1/se_t2 in the sheet reproduces the paper's ""± SE"" value exactly, and sd = se x sqrt(n) was applied consistently with the n the extractor entered, so the arithmetic is clean; the problems are which cell and which n.

Mapping (t1 = 14 C, t2 = 24 C): merged_110 liver SOD = Table 4 ""Simple main effects CD"" row (14.81+/-1.96, 44.57+/-6.37); merged_113 liver GR = ""Simple main effects CD"" row (33.98+/-5.08, 67.36+/-11.14). These two are genuine control-diet cell means. merged_111 liver CAT, merged_112 liver GST, merged_114 liver TBARS, merged_116-119 gill CAT/GST/GR/TBARS, merged_120-124 muscle SOD/CAT/GST/GR/TBARS all come from the diet-POOLED ""Temperature 24 C / 14 C"" marginal columns (highlighted as such). merged_115 comes from the corrupt ""Gills SOD / Mann-Whitney CD"" row (see finding).

Autoflags: all three are FALSE ALARMS as stated. merged_114 sd_t1 == sd_t2 (0.0244949) simply reflects Table 4 liver TBARS reporting 0.18 +/- 0.01 and 0.27 +/- 0.01, i.e. identical SEs with identical n. merged_119 sd_t1 == sd_t2 (0.220454) reflects gill TBARS 0.94 +/- 0.09 and 1.03 +/- 0.09, again identical SEs. merged_124 mean_t1 == mean_t2 == 0.085 is exactly what Table 4 prints for muscle TBARS (0.085 +/- 0.007 at 24 C, 0.085 +/- 0.006 at 14 C) - a true null, not a copy error. None of these three belongs in findings.

Two things I noted but am NOT raising as findings: (a) the assay fraction is the 20,000 g x 30 min supernatant (Methods, p. 832), which pellets mitochondria, so these antioxidant activities are largely cytosolic - relevant to how `mito_ambiguity` = ""not-ambiguous"" should be read, but consistent with how whole-homogenate antioxidant assays appear to be coded across the sheet; (b) `sample_depend` = 1 is right, since all three tissues come from the same individuals within a temperature group, and `control_multiple_comparisons` = ""no"" is defensible because there is only one treatment group per control mean."
s36,True,0,"PDF is ""Incubation temperature and physiological aging in the zebra finch"", Henrik H. Berntsen & Claus Bech, PLOS ONE 2021, 16(11): e0260037 (published 29 Nov 2021; p.1). This matches the sheet metadata exactly: author = Berntsen, year = 2021, class = Aves, genus/species = Taeniopygia guttata, common_name = zebra finch, and the citation ""Berntsen_and_Bech_2021"" is correct (the paper has exactly two authors, so the manifest's paper_title_hint ""Berntsen_et_al_2021"" is the only loose string, and it is not a sheet field). Note the paper is the long-term follow-up on the same birds as Berntsen & Bech 2016 (J Avian Biol 47:141-145, ref [33]) - the survival paper - so if that 2016 paper is also in the sheet under another study ID there would be a same-animals dependency, but no such row is in s36 itself.","The paper reports SEM, and the sheet handled it correctly. Methods, ""Statistical analyses"" (p.6): ""S2-S4 Tables gives a full overview of sample sizes of all measured variables as well as group means +/-SE"" and ""Values are presented as means +/- SE and are, unless otherwise specified, presented as raw values."" Fig 3 caption (p.12): ""Shown are means +/- SE."" The sheet stores the plotted SEM in se_t1/se_t2 and a derived SD in sd_t1/sd_t2, and the conversion sd = se*sqrt(n) checks out exactly (to 6 decimal places) for all eight cells: merged_125 0.036533*sqrt(20)=0.163379 and 0.028604*sqrt(29)=0.154036; merged_126 0.043304*sqrt(16)=0.173216 and 0.030624*sqrt(24)=0.150028; merged_127 0.036916*sqrt(20)=0.165095 and 0.028604*sqrt(29)=0.154036; merged_128 0.043377*sqrt(15)=0.167997 and 0.030624*sqrt(24)=0.150028. No row has sd == se, so there is no un-converted SEM here. Units are also right: Methods p.5 ""Values are expressed as mmol L-1 (mM) H2O2 equivalents"" and Fig 3 y-axis ""Plasma oxidative status (mM H2O2 eq./L)"" vs sheet units ""mmol/L"".","Fig 3 (p.12) prints n above each error bar, and these are the ROM-specific sample sizes: day 45 - 35.9 C n=20, 37.0 C n=20, 37.9 C n=29 (total 69); day 145 - 35.9 C n=16, 37.0 C n=15, 37.9 C n=24 (total 55). The sheet matches every one: n_t1 = 20 (merged_125), 16 (merged_126), 20 (merged_127), 15 (merged_128); n_t2 = 29, 24, 29, 24. These are internally consistent with the rest of the paper: the paired t-tests on p.10 use only birds measured at both ages and report df = 14, 14 and 23, i.e. n = 15, 15 and 24 - which sits just at or below the day-145 group sizes as expected. The Methods (p.6) warn that ""sample sizes may vary due to missing data"", and the day-45/day-145 ROM n's are indeed smaller than the overall cohort (n=85 birds at day 45; metabolic n=84 at day 45 and n=61 at day 145) and smaller than the Table 1 treatment-group totals (35: 35, 30, 33), so the extractor correctly used the figure-specific n's rather than the cohort n's.","Three artificial incubation temperatures, Methods p.3: eggs were ""artificially incubated these for eight days (corresponding to two-thirds of the total incubation time) ... at mean temperatures of 35.9, 37.0 and 37.9 +/- 0.2 C and at a relative humidity of 70%. These temperatures fall within the natural range of incubation temperatures in the zebra finch and represents low, intermediate and control temperatures respectively."" So 37.9 C is unambiguously the paper's own designated control. The sheet assigns it correctly: t2 = 37.9 in all four rows, with t1 = 35.9 (merged_125/126) and t1 = 37.0 (merged_127/128), i.e. treatment in t1 and control in t2 per the sheet convention. The `dose` column is also right: -2 for 35.9 (35.9-37.9) and -0.9 for 37.0 (37.0-37.9). Direction of effect is consistent with the paper's conclusion (low-temperature birds had the highest day-145 ROMs; post-hoc 35.9 vs 37.9 P = 0.02, p.10), and mean_t1 > mean_t2 in the sheet for all four rows, as it should be. mito_efficiency_dir = 0 is correct for ROMs (hydroperoxides = oxidative damage, higher = worse), and measurement_category ""oxidative damage"" with oxidative_damage_category ""general"" is appropriate for a hydroperoxide assay that reflects oxidation of lipids, proteins and nucleic acids. Tissue = plasma / tissue_sum = plasma/serum matches Methods p.5 (""The concentration of hydroperoxides (hereafter addressed as ROMs) in plasma""), and descrp_measure (""Reactive oxygen metabolites, measured as hydroperoxides and referred to as ROMs"") is a verbatim-faithful description of what the paper measured.","No second developmental manipulation - incubation temperature is the only experimentally assigned factor, so there is no non-baseline-level problem in any row. The only other variable in the statistical models is sex (Methods p.6: models included ""treatment, sex and the interaction between treatment and sex""); sex had no effect on ROMs at either age (day 45 P = 0.20, day 145 P = 0.96; Table 4 p.12), and the four sheet rows are coded sex = ""both"", correctly matching the sex-pooled points plotted in Fig 3. Assay temperature is not crossed either: the ROM assay is a single fixed protocol (75 min at 37 C, read at 495 nm; p.5), not a thermal-performance design, and the separate metabolic measurements at thermoneutral 35 C are a different outcome that was not extracted. Husbandry was common to all groups (mixed seed diet plus weekly Nekton-S mineral supplement, 23 C, 40% RH, 12:12 L:D; pp.3-4), so the supplement is routine husbandry applied to every bird rather than a crossed drug/supplement treatment, and does not trip exclusion criterion 3. Eggs were returned to their nest of origin and naturally incubated to hatching after the 8-day treatment (p.3), i.e. cross-fostering was not used as a second factor.","Correctly coded as prenatal, and the animals were far from sexual maturity during treatment. The manipulation was applied entirely in ovo: eggs were removed ""on the second day after clutch completion"" and artificially incubated for eight days, two-thirds of total incubation, then returned to the nest for natural incubation until hatching (Methods p.3). So stage = ""prenatal"" is right, prenatal_dur = 8 / total_trt_duration = 8 days matches ""eight days"" verbatim, and the postnatal treatment columns are correctly empty. prenatal_trt_start = 6 / prenatal_trt_end = 13 are estimates the extractor derived in the note (clutch size ~4, one egg per day, first egg = day 0); on inclusive counting days 6-13 is exactly 8 days, so the three columns are internally consistent, and the paper's own timing (eggs pulled 2 days after a ~4-day laying sequence, i.e. ~day 5, with total incubation 13.0-14.4 days from clutch completion per p.7-8) puts the true window within about a day of that - estimation noise, not an error. Measurements were at 45 and 145 days post-hatch (Methods p.5: ""measuring the concentration of hydroperoxides in plasma at the age of 45 and 145 days""), matching prenatal_measure_delay = 45 and 145 on the respective rows. Day 145 is after sexual maturity in the zebra finch, but that is measurement timing, not treatment timing - the treatment itself ended before hatching, so inclusion criterion 1 is met and the ""treatments spanning development into sexual maturity"" exclusion does not apply.","All 4 rows (merged_125-128) traced to Fig 3 on p.12 (""Changes in blood oxidative status are temperature dependent. Plasma concentration of ROMs at day 45 and day 145 ... 35.9 C (black), 37.0 C (grey) and 37.9 C (white). Shown are means +/- SE. Numbers above the error bars indicate sample size.""), which is exactly what the `ref` column (""figure3"") points to. Read as an image, the six plotted points are: day 45 - 35.9 C ~0.296 (n=20), 37.0 C ~0.291 (n=20), 37.9 C ~0.277 (n=29); day 145 - 35.9 C ~0.434 (n=16), 37.0 C ~0.341 (n=15), 37.9 C ~0.298 (n=24). Every sheet mean and every n matches to the digitising precision of the plot, and every error-bar half-length matches the stored se_* (e.g. black day-145 point 0.434 with bar to ~0.477, se_t1 = 0.0433). Row-to-panel mapping: merged_125 = 35.9 vs 37.9 at day 45; merged_126 = 35.9 vs 37.9 at day 145; merged_127 = 37.0 vs 37.9 at day 45; merged_128 = 37.0 vs 37.9 at day 145. Also checked Methods p.3 (design/temperatures), p.5 (ROM assay, units, tissue), p.6 (error statistic, sample-size caveat), Results p.8 and p.10 (day-45 vs day-145 treatment effects, post-hoc, paired t-tests), Table 4 p.12, and the reference list p.17 (refs [44] Alberti et al. 2000 and [45] Brambilla et al. 2001 are exactly what `measurement_methods` records). S2-S4 Tables (which would give the group means +/- SE numerically) are external supplementary PDFs not bundled with this file, so Fig 3 is the only in-paper source and it is the one the extractor used.

BOTH automated flags DISMISSED as false alarms. The paper genuinely has one single control group (37.9 C) that is legitimately re-compared against two treatment temperatures (35.9 C and 37.0 C) at each age, so the day-45 control cell (0.2769, n=29) appearing in merged_125 and merged_127, and the day-145 control cell (0.2975, n=24) appearing in merged_126 and merged_128, is correct, not a duplication error. The sheet documents it: control_multiple_comparisons = ""yes"" on all four rows, and sample_depend = 1/1/2/2 groups the two repeated-measures treatment arms (the same birds measured at day 45 and day 145).

Two coding choices I checked and am NOT reporting, because they are sheet-wide conventions rather than s36 errors: (i) mito_ambiguity = ""not-ambiguous"" even though the authors explicitly caveat on p.14 that ""although the plasma concentration of ROMs may reflect oxidative damage, we cannot be certain that this reflects damage to mitochondria"" - every other plasma/serum ROM row in the master sheet (s1, s21, s37, s63) is coded ""not-ambiguous"" too, so this is a convention to settle globally, not a per-study mistake; (ii) oxidative_damage_category = ""general"" for hydroperoxides, which matches all five other ROM studies in the sheet."
s39,True,3,"Baker PJ, Costanzo JP, Lee RE Jr (2007) ""Oxidative stress and antioxidant capacity of a terrestrially hibernating hatchling turtle"", Journal of Comparative Physiology B 177:875-883, doi 10.1007/s00360-007-0185-0 (9-page PDF at /Users/noble/Library/CloudStorage/Dropbox/1_Research/1_Manuscripts/In_Preparation/mito_meta_stress/mito_meta/Papers/Included papers/Baker et al. 2007_Done.pdf). This matches the sheet metadata exactly: author Baker, year 2007, Reptilia, Chrysemys picta, ""North American painted turtle"" (the paper's opening line calls C. picta ""The North American painted turtle"").","SEM. Methods, ""Statistical analyses"" (p. 878): ""Values are reported as means +/- SEM."" Every table footnote repeats it: Table 1 ""Means +/- SE; n = 7-8"", Table 2 ""Means +/- SE; n = 6-8"", Table 3 ""Means +/- SE; n = 7-8"" (all p. 879, verified in the page render). The sheet handles this correctly in principle — se_* holds the tabulated value and sd_* = se*sqrt(n) — and 15 of the 16 group-level conversions are exact for n = 7. The single exception is se_t2 for merged_132, which was entered as 0.02 instead of the tabulated 0.2 (see findings).","Methods (p. 876): controls ""Turtles (n = 8), taken directly from their containers in midwinter, were sampled to provide baseline (control) values""; treatments ""hatchlings (n = 8) sampled 24 h after a 48-h bout of supercooling, freezing, or hypoxia"". A separate non-assayed ""reference group (n = 5)"" monitored recovery and was correctly not used. Table footnotes give assay-specific ranges: Table 1 n = 7-8, Table 2 n = 6-8, Table 3 n = 7-8. The sheet uses n_t1 = n_t2 = 7 for all 8 rows; the extractor note explains this as the midpoint of 7-8 rounded down. That is defensible and conservative and I am not flagging it, but two caveats for the lead author: (a) the note says ""n=7-8"" whereas the TBARS table (rows merged_132-134) is actually n = 6-8, so the true n there is more uncertain; (b) the design n is 8 per group, so 7 is a deliberate under-statement rather than a paper-stated value. Per-row n cannot be recovered from the paper.","Common rearing for all animals: eggs incubated at 28 C on moist vermiculite; hatchlings cold-acclimated on an identical schedule (20 C in September, 15 C from 1 Oct, 10 C from 1 Nov, 4 C from 1 Dec until use) (Methods, p. 876). Four experimental groups, all sampled after 24 h recovery at 4 C: (1) untreated Control, held at 4 C; (2) Supercooled, cooled at 0.5 C/h to -6.0 C, held 24 h at -6 C, rewarmed, 48 h total bout; (3) Frozen/thawed, nucleated near the equilibrium freezing point and held at -2.5 C, 48 h total frozen; (4) Hypoxia, 48 h at 4 C in a nitrogen-flushed chamber (0.5% O2).

The sheet's assignment is the biologically appropriate one: t1 = -6 (Supercooled treatment) and t2 = 4 (untreated Control held at 4 C), dose = -10 C. The untreated 4 C group is unambiguously the paper's control (""sampled to provide baseline (control) values""). The extractor correctly used the Supercooled column and excluded both the Frozen/thawed (-2.5 C) and the Hypoxia (4 C, 0.5% O2) columns.","No factorial crossing of temperature with a second factor: the four groups are a one-way design (Control, Supercooled, Frozen/thawed, Hypoxia) analysed by Kruskal-Wallis plus Dunn's test. The hypoxia arm is a parallel, separately-imposed stressor at the control temperature (4 C, 0.5% O2), not a level crossed with temperature, and no sheet row is drawn from it — all 8 rows come from the Supercooled vs untreated-Control contrast, which is the correct baseline choice. The frozen/thawed arm (also temperature, -2.5 C) was left out, which is a legitimate choice given it is the arm where the one significant effect occurred (plasma TBARS).

Two design caveats worth noting rather than a crossed-factor violation. First, the temperature treatment is intrinsically confounded with ischemic hypoxia/anoxia: the paper's own framing is that supercooling limits tissue perfusion, and plasma lactate rose from 0.9 +/- 0.4 mmol/l in controls to 6.0 +/- 0.7 mmol/l in supercooled hatchlings (P < 0.001, Results p. 878). Second, the single untreated control group (n = 8 animals) is the reference for all 8 sheet rows (3 tissues x 3 assays, minus plasma carbonyls), so the 8 effect sizes share both control and treatment animals; sample_depend = 1 captures this, and control_multiple_comparisons = ""no"" is defensible only because the frozen and hypoxia arms were not extracted.","Animals were hatchlings of Chrysemys picta sampled ""in midwinter"", i.e. far below sexual maturity (painted turtles mature at several years), so the prenatal/postnatal coding is right in kind: postnatal stage, prenatal columns blank (the 28 C egg incubation was identical for all groups, so there is no prenatal temperature contrast to code). Duration (2 days = the 48 h bout) and postnatal_measure_delay (1 day = the 24 h recovery at 4 C before assay) both match the Methods.

The trt-start age of 127 days is an estimate, not a paper-stated value; the paper gives only ""midwinter"" after a September-to-December acclimation schedule, so roughly 120-150 days post-hatch is plausible and 127 is reasonable. Note the extractor's own note (""2-3 months or 2.5 months"", i.e. ~76 days) is internally inconsistent with the 127 days entered in the sheet; 127 is the better estimate, so the note rather than the data needs correcting.

The substantive timing concern is qualitative, not arithmetic: this is an acute 48 h subzero challenge applied to animals that already shared an identical developmental thermal history, followed by 24 h recovery — a cold-hardiness/anoxia stress test rather than a developmental temperature regime. See the inclusion-criteria finding.","All 8 rows traced to a specific table cell. The paper contains no figures with data; every value is tabulated (Tables 1-3 on p. 879 = PDF p. 5; Table 4 on p. 880 is an unrelated cross-species plasma comparison and was correctly not extracted). I confirmed Tables 1-3 both from pypdf text and from a 200-dpi render of PDF p. 5 (crops at /private/tmp/claude-501/-Users-noble-Library-CloudStorage-Dropbox-1-Research-1-Manuscripts-In-Preparation-mito-meta-temp/31e1c27c-1d57-44f0-8935-b0c15f6aafc8/scratchpad/s39_tables.png and s39_t1.png).

Row-by-row (t1 = Supercooled column, t2 = Control column, all correct):
- merged_129 Table 1 Plasma: 0.70+/-0.09 vs 0.65+/-0.05 — matches; sd = se*sqrt(7) correct.
- merged_130 Table 1 Brain: 0.03+/-0.01 vs 0.03+/-0.01 — matches.
- merged_131 Table 1 Liver: 0.14+/-0.03 vs 0.13+/-0.02 — matches.
- merged_132 Table 2 Plasma: 8.0+/-1.0 vs 7.8+/-0.2 — treatment matches; CONTROL error statistic wrong by 10x (see findings).
- merged_133 Table 2 Brain: 0.8+/-0.1 vs 0.8+/-0.1 — matches.
- merged_134 Table 2 Liver: 1.1+/-0.1 vs 0.9+/-0.1 — matches.
- merged_135 Table 3 Brain: 2.6+/-0.5 vs 3.7+/-0.4 — matches.
- merged_136 Table 3 Liver: 2.3+/-0.2 vs 2.2+/-0.2 — matches.
Tissue, measure identity, descrp_measure, measurement_methods (Cayman Antioxidant Assay / OXItek TBARS kit / Reznick and Packer 1994 carbonyls, all named in Methods pp. 877-878), measurement_category (antioxidant for TAR; oxidative damage for TBARS and carbonyls) and mito_efficiency_dir (1 for total antioxidant capacity; 0 for TBARS and protein carbonyls) are all correct. Carbonyl proteins were correctly extracted for brain and liver only — the paper states ""We did not have sufficient sample volume to measure carbonyl proteins in the plasma of any animals"" (p. 879).

AUTOMATED FLAGS - all 6 are FALSE ALARMS. These rows were not digitised; they are tabulated numbers, and the paper genuinely prints identical control and supercooled values. Table 1 Brain: Control 0.03+/-0.01, Supercooled 0.03+/-0.01 (merged_130 mean and sd ties). Table 2 Brain: Control 0.8+/-0.1, Supercooled 0.8+/-0.1 (merged_133 ties). Table 2 Liver: both SE 0.1 (merged_134). Table 3 Liver: both SE 0.2 (merged_136). The ties simply reflect the paper's 1-2 significant-figure rounding, not an extraction error.

One convention question I could not resolve and am not reporting as a finding: all 8 rows are coded mito_ambiguity = ""not-ambiguous"" with mito_preparation blank, yet these are plasma and whole-tissue-homogenate/supernatant assays (Methods ""Tissue preparation"", p. 877) with no mitochondrial isolation at all. If ""not-ambiguous"" in this sheet means ""unambiguously mitochondrial"", the coding is wrong for all 8 rows; if it means ""the measure itself is unambiguous"", it is fine. Worth a lead-author check."
s40,True,4,"Madeira D, Costa PM, Vinagre C, Diniz MS (2016) ""When warming hits harder: survival, cellular stress and thermal limits of Sparus aurata larvae under global change."" Marine Biology 163:91, DOI 10.1007/s00227-016-2856-4 (14 pp.). This matches the sheet metadata exactly: author Madeira, year 2016, Actinopterygii, Sparus aurata, gilt-head seabream. No identity problem.","SD. Fig. 3 caption, p. 8, states verbatim: ""Two pooled samples (comprising of 20 larvae each) were taken at each temperature point. Results are shown as mean +/- SD."" (This sentence is even highlighted in the PDF copy.) No SEM or CI is reported anywhere; Table 2 (p. 7) gives only F, df and p from ANOVA with Dunnett's post hoc. The sheet is therefore correct to place the plotted error-bar half-widths in sd_t1/sd_t2, and se_* = sd_*/sqrt(2) is the right derivation for n = 2. There is no SEM-as-SD error in this study.","The paper states (p. 5, ""Experimental setup"", and repeated in the Fig. 3 caption): ""two pooled samples (one from each tank) were taken at each temperature point, comprising of 20 live individuals each."" So n = 2 pooled samples per temperature, each pool = 20 larvae. The sheet's n_t1 = n_t2 = 2 matches what the paper reports, and the extractor note records the pooling correctly.

Caveat worth knowing downstream (not scored as a separate finding): the two ""replicates"" are the two rearing tanks (Fig. 1, p. 4), and both tanks sat in a single shared temperature-controlled water bath driven by one circulator, so n = 2 is tank-level pseudo-replication of a single thermal unit, and the units of replication are pools of 20 larvae rather than individuals. Also, only 30 individuals were monitored for mortality at each point, and dead larvae were discarded before biochemistry.","There is no set of independently reared temperature groups. Larvae (12 days post-hatch, ~4.4-5 mm) were held at 18 C for 24 h and then subjected to a single continuous ramp of +1 C per hour from 18 C to the cumulative CTmax of 30 C (p. 5). Pooled samples were taken at 18, 20, 22, 24, 26, 28 and 30 C from the same two tanks as the ramp progressed.

The paper explicitly designates 18 C as the control/reference: the Fig. 3 caption calls it ""the control temperature (18 C)""; Methods p. 6 expresses protein carbonylation ""taking the control temperature 18 C as reference""; Results p. 7 compares each level ""when compared to control conditions (18 C)""; and p. 9 refers to ""larvae subjected to 18 C (controls)"". So the sheet's t2 = 18 as the reference group is right.

The sheet's t1 = 18 + 6 = 24 C is wrong for these rows. Every extracted treatment mean and SD comes from the 30 C bar (see finding 1), so t1 should be 30 and dose should be 12 C, not 6 C. The extractor note explains the 24: ""used the average temperature exposure for 24 hours"", i.e. the midpoint of an 18-30 C ramp. That reasoning is defensible in principle, but it collides with the fact that 24 C is itself a real, separately plotted sampling level with materially different values, and it understates the actual thermal dose of the extracted samples by half.","No second experimental manipulation is crossed with temperature. Salinity (25 per mille), oxygen (95-100%) and feeding (rotifers and Artemia every 6 h) were held constant, and no drug, supplement, UV, hypoxia or diet factor was applied (pp. 4-5). So criterion 4 (non-baseline level of a second factor) is not violated in the usual sense, and no sheet row comes from a non-baseline level of another treatment.

The complication is that temperature here IS the acute assay variable rather than a developmental rearing treatment: the design is a CTmax determination by dynamic ramping at 1 C/h, so each ""temperature group"" is a time point along one acute heat challenge. The specific level the sheet extracted (30 C) is the cumulative CTmax itself, defined as the temperature at which 100% of larvae were lethargic, with 80% relative mortality (Results p. 7, Fig. 2). That makes the extracted treatment group survivors of a near-lethal acute challenge (see findings 3 and 4).","Yes, animals were unambiguously pre-sexual-maturity. Larvae were obtained at 11 days post-hatch and were 12 days post-hatch when the experiment ran (p. 4-5); the larval phase alone lasts ~50 days at 17-18 C (Table 1, p. 3), and sexual maturity in S. aurata is years away. At 12 dph the larvae had pectoral fins, eye pigmentation, primary swim bladder inflation and ~100% yolk-sac reabsorption.

The prenatal/postnatal coding in the sheet is right: stage = ""postnatal"", post-hatch treatment window recorded in the postnatal columns, all prenatal fields blank, postnatal_measure_delay = 0 days. Exposure did not span into sexual maturity, so criterion 3 is not violated on that ground.

The coded duration is the weak point: post_natal_trt_start = 12, postnatal_trt_end = 13, dur = 1 day. At 1 C/h, 30 C is reached ~12 h after the ramp starts (and 24 C at ~6 h), so the actual exposure is roughly half a day of continuously rising temperature, not a day at a fixed temperature. The extractor note's ""temp was increased by 1C per hour for 24 hours"" is a misreading; the 24 h in the paper is the pre-experiment acclimation at 18 C. More fundamentally, a ~12 h ramp is an acute thermal-tolerance challenge rather than a developmental temperature manipulation (finding 3).","All 5 rows traced to specific panels of Fig. 3 (p. 8) and cross-checked against the Methods (pp. 4-7) and Results (p. 7) text.

- merged_137 (CAT), merged_138 (GST), merged_139 (SOD) -> Fig. 3b. Panel B has a shared left axis 0-300 (GST nmol/min/mg; SOD % inhibition/mg) and a right axis 0-10 (Catalase nmol/min/mg). Control (18 C) values read off the figure: GST ~184, SOD ~57, CAT ~57 on left scale = 1.9 on right scale. Sheet t2 values (181.7, 57.7, 1.851) and SDs (9.94, 1.26, 0.771) match the 18 C bars and error bars well within digitising noise. Treatment values, however, match the 30 C bars, not the 24 C bars (see finding 1).
- merged_140 (LPO/MDA), merged_141 (protein carbonylation) -> Fig. 3c. Left axis 0-2.0 (PC, relative units), right axis 0-0.10 (LPO as MDA nmol/mg). Sheet t2 values (MDA 0.04053, PC 1.0012) match the 18 C bars (LPO bar ~0.81 on left scale = 0.0405 on right scale; PC bar = 1.00, which is expected because Methods p. 6 states PC is ""expressed as relative units (taking the control temperature 18 C as reference)""). Treatment values again match 30 C, not 24 C.
- Methods/design traced to ""Larvae collection and acclimation"" (p. 4), ""Experimental setup"" (p. 5), the assay sections (pp. 6), ""Statistical analysis"" (p. 6), Fig. 1 (p. 4) and Table 2 ANOVA (p. 7).

Also checked and found correct, so not reported as findings: tissue (whole-larva homogenate in PBS, p. 5 -> ""whole body"" correct); stage postnatal with prenatal fields blank (12 days post-hatch larvae); measure_delay 0 days (sampled at each temperature point); mito_efficiency_dir (1 for CAT/GST/SOD, 0 for MDA and protein carbonyls) matches the schema; measurement_category (antioxidant for CAT/GST/SOD; oxidative damage for MDA/PC) correct; units correct against the axis labels (CAT nmol/min/mg, SOD % inhibition/mg, MDA nmol/mg, PC relative/unitless); descrp_measure text correctly describes each measure; sd/se convention internally consistent (se = sd/sqrt(2) for every row).

Cosmetic items not worth a finding: GST units typed ""nmom/min/mg"" (should be nmol/min/mg); the CAT method is cited in the sheet as ""Borg (1988)"" where the paper cites ""Johansson and Borg (1988)"".

Automated flags: none were raised for s40, so there was nothing to confirm or dismiss. The problems below were found by direct tracing, not by the automated checks."
s41,True,3,"PDF is Madeira D., Vinagre C., Diniz M.S. (2016) ""Are fish in hot water? Effects of warming on oxidative stress metabolism in the commercial species Sparus aurata"", Ecological Indicators 63: 324-331. This matches the sheet metadata (author Madeira, year 2016b, Sparus aurata, Actinopterygii, gilt-head seabream). Note the paper also cites Madeira et al. 2014b (Mar Ecol Prog Ser) for the same CTMax trial series, so the ""2016b"" suffix refers only to within-sheet disambiguation, not to a different paper.","SD, and the sheet handles it correctly. Captions of Fig. 1 (p.327), Fig. 2 and Fig. 3 (p.328) all read ""Levels (mean + SD)""; body text also reports fish size as ""mean ± SD total length of 92.1 ± 8.1 mm"" (Section 2.2, p.325). My pixel measurements of the plotted caps agree with the sheet's sd_* column across all 16 rows (e.g. gill CAT 34 C cap = 51.6 vs sd_t1 = 50.35; muscle GST 34 C cap = 39.6 vs sd_t1 = 39.82; gill MDA 34 C cap = 0.0743 vs sd_t1 = 0.0733), and se_* = sd_*/sqrt(6) throughout. So sd_* holds the plotted SD and se_* is the correctly derived SEM - there is no un-converted-SEM problem in this study.","n = 6 per temperature point for both groups, matching n_t1 = n_t2 = 6 on every row. Methods, Section 2.2 (p.325): ""samples (brain, gills, intestine, liver, muscle) from 6 individuals were taken at 18 C (control), 22, 24, 26, 28, 30, 32, 34 C, CTMax (35.5 ± 0.5 C) ... The total number of individuals was 54."" Fig. 1 caption: ""Six individuals were sampled at each temperature point (except 22 C for brain tissue)"" - the 22 C exception does not touch any extracted row. Fish were held in 5 tanks of 10-11 fish during the ramp, but the paper's unit of replication and stated n is the individual, so n=6 is the defensible value.","The design is a single continuous thermal ramp at 1 C/h starting from the 18 C holding/acclimation temperature and running to CTMax (35.5 ± 0.5 C), with 6 fish killed at each of 18 (explicitly ""control""), 22, 24, 26, 28, 30, 32, 34 C and CTMax. 18 C is unambiguously the biologically appropriate reference and the sheet correctly assigns it to t2, with all mean_t2/sd_t2 values coming from the 18 C cluster. The treatment values (mean_t1) all come from the 34 C cluster, which the extractor's note says was chosen deliberately as ""the highest that is not CTmax"". However the t1 column does not record 34: every row has t1 = 26.75 and dose = 8.75, an average across the ramp's sampling levels rather than the temperature the extracted group was actually at (see findings). CTMax rows, and the 22-32 C intermediate rows, were not extracted, so there is no double-use of a treatment level.","No second experimental factor. Temperature (the ramp) is the only manipulation; there is no UV, hypoxia, salinity, diet, CORT or acute-assay-temperature crossing, and assay temperature is not a treatment (all biomarker assays were run on frozen tissue in the lab). All groups received the identical commercial pellet diet, which does contain ""vitamins, vitamin C ... antioxidants"" plus Spirulina (Section 2.2, p.325); because it was identical for control and treated fish this is not a differential supplement and does not trip inclusion criterion 3, but it is worth knowing given the outcomes are antioxidant enzymes. All fish were starved 24 h before the trial, again equally. One design confound inherent to the ramp (not an extraction error): the 34 C fish were sampled ~16 h later than the 18 C controls, so time-in-tank/fasting duration covaries with temperature.","Animals were pre-sexual-maturity. Section 2.2 (p.325): ""S. aurata is a protandric hermaphrodite species, maturing first as a male (first or second year of age) ... Considering that the collected juveniles were less than one year of age, the sex was still undetermined as fish had not yet ripened"" (92.1 ± 8.1 mm, 12.2 ± 2.9 g). The sheet's coding as stage = postnatal with all prenatal_* fields blank and sex = ""both"" is right for a post-hatch fish of undetermined sex. The age estimate (post_natal_trt_start = 189.5 d, derived in the extractor note from a 50-d larval period plus a median juvenile age plus 7 d acclimation) is a documented estimate, not something the paper states; dur_trt_postnatal = 0.667 d (16 h) is the correct duration of the ramp from 18 to 34 C, although 190 - 189.5 = 0.5 d is internally inconsistent with that 0.667 (trivial rounding, not scored). The substantive issue is not the stage but the nature of the exposure: a 16-h acute ramp to near-lethal temperature, ending at sampling, is an acute thermal-tolerance challenge rather than a developmental temperature treatment (see findings).","All 16 rows traced to a specific panel and cluster and checked by pixel-calibrated measurement of the published figures (axes calibrated from tick positions; bar tops and error-bar caps measured directly).

ref=figure1a (CAT, Fig. 1a p.327, y-axis ""Catalase activity nmol.min-1.mg-1 of total protein""), 34 C vs 18 C clusters. Measured (mean±cap) vs sheet: gill 108.5±51.6 / 11.3±8.9 vs sheet 107.90±50.35 / 12.60±7.02 (merged_142); brain 47.5±18.4 / 6.6±1.3 vs 48.41±16.78 / 6.62±1.35 (merged_143); muscle 83.8±4.7 / 6.6±6.4 vs 83.89±3.48 / 7.32±6.19 (merged_144); liver 22.4±11.9 / 6.6±1.3 vs 23.72±9.89 / 6.97±0.77 (merged_145).

ref=figure1b (GST, Fig. 1b; NB bar order differs from panel a - Intestine, Brain, Gills, Liver, Muscle - and the extractor got it right): gill 72.4±28.7 / 28.7±13.7 vs 74.37±24.89 / 29.69±12.11 (merged_146); brain 38.2 / 32.8 vs 41.01 / 36.02 (merged_147); muscle 572.0±39.6 / 10.9 vs 573.87±39.82 / 12.94 (merged_148) - the 44-fold ratio in the sheet reproduces the paper's own ""+43.9-fold"" (Results 3.2, p.327; Table 2, p.330); liver 99.7±36.9 / 30.0±6.8 vs 103.31±30.94 / 32.73±6.38 (merged_149).

ref=figure1c (SOD, Fig. 1c, ""% inhibition.mg-1 of total protein""; bar order Liver, Muscle, Intestine, Brain, Gills): gill 55.5±22.5 / 29.3±2.1 vs 55.74±22.25 / 29.59±1.16 (merged_150); brain 25.9±1.1 / 49.8±7.5 vs 26.50±0.80 / 50.27±6.50 (merged_151, correctly a decrease, matching ""SOD decreased 1.7-fold in brain"", p.328); muscle 45.7±18.2 / 19.1±1.6 vs 46.43±17.57 / 19.48±0.84 (merged_152); liver 21.4±10.2 / 10.7±1.4 vs 21.86±9.46 / 11.64±0.51 (merged_153).

ref=figure3 (LPO as MDA, Fig. 3 p.328, ""MDA concentration nmol.mg-1 of total protein""): gill 0.3475±0.0743 / 0.2149±0.0040 vs 0.3509±0.0733 / 0.2180±0.0026 (merged_154); brain 0.0198±0.0119 / 0.0119±0.0050 vs 0.0219±0.0098 / 0.0128±0.0031 (merged_155); muscle 0.0891±0.0436 / 0.0030±0.0030 vs 0.0911±0.0431 / 0.0029±0.0034 (merged_156); liver 0.1248±0.0545 / 0.0545±0.0356 vs 0.1274±0.0535 / 0.0568±0.0341 (merged_157).

Everything else checks out: units match the y-axis labels exactly (nmol/min/mg for CAT and GST, percent/mg for SOD % inhibition, nmol/mg for MDA); tissues (gill, brain, muscle, liver) are correctly assigned to the right coloured bar in each panel despite the legend order changing between panels; measurement_category (antioxidant for CAT/GST/SOD, oxidative damage for MDA) and mito_efficiency_dir (1 for the three antioxidant enzymes, 0 for MDA/TBARS) follow the schema; descrp_measure and measurement_methods match the paper's Sections 2.4.1-2.4.3 and 2.5 (Beers & Sizer/Aebi/Li & Schellhorn for CAT, Habig for GST, Sun for SOD, Uchiyama & Mihara TBARS for MDA); type=""raw""; n=6/6 as stated.

BOTH AUTOMATED FLAGS ARE FALSE ALARMS and I dismiss them. (i) merged_144 (muscle CAT, SMDH~15): the tiny sd_t1=3.48 is a faithful read of the plotted error bar - a high-zoom crop of the 34 C cluster of Fig. 1a shows the red muscle bar carrying a very short cap (measured 4.65 units) while the adjacent gills bar carries a cap of ~52 units, so the small SD is real, not an error-bar-type mistake. (ii) merged_148 (muscle GST, SMDH~20): mean 573.9 vs 12.9 reproduces the paper's own stated 43.9-fold increase in muscle GST at 34 C (Results 3.2 and Table 2), and the measured cap at 34 C is 39.6 units vs sheet sd 39.82. Both extreme effects are genuine features of these data.

Also checked and dismissed: brain-GST sd_t1 and sd_t2 are numerically identical (6.38334) and nearly identical to liver-GST sd_t2 (6.38344) - this is consistent with the digitiser clicking the same pixel offset on three small, similar caps in a crowded panel, and my own measurement returns similar caps for those bars, so I do not treat it as a fabricated/copied value. Liver CAT in the sheet gives a 3.4-fold increase while Table 2 says 2.9-fold; my pixel read of Fig. 1a (22.4 vs 6.6) gives 3.4, i.e. the sheet matches the figure and the paper's table is the inconsistent one - no extraction error.

Not extracted (mentioned for completeness, not scored as errors): intestine CAT/GST/SOD/LPO are plotted in the very same panels and would give 4 further effect sizes (the sheet does use gut tissue elsewhere, e.g. ""duodenum"" in another study), and hepatic CYP1A (Fig. 2) was correctly left out as a microsomal detoxification protein rather than a mitochondrial measure."
s42,True,3,"The PDF is Bautista A, Castelán F, Pérez-Roldán H, Martínez-Gómez M, Hudson R (2013) ""Competition in newborn rabbits for thermally advantageous positions in the litter huddle is associated with individual differences in brown fat metabolism"", Physiology & Behavior 118: 189-194, doi:10.1016/j.physbeh.2013.05.035. This matches the sheet metadata exactly: author Bautista, year 2013, class Mammalia, Oryctolagus cuniculus (European rabbit), postnatal stage, brown adipose tissue, UCP-1 by western blot. No identity mismatch.","The paper reports almost nothing as mean +/- SD or SEM; every figure is a box plot. Fig. 1 legend (p. 192) defines the convention used by Figs. 1-4: ""Horizontal lines within boxes represent medians, horizontal limits to boxes represent interquartile ranges, and vertical bars represent absolute ranges."" Fig. 3 and Fig. 4c legends both say ""Data are represented as in Fig. 1"". The only explicit SD in the paper is for total milk ingested (Results 3.2, p. 191: ""mean of total milk ingested for the three days +/- SD: 39.74 g +/- 14.15 vs. 21.86 g +/- 10.61""), which is not the extracted measure. Statistics are non-parametric throughout (Friedman + Dunn, Methods 2.4). Consequently sd_t1/sd_t2 in the sheet are not transcribed SDs but box-plot-derived estimates (median/IQR/range converted to mean and SD, as metaDigitise does). This is a legitimate conversion and the means reproduce the Wan et al. estimator almost exactly, so I am not flagging it as an error; but the row's sd values are model-based estimates rather than reported dispersion, which is worth recording. se_t1 = 0.11546 = 0.34639/sqrt(9) and se_t2 = 0.10389 = 0.31167/sqrt(9), so the sheet's sd = se*sqrt(n) convention is respected and there is no SEM-as-SD error.","The paper states n = 9 per position category in two places: Methods 2.3.1 Huddle index (p. 191) ""the most central pup (C) with the highest score, the most peripheral pup (P) with the lowest score, and an intermediate pup (I) ... (n = 9 pups per category)"", and the Fig. 4c legend (p. 193) ""for the C, I, and P pups (9 pups/group)"". Nine litters were used, each culled to 8 pups on day 0, and exactly one C, one I and one P focal pup was selected per litter. The sheet's n_t1 = 9 and n_t2 = 9 therefore match the paper. Note these are 9 pups from 9 litters, one pup per litter per group, so the two ""groups"" are paired within litter rather than independent samples; the sheet does set sample_depend = 1, which flags this.","There is only ONE thermal treatment in this study, applied identically to all animals. Methods 2.2.2 (p. 190): from postnatal day 1 the nest box ""was placed in a cold room in continuous light with the temperature set at 25 degrees C ... This temperature, below the approximately 35 degrees C critical thermoneutral temperature for newborn rabbits, induces them to huddle but without compromising pup survival."" Methods 2.2.3 (p. 191): ""the temperature of the cold room was decreased by 1 degrees C at 19:30 h each day"", i.e. 25 -> 24 -> 23 -> 22 degrees C, and the Discussion (p. 193) confirms ""pups in all three positions were exposed to a 1-degree room temperature reduction each day"". So there is no warm vs cold assignment and no experimental control group. The C (central), I (intermediate) and P (peripheral) categories were defined post hoc from behaviour: Methods 2.3.1 computes a huddle index from 140 video frames per pup and ranks littermates into most-central, intermediate and most-peripheral. The sheet nevertheless assigns t1 = 34.9 (treatment = P pups) and t2 = 36.3 (control = C pups), taken from the Fig. 3a box plots of the pups' own mean skin body temperature (nape/groin average, Methods 2.2.2), with dose = -1.4 degrees C. Directionally this is at least self-consistent (P pups are the colder, ""treated"" group; C pups the warmer reference, and C is the paper's own comparison baseline in Results 3.1-3.4), but the values are measured thermal phenotypes, not assigned environmental temperatures, and the true assigned temperature contrast between the two rows' groups is 0 degrees C.","There is no crossed second experimental factor (no UV, hypoxia, diet, CORT, salinity or acute assay temperature manipulation; UCP-1 was measured once, on day 4, with no acute cold challenge). However, because the groups are self-assorted rather than assigned, the C vs P contrast is intrinsically confounded with a large nutritional and body-size difference, so in effect the ""cold"" animals also differ in nutrition: Fig. 1b (p. 192) C pups were significantly heavier at birth than P pups (medians roughly 63 g vs 47 g, Friedman chi2 = 14.22, p < 0.0001); Results 3.2 (p. 191) C pups ingested nearly twice the milk of P pups over days 2-4 (39.74 +/- 14.15 g vs 21.86 +/- 10.61 g, Dunn C vs P p < 0.01); Fig. 2a shows the same divergence in day-4 body mass and Fig. 2b in milk-conversion ratio. The extracted row (t1 = P pups) therefore comes from animals that were simultaneously smaller, colder and substantially undernourished relative to the t2 reference, which cannot be separated from the thermal difference. The intermediate (I) group was correctly not extracted.","Timing coding is correct. Rabbit pups were altricial neonates: treatment ran from postnatal day 1 (09:00, Methods 2.2.2) to postnatal day 4 (18:00, Methods 2.2.4), when they were decapitated and BAT sampled, with no delay before measurement. The sheet's stage = postnatal, post_natal_trt_start = 1, postnatal_trt_end = 4, dur_trt_postnatal = 4 days, postnatal_measure_delay = 0, and empty prenatal fields all match; the only trivial imprecision is that the exposure was about 3.4 days (day 1 09:00 to day 4 18:00) rather than a full 4 days, which is not worth changing. Animals were far pre-sexual-maturity (4 days old, still naked and pre-weaning), so criterion 1's ""before sexual maturity"" and criterion 3's ""not spanning into sexual maturity"" are both satisfied. Shared controls are not an issue: only one row was extracted, control_multiple_comparisons = ""no"" is correct, and the C group is used only once.","The single row (merged_158) traces cleanly to two figures. (a) The UCP-1 means/SDs come from Fig. 4c (p. 193), ""Mitochondrial UCP-1 expression for the C, I, and P pups (9 pups/group), on postnatal day 4"". Reading the box plot: C = min 0.185, Q1 0.215, median 0.35, Q3 0.60, max 1.01; P = min 0.355, Q1 0.68, median 0.935, Q3 1.10, max 1.34. Applying the Wan et al. 5-number mean estimator that metaDigitise uses for box plots gives C = 0.441 and P = 0.891, versus the sheet's mean_t2 = 0.4475 (control = C, central) and mean_t1 = 0.8966 (treatment = P, peripheral). Both agree to within ~0.007, i.e. digitising noise only, and the group assignment is correct (P has the higher UCP-1, consistent with Results 3.4 and the Fig. 4c significance letters a vs b). sd_t2 = 0.3117 and sd_t1 = 0.3464 are plausible box-plot-derived SD estimates given the IQRs (0.385 and 0.42) and ranges (0.825 and 0.985); se_* = sd/sqrt(9) exactly, so there is NO un-converted-SEM problem. n = 9 per group matches Methods 2.3.1 (""n = 9 pups per category"") and the Fig. 4c legend. Tissue (brown adipose tissue, right interscapular pad) matches Methods 2.2.4 (""an approximately 3 g sample taken from the right interscapular pad""). mito_efficiency_dir = 0 is correct for an uncoupling protein. descrp_measure ""UCP-1 expression"", units ""unitless"" (paper: arbitrary units = UCP-1 band density / Coomassie band density), method ""western blot"", and mito_ambiguity ""not-ambiguous"" (mitochondrial-enriched fractions, Methods 2.3.3) are all accurate. (b) t1 = 34.9 and t2 = 36.3 trace to Fig. 3a (p. 192), body temperature averaged across postnatal days 1-4: C box = min 35.3, Q1 35.9, median 36.4, Q3 36.7, max 37.1 -> Wan mean 36.31; P box = min 33.65, Q1 34.2, median 34.95, Q3 35.55, max 36.3 -> Wan mean 34.93. So the t1/t2 values are correctly digitised from Fig. 3a, but Fig. 3a is a measured OUTCOME, not a treatment (see findings). Nothing in the row is untraceable. There were 0 automated flags for this study, so none to confirm or dismiss."
s44,True,5,"PDF is: Basha PM & Poojary A (2012) ""Oxidative Macromolecular Alterations in the Rat Central Nervous System in Response to Experimentally Co-Induced Chlorpyrifos and Cold Stress: A Comparative Assessment in Aging Rats"", Neurochemical Research 37:335-348 (received 2011, online 13 Oct 2011, issue 2012). This matches the sheet citation ""Basha_and_Poojary_2012"" and the sheet metadata (author Basha, year 2012, Mammalia / Rattus norvegicus, Wistar strain, male). Only the manifest's paper_title_hint string (""Basha_et_al_2012"") is loose — the paper has exactly two authors; no consequence for the data. Species/strain/sex in the sheet are correct: ""Male albino rats, Wistar strain (Rattus norvegicus albinus)"" (Methods, Animals, p.336).","The paper reports SD, and the sheet handled this correctly. Statistical Analysis, p.337: ""The results are expressed as mean +/- standard deviation (SD) of six observations (n = 6) in each group."" Each figure caption repeats it: ""Results are presented as mean +/- SD, n = 6"" (Fig.1 p.338, Fig.2 p.339, Fig.3 p.340, Fig.4 p.341). In the sheet, sd_t1/sd_t2 hold the digitised whisker and se_t1/se_t2 = sd/sqrt(6) exactly (e.g. merged_159: 0.358085/0.146187 = 2.449 = sqrt(6)); CI95 columns are empty. So there is NO un-converted SEM anywhere in this study's 64 rows (sd never equals se). Caveat for the analyst rather than an extraction error: several of the paper's SDs are implausibly small for n = 6 (e.g. Fig.1e juvenile control 97.1 +/- 1.43; Fig.4f juvenile control 20.24 +/- 0.30), which is what generates the 8 ""EXTREME effect"" autoflags (|SMD| up to ~15).","n = 6 per group, and the sheet matches on every row (n_t1 = n_t2 = 6). Experimental Protocol, p.337: ""The number of animals in each group was six."" Statistical Analysis, p.337: ""six observations (n = 6) in each group""; all four figure captions: ""n = 6"". Nothing in the paper suggests attrition or different n per age group or region, and the same 6 animals per group supplied all four CNS regions, which the sheet's sample_depend clustering (1-4, reused across regions and assays) correctly reflects.","Six groups (Experimental Protocol, p.337): Group I control at laboratory room temperature 28 +/- 1 C; Group II CPF at 28 +/- 1 C; Group III cold stress at 15 C; Group IV cold stress at 20 C; Group V CPF + cold 15 C; Group VI CPF + cold 20 C. Exposure = 48 h in a BOD incubator, 12h:12h light cycle. The biologically appropriate reference is Group I (28 C, which is also the colony acclimation temperature), and the sheet assigns exactly that: t2 = 28 on all 64 rows with mean_t2/sd_t2/n_t2 read from the red Control bar, and t1 = 15 (bar 3, solid blue ""Cold stress at 15 C"") or t1 = 20 (bar 4, cyan crosshatch ""Cold Stress at 20 C""). dose = -13 and -8 C respectively, consistent with t1 - t2. I checked bar identity panel by panel and found no 15/20 swap and no case where a CPF bar was read as a cold bar. One caveat: this is an acute 48-h cold exposure (""acute cold stress apparatus""), not a chronic developmental thermal regime — relevant to how this study is weighted/interpreted, but not an extraction error.","Yes — temperature is fully crossed with chlorpyrifos (CPF): 2 CPF levels x 3 thermal levels (28/20/15 C), plus 3 age groups. The extractor correctly drew every row from the baseline (no-CPF) level of the second factor: only Group III (15 C) and Group IV (20 C) versus Group I (28 C control) were used, and the extractor note says so explicitly (""used control group and group exposed to 15 C and 20C but not groups exposed to CPF""). I verified against the figures that no CPF, CPF+Cold-15 or CPF+Cold-20 bar was digitised into any of the 64 rows. Two design notes that are not extraction errors but should be recorded: (1) all three included groups received a subcutaneous injection — ""The group I, III and IV animals were injected with plain DMSO (vehicle controls)"" (p.337) — so the DMSO vehicle is balanced across the contrast and does not breach the ""no additional drug/supplement"" criterion, but the treatment and control animals were both handled/injected; (2) the third factor, age, is handled as separate rows (neonatal, juvenile) rather than pooled, which is appropriate, but it means each control group is used twice (15 C and 20 C contrasts) — already marked control_multiple_comparisons = yes.","Yes, all included animals were pre-sexual-maturity, and the prenatal/postnatal coding is right. Exposure was entirely postnatal (stage = ""postnatal"", sex = ""male""; all prenatal_* columns correctly blank — there is no prenatal arm in this study). The sheet uses only the neonatal and juvenile age groups; the 90-day-old ""adult"" group present in every figure was correctly excluded (a 90-day-old male Wistar is sexually mature, so those contrasts would fail criterion 1). Whether the treated animals were 7 d and 21 d old (the paper's own group labels and LD50 basis) or 14 d and 28 d (the sheet's values, which add the 1-week acclimation), both are well before sexual maturity in Wistar rats (~6 weeks), so inclusion stands; the age discrepancy is reported as a low-severity finding because it shifts the treatment-age moderator. The other timing issue is the post-treatment delay: the paper sampled at the end of the 48-h exposure, whereas the sheet records an additional 2-day measurement delay (reported as a medium-severity finding).","All 64 rows traced to a specific panel. The study reports 4 CNS regions, each in its own figure (Fig. 1 cerebral cortex p.338; Fig. 2 cerebellum p.339; Fig. 3 medulla oblongata p.340; Fig. 4 spinal cord p.341), each with 7 panels (a DNA, b RNA, c total protein, d protein carbonyls, e protein thiols, f ALT, g AST) and 6 treatment groups x 3 age groups. The sheet's 64 rows = 4 figures x panels d/e/f/g x {neonatal, juvenile} x {15 C, 20 C}, each against the same-age Control bar. I re-read every bar: panel-by-panel the digitised means agree with the plotted bars to within digitising noise (e.g. Fig.1d neonatal cold-15 1.82 vs plotted ~1.8, control 1.20 vs ~1.2; Fig.1e neonatal cold-15 20.31 vs ~20, control 41.38 vs ~41.3; Fig.1f juvenile cold-15 38.86 vs ~39; Fig.4g juvenile cold-15 59.82 vs ~59.5, control 20.91 vs ~21). Bar order in every panel is Control, CPF, Cold-15, Cold-20, CPF+Cold-15, CPF+Cold-20, and the sheet consistently takes bar 3 for t1=15 and bar 4 for t1=20 — no 15/20 swap, no CPF bar contamination, no age-cluster swap, no unit/order-of-magnitude problems (axis labels: ""nmoles of carbonyls/mg protein"", ""nmoles of thiol/mg protein"", ""ug of pyruvate formed/30 min/mg wet weight of tissue"", ""ug of pyruvate formed/hr/mg wet weight of tissue"" — all match the sheet's units strings). n_t1 = n_t2 = 6 everywhere, which matches the paper. DISMISSED AUTOFLAGS: (1) the 8 ""EXTREME effect"" flags are false alarms in the sense of extraction error — I zoomed to 500 dpi on Fig.1e and Fig.4f and the plotted whiskers really are that small (e.g. Fig.1e juvenile Control 97 with a ~+/-1.4 whisker; Fig.4f juvenile Control ~20 with no visible whisker), and the captions say ""mean +/- SD, n = 6"", so the huge SMDs come from the paper's own implausibly tight SDs, not from a SEM/SD mix-up or a wrong panel. Worth flagging to the analyst as influential-outlier candidates but not as extraction defects. (2) all 32 ""SHARED CONTROL"" flags are correct-by-design and already handled: there is one Control group (Group I, n=6) per age per region, and it is legitimately re-used for both the 15 C and the 20 C contrast; control_multiple_comparisons is already ""yes"" on every row, and sample_depend (1 = neonatal/15, 2 = juvenile/15, 3 = neonatal/20, 4 = juvenile/20) correctly ties the same animals across all four regions and all four assays. NOT CHECKED/NOTED: mito_preparation is empty and mito_ambiguity = ""not-ambiguous"" for all 64 rows, but every assay was run on whole-tissue homogenate supernatant (Methods, p.337: ""tissue homogenates were made by using appropriate buffer and supernatant was stored at -20 C and used for biochemical assays"") with no mitochondrial isolation — none of these four measures is mitochondria-specific, so ""not-ambiguous"" looks optimistic; I did not report it as a finding because I do not have the codebook definition of that field."
s50,True,2,"Match. The PDF is Dettleff P, Zuloaga R, Fuentes M, Gonzalez P, Aedo J, Estrada JM, Molina A, Valdes JA (2020) ""Physiological and molecular responses to thermal stress in red cusk-eel (Genypterus chilensis) juveniles reveals atrophy and oxidative damage in skeletal muscle"", Journal of Thermal Biology 94: 102750 (received 9 June 2020, accepted 4 Oct 2020; doi 10.1016/j.jtherbio.2020.102750). Sheet metadata (author Dettleff, year 2020, Actinopterygii, Genypterus chilensis, red cusk-eel) all agree. Note there is a second, different Dettleff et al. 2020 paper (Mar Biotechnol 22:94-108, handling-stress lncRNAs) cited internally as a reference; the extracted rows are from the thermal-biology paper, which is correct.","SEM. Methods 2.6 ""Statistical analysis"" (p. 3): ""Data are expressed as the means +/- standard error of the mean (SEM)."" Every relevant figure caption repeats it: Fig. 1 (p. 4) ""Bars represent means +/- SEM"", Fig. 4 (p. 6) ""Bars represent means +/- SEM"", Fig. 5 (p. 6) ""Bars represent means +/- SEM"". The sheet handles this correctly: for all six rows sd_* = se_* * sqrt(6) exactly (e.g. merged_223 se_t1 24.5808 -> sd_t1 60.2105; merged_225 se_t2 0.97891 -> sd_t2 2.39783). No un-converted SEM in this study.","n = 6 per group, matching n_t1 = n_t2 = 6 on all six rows. Methods 2.2 (p. 2): ""six individuals per group in the control and stress groups (with three animals sampled per tank, with two experimental tanks per group for a total of N = 12 sampled fish)"". Fig. 1 caption: ""control (n = 6) and stress groups (n = 6)""; Fig. 4 caption: ""in control (n = 6) and stress groups (n = 6)"". Fig. 5 gives no n but comes from the same six fish per group. Worth noting for the analysis (not an extraction error): the six fish per group come from only two tanks per group (3 fish/tank), so the paper's n = 6 is fish-level and partly pseudoreplicated at the tank level; the sheet correctly records the paper's stated n.","Two levels only: control 14 C (+/- 0.77 C) and thermal-stress 19 C (+/- 0.75 C), Methods 2.2 (p. 2). Fish were acclimated for two weeks at 14 C, so 14 C is unambiguously the biologically appropriate control/reference; 19 C was chosen as the summer maximum on the Chilean coast. The sheet assigns t1 = 19 (treatment) and t2 = 14 (control) on all six rows, which is correct under the sheet convention, and mean_t1/sd_t1/n_t1 correspond to the ""Stress"" bars and mean_t2/sd_t2/n_t2 to the ""Control"" bars in every panel (verified by the direction and magnitude of every contrast: cortisol, AP sites, HNE, cat and sod1 all higher in t1, matching the paper's reported upregulation). `dose` = 5 with units.1 = celsius correctly encodes the 5 C differential. The 19 C group reached temperature via a 24 h ramp (~1 C per 5 h) and was then held at 19 C for five days; the sheet's 5-day duration therefore describes the hold period and excludes the 24 h ramp (trivial).","No. This is a single-factor, two-level design: temperature only. There is no crossed second manipulation - no UV, no diet manipulation (all fish fed the same commercial pellet daily), no CORT or drug administration, no salinity manipulation, and no acute assay-temperature factor (all assays are biochemical/molecular on sampled tissue, not respirometry at multiple test temperatures). Oxygen was explicitly controlled rather than manipulated: ""All tanks in control and stress groups were continuously supplied with air to avoid decrease on the oxygen concentration"" (Methods 2.2, p. 2), and the Discussion (p. 5) states there were ""no significant changes observed in the oxygen concentrations between the tanks"", specifically to separate the temperature effect from a hypoxic one. So no sheet rows come from a non-baseline level of any second factor, and inclusion criteria 3 and 4 are not at issue.","Pre-sexual-maturity, and the prenatal/postnatal coding is right. Methods 2.2 (p. 2): ""juveniles of red cusk-eels, 12 months of age, reproductively immature (average weight of 665 +/- 52.7 g; average length of 60 +/- 4.8 cm)"", acclimated two weeks at 14 C before the experiment. The sheet codes stage = postnatal, sex = both, post_natal_trt_start = 379 d, postnatal_trt_end = 384 d, dur_trt_postnatal = 5 d, total_trt_duration = 5 d, with all prenatal_* fields blank - all consistent (365 d age + 14 d acclimation = 379 d; +5 d hold = 384 d) and appropriate for an externally developing teleost. postnatal_measure_delay = 0 days is correct: blood and skeletal muscle were taken at the end of the five-day exposure (Methods 2.2). Two scope notes for the team's judgement rather than extraction errors: (i) this is a 5-day sub-chronic heat challenge in near-harvest-size 12-month-old juveniles, which is closer to an acute thermal-stress assay than to a chronic developmental temperature regime, even though inclusion criterion 1 (manipulated before sexual maturity) is literally satisfied; (ii) immaturity rests on the authors' assertion - they give no gonad data, and the fish are 60 cm, which is in the region of the species' mean maturity size reported in the reference they themselves cite (Chong and Gonzalez 2009, on maturity mean size of G. chilensis). No treatment spanned into sexual maturity.","All 6 rows traced to a specific panel and every number checked.

- merged_223 -> Fig. 1A (p. 4), plasma cortisol ng/mL. Control bar ~57.6 (SEM ~7.8), stress ~200 (SEM ~24.6). Text (p. 3, sec. 3.1) states a 3.46x rise; sheet ratio is 200.11/57.60 = 3.47. Means/SEMs consistent with the panel.
- merged_224 -> Fig. 4A (p. 6), ""AP sites per 10^5 bp"". Control ~2.0 (SEM ~0.13), stress ~5.1 (SEM ~0.41). Sheet units ""sites/10^5bp"" match the axis. Tissue = skeletal muscle, correct (Methods 2.4, gDNA from 25 mg skeletal muscle, OxiSelect Oxidative DNA Damage Quantification Kit, Cell Biolabs) - matches measurement_methods verbatim.
- merged_225 -> Fig. 4B (p. 6), ""HNE protein (ug/mL)"". Control ~2.4 (SEM ~0.98), stress ~26 (SEM ~6.6). Units and method (OxiSelect HNE Adduct Competitive ELISA, Cell Biolabs; Methods 2.4) correct.
- merged_226 -> Fig. 5A (p. 6), cat relative expression (fold-change). Control 1.00, stress ~2.10; sheet ratio 2.06.
- merged_227 -> Fig. 5B (p. 6), sod1 relative expression. Control 1.04, stress ~2.90; ratio 2.80.
- merged_228 -> Fig. 5C (p. 6), gpx1 relative expression (the non-significant panel). Control 1.00, stress 1.34; matches the panel and the text's ""no significant differences"" (p. 4, sec. 3.3).

All within digitising noise; no wrong-panel or wrong-group errors, no order-of-magnitude/unit errors, correct t1/t2 assignment, correct tissue on every row, and descrp_measure matches the panel on every row. SD/SE conversion is exact on all 12 group cells (sd = se*sqrt(6) to 6 dp), so there is no SEM-as-SD problem anywhere in this study.

Category/direction checks: oxidative-damage rows (AP sites, HNE) correctly coded measurement_category = ""oxidative damage"", mito_efficiency_dir = 0; antioxidant gene rows correctly coded ""antioxidant"" / dir = 1. The cat/sod1/gpx1 rows are mRNA fold-changes rather than enzyme activities, but coding them by gene function rather than as ""gene/protein expression"" follows the sheet's own convention elsewhere (s98 codes COX/Atp5b/PGC-1a mRNA as ""metabolic capacity""), so I did not treat that as an error.

Dismissed / not reported: (a) the automated-check list for s50 was empty, so there was nothing to confirm or dismiss there - however the project's own output/checks/check_dir_codes.csv already flags merged_223, and I confirm that flag below; (b) row merged_228's `ref` value is misspelled ""fibgure5c"" (should be figure5c) - a traceability typo only, no effect on any value, so not raised as a finding; (c) sex = ""both"" is not stated anywhere in the paper (fish were unsexed reproductively immature juveniles), a plausible default rather than an error."
s51,True,2,"PDF is ""Seabream Larval Physiology under Ocean Warming and Acidification"" by Marta S. Pimentel, Filipa Faleiro, Jorge Machado, Pedro Pousão-Ferreira, Rui Rosa; Fishes 2020, 5, 1 (doi:10.3390/fishes5010001; received 5 Nov 2019, accepted 10 Dec 2019, published online 20 Dec 2019). This matches the sheet's study metadata: first author Pimentel, species Sparus aurata (Actinopterygii), gilt-head seabream. The sheet's year (2019) is the online-publication year; the journal volume year is 2020 — a citation-year choice, not a data error. The sheet's measurement_methods field (""Driedzic and deAlmedia (1996)"") correctly matches the paper's reference [74] (Driedzic & deAlmeidaVal 1996, J. Exp. Zool. 274:327-333), cited in Section 4.3 for the CS/LDH/HOAD assays. The extractor's note about the species name is correct (paper says ""seabream""; Sparus aurata = gilt-head seabream).","The paper nominally reports SD everywhere: ""Values are given as mean +/- SD"" in the captions of Figures 1 (n = 9), 2 (n = 12), 3, 4 and 5, and ""Values are given in mean +/- SD"" in Table 2 (p.5) and Table 3 (p.8). However, the error bars actually plotted in Figures 3-5 are standard errors: measured against the axis calibration they are consistently the text-reported +/- values divided by sqrt(3) (n = 3), for both the control and the acidification series. The values written in the Results text (p.4-5) and in Table 2 are the genuine SDs; this is confirmed independently by Table 1 (p.3), where SE(Temperature) x sqrt(3) reproduces a residual sigma equal to the pooled within-cell SD computed from the text values (CS 0.243 vs 0.274; LDH 0.274 vs 0.271; HOAD 0.989 vs 0.999; LDH/CS 0.404 vs 0.427) and roughly 1.7x larger than that computed from the figure bars. So: use the text/Table-2 values as SD; treat the Fig 3-5 bars as SE.","Section 4.3, p.9: ""Homogenates were prepared in triplicate using 100 mg wet tissue of pooled larvae from each replicate of each treatment, comprising a total of three replicates per treatment."" Section 4.1 confirms 12 independent recirculating systems, three per treatment. So n = 3 per group for all enzyme and ratio measures — matching n_t1 = n_t2 = 3 in all four sheet rows. Correct. Note the n = 3 units are pooled-larvae tank replicates, not individual larvae (the figure captions for Figs 3-5 give no n; n = 9 and n = 12 in Figs 1 and 2 apply to oxygen consumption and heart rate, which were not extracted). Table 1's GLM standard errors are consistent with 3 replicates per cell (12 observations), corroborating n = 3.","Section 4.1, p.7: a fully crossed 2 x 2 design of two temperatures and two pCO2 levels — (1) 18 C, pH 8.0, pCO2 ~340 uatm, described as the ""present day scenario (18 C — the average sea temperature during the natural spawning season)""; (2) 22 C, pH 8.0, ""warming scenario ... (+4 C above average sSST)""; (3) 18 C, pH 7.5, ~1500 uatm; (4) 22 C, pH 7.5. Table 3 (p.8) gives measured values of 18.4/18.2 and 22.3/22.1 C. The biologically appropriate control/reference is therefore 18 C, pH 8.0, and the temperature treatment is 22 C, pH 8.0. The sheet assigns t1 = 22 (treatment) and t2 = 18 (control) with dose = 4 celsius for all four rows — correct. Caveat already handled by the extractor: the x-axes of Figs 3-5 are mislabelled ""26 (°C)"" and ""29 (°C)"", contradicting Methods, Tables 2 and 3, and the axes of Figs 1-2 (18/22), and internally inconsistent with the stated +4 C offset.","Yes — temperature is crossed with ocean acidification (pH 8.0 vs pH 7.5, delta pH 0.5, ~340 vs ~1500 uatm pCO2; Section 4.1, Table 3). This is the only second factor; there is no UV, hypoxia, diet, CORT, salinity or acute-assay-temperature manipulation, and no drug or supplement. All four sheet rows are drawn from the baseline/control level of the second factor (pH 8.0 / normocapnia): I confirmed the two figure series by colour (light blue = ""Control"", dark teal = ""Acidification"") and by matching the measured marker positions to the text values for each CO2 level, and merged_232 uses the two ""pH 8.0"" lines of Table 2. No row comes from a non-baseline pH level. The larvae were reared and assayed at their own developmental temperature (no acute cross-temperature assay), so there is no acute-test-temperature confound either.","Yes, entirely pre-sexual-maturity. Section 4.1, p.7-8: Sparus aurata eggs were collected, immediately transferred, and ""acclimated to the different experimental conditions""; ""After hatching, within the same experimental treatments of egg incubation, seabream larvae were randomly distributed...""; ""Larvae were collected at 15 dph"". So exposure began at the egg (embryonic) stage and continued through 15 days post-hatch, with sampling immediately at the end of exposure. The sheet's coding is therefore right in structure: stage ""prenatal/postnatal""; prenatal 0-2.5 d; postnatal 0-15 d; total 17.5 d; postnatal_measure_delay 0 (larvae frozen at collection at 15 dph). The only soft point is that prenatal_dur = 2.5 d is an average hatch time imported from Kamaci et al. (2005) rather than measured in this paper, and incubation time differs between 18 and 22 C — an approximation the extractor flagged, not an error. Nothing here spans into sexual maturity, and there is no second developmental manipulation applied to the extracted groups.","All 4 rows traced to a specific source.

- merged_229 (CS, ref ""figure3""): Figure 3, p.4, light-blue ""Control"" (pH 8.0) series; numbers also given verbatim in Results text p.4 (""1.86 ± 0.41 ... under controlled temperature, and from 2.1 ± 0.2 ... under warming""). Sheet mean_t1 2.078 vs plotted 2.09/text 2.1; mean_t2 1.863 vs text 1.86. Means fine.
- merged_230 (LDH, ref ""figure4""): Figure 4, p.5, light-blue ""Control"" series; text p.5 gives ""2.04 ± 0.14 ... under controlled temperature, and from 2.81 ± 0.19 ... under warming"". Sheet 2.832 / 2.035. Means fine.
- merged_231 (HOAD, ref ""figure5""): Figure 5, p.6, light-blue ""Control"" series; text p.5 gives ""8.62 ± 1.32 ... under controlled temperature, and from 10.97 ± 0.48 ... under warming"". Sheet 11.002 / 8.635. Means fine.
- merged_232 (LDH/CS, ref ""table2""): Table 2, p.5. Sheet 1.36/0.19 (22 C, pH 8.0) and 1.12/0.22 (18 C, pH 8.0) match the table exactly, including the SDs.

I verified each row uses the pH 8.0 (normocapnic ""Control"") series and not the acidification series, by pixel-measuring the two dodged series in Figs 3-5 (light blue = Control, dark teal = Acidification) and cross-checking against the text values for both CO2 levels. All correct.

Also checked and found correct: tissue (""whole body"" — Section 4.3, homogenates of 100 mg wet tissue of pooled whole larvae); units (U/mg vs paper's ""U mg protein-1""; LDH/CS unitless); measurement_category (CS and HOAD = metabolic capacity, LDH = non-mitochondrial metabolic pathways, all as the brief prescribes); mito_efficiency_dir (CS 1, HOAD 1, LDH 0, LDH/CS 0 — all consistent with the paper's own framing that higher LDH and higher LDH/CS indicate a shift away from aerobic/mitochondrial metabolism); descrp_measure text (each is a faithful paraphrase of the paper's own Introduction/Section 4.3 description of that enzyme).

Extractor note verified and dismissed as a paper error, not an extraction error: the x-axes of Figs 3, 4 and 5 are labelled ""26 (°C)"" and ""29 (°C)"", but Methods (Section 4.1), Table 2, Table 3 and the x-axes of Figs 1 and 2 all give 18 °C and 22 °C. The figure labels are also internally impossible (26→29 is +3 °C, not the stated +4 °C). The extractor's decision to use 18/22 is correct.

Minor, not reported as a finding: prenatal_dur = 2.5 d is imported from Kamaci et al. (2005), not from this paper, and egg incubation time is itself temperature-dependent (shorter at 22 than 18 °C), so the same 2.5 d applies to both groups only approximately. The extractor documented this openly.

Automated checks flagged 0 items for this study, so there was nothing to confirm or dismiss."
s52,True,6,"The nominated PDF (`Gauly et al. 2001_translation_Done.pdf`, 14 pp.) is an AI translation of the running text ONLY - it contains no tables at all (pypdf finds 0 embedded images and no tabular text), so the `ref = table5` values cannot be checked in it. The original German scan sits alongside it as `/Users/noble/Library/CloudStorage/Dropbox/1_Research/1_Manuscripts/In_Preparation/mito_meta_stress/mito_meta/Papers/Included papers/Gauly et al. 2001_Done.pdf` (11 pp., image-only; I rendered it with pdftoppm at 150 and 400 dpi and read the pages as images). Title page (rendered p.3): ""Arch. Geflugelk. 2001, 65 (3), 97-105, ISSN 0003-9098"" - ""Auswirkungen variierender Brutbedingungen auf den embryonalen und mitochondrialen Energiestoffwechsel, den Thyroxinstatus sowie die Lebendmasseentwicklung bei Puten"" / ""The effects of incubation conditions on the embryonic respiratory and mitochondrial energy metabolism, the thyroid hormone status, and the daily gain in turkeys"", by M. Gauly, G. Reiner, Meike Groschl und V. Dzapo (received 12 Feb 1999, accepted 7 Oct 2000). This matches the sheet metadata exactly: author Gauly, year 2001, Aves, Meleagris gallopavo (turkey/Pute). Minor spelling slip in the sheet: species is recorded as ""gallopavo domesitcus"" (should be ""domesticus"").","SD. Table 5's title states it explicitly in both languages: ""(Mittelwerte +/- Standardabweichungen)"" / ""(means +/- SD)"" (p. 101, rendered page 7). Table 2 uses the same wording. The sheet is therefore right to put these dispersions in sd_t1/sd_t2, and the se_* columns are correctly back-derived as sd/sqrt(n) - I verified this to within rounding for all 64 group cells (e.g. merged_233: 8.74/sqrt(4) = 4.37; merged_241: 4.51/sqrt(5) = 2.0169; merged_249: 7.64/sqrt(12) = 2.2055). No row has sd == se, so there is no un-converted-SEM problem in this study.","Table 5 gives a single n per temperature x sex that applies to all eight measurement columns: 36.8 C - males 12, females 12; 37.8 C - males 43, females 50; 38.8 C - males 5, females 4. These match the sheet everywhere: n_t1 = 12 for all 36.8 C rows, 5 for male 38.8 C rows, 4 for female 38.8 C rows; n_t2 = 43 for all male rows, 50 for all female rows. Note the extractor correctly used Table 5's mito-assay n rather than the larger growth-cohort n in Table 3 (36.8: 16 m / 21 f; 37.8: 67 m / 73 f; 38.8: 11 m / 14 f) or the thyroxine n in Table 4 (13/13, 40/50, 5/4). Caveat for interpretation rather than extraction: the 38.8 C n of 4-5 reflects 88.2% embryonic mortality in that group (p. 100 / translation p. 4: ""38,8 C - 88,2%""; 36.8 C - 64.1%; 37.8 C hatch rate 95%), so the suboptimal-temperature groups are heavily survivor-selected.","Three setter (Vorbrut) temperatures: 36.8, 37.8 and 38.8 C, each at 55-60% RH (Methods p. 98; 432 hatching eggs, BUT BIG 6 strain, randomly assigned to 3 groups). 37.8 C is the biologically appropriate control - the paper repeatedly calls it the ""optimale""/""Vergleichsvariante"" temperature and it achieved a 95% hatch rate of fertile eggs versus >50% embryo loss in both suboptimal groups. The sheet assigns this correctly: t2 = 37.8 in all 32 rows, t1 = 38.8 (dose +1) in 16 rows and 36.8 (dose -1) in 16 rows, with control always drawn from the same sex. One nuance not captured in the duration fields (see findings): the differential temperature applied only to days 1-24; from day 25 to 28 every group was hatched under identical conditions (37.2 C), so the contrast is setter temperature, not whole-incubation temperature.","No second developmental manipulation. Temperature is the only assigned factor; the only other factor in Table 5 is sex, which is a biological grouping, not a treatment, and the sheet correctly pairs each sex's treatment group with the same-sex 37.8 C control. There is also no crossed acute assay temperature: the polarographic respiration measurements were all made at a single common incubation temperature of 30 C (""Die Inkubationstemperatur betrug fur den ganzen Messvorgang 30 C"", Methods p. 98), and SDH/GLDH were all assayed at 25 C. Substrate differs by tissue (5 mM glutamate + 5 mM malate for heart mitochondria, 5 mM succinate for liver mitochondria) but that is a tissue-specific protocol, not a crossed factor, and heart and liver rows are kept separate. No drugs, supplements, hypoxia, UV or diet manipulation. So no rows come from a non-baseline level of a second factor - inclusion criteria 3 and 4 are satisfied.","Correct in substance. The manipulation is entirely prenatal/embryonic - incubation (in ovo) temperature applied to eggs from setting through day 24, well before hatch, and nothing was manipulated post-hatch (""Die Aufzucht und Mast erfolgte unter praxisublichen Bedingungen"", Methods p. 98). The sheet's stage = ""prenatal"" coding, with prenatal_trt_start = 0, the postnatal treatment fields left blank, and total_trt_duration in the prenatal block, is the right structure. Animals were far from sexual maturity both during treatment (embryos) and at measurement (females killed at 13 weeks, males at 17 weeks; domestic turkeys mature at roughly 30 weeks), so criterion 1 is met and the treatment does not span into sexual maturity. Two numeric problems within this otherwise correct coding are reported above: the exposure duration should be ~24 days rather than 26.5, and the male measurement delay should be 119 days (17 weeks) rather than the 105/91 values currently recorded.","All 32 rows traced to a single source: Table 5 (p. 101 of the German original = rendered page 7), ""Einfluss der Bruttemperatur auf den Energiestoffwechsel isolierter Herz- und Lebermitochondrien und die Aktivitat der SDH und GLDH im Herz- und Leberfrischgewebe (uMol/g FS/min) von Puten (Mittelwerte +/- Standardabweichungen)"". The row structure is fully accounted for: 2 treatment temperatures (36.8, 38.8) x 2 sexes x 2 tissues (heart, liver) x 4 measures (Status 3, ADP/O quotient, SDH, GLDH) = 32, all against the 37.8 C reference of the same sex. I transcribed all 48 cells of Table 5 from a 400-dpi render and cross-checked every mean/SD/n programmatically. 31 of 32 rows match the table exactly (to the last digit, including the tricky bottom panel whose column order is GLDH-heart, GLDH-liver, SDH-heart, SDH-liver - the extractor got this order right in all 16 enzyme rows). One cell is wrong (merged_237, below). n_t1 (12/12/5/4) and n_t2 (43 male / 50 female) match Table 5's n column for every row; note these are the mito-assay subsample sizes and are correctly used in preference to the larger growth-cohort n in Table 3 (16/21, 67/73, 11/14). se_t1/se_t2 are internally consistent everywhere (se = sd/sqrt(n), verified for all 64 cells); no row has sd == se, so there is no un-converted-SEM problem. Nothing mitochondrial was missed: Table 1 (whole-egg O2 consumption over incubation), Table 2 (whole-egg O2 consumption by temperature), Table 3 (body weight), Table 4 (FT4/TT4) and Tables 6-8 (correlations) contain no other mitochondrial respiratory data, and whole-egg respirometry is correctly excluded. DISMISSED AUTOFLAGS: all 16 [SHARED CONTROL] flags are false alarms as errors - Table 5 really does have one single 37.8 C group per sex (n=43 males, n=50 females) that serves as the reference for both the 36.8 C and the 38.8 C contrast, so each of the 16 control cells (2 tissues x 4 measures x 2 sexes) is legitimately reused twice. The sheet already documents this correctly (control_multiple_comparisons = ""yes"" for all rows; sample_depend = 1 for all female rows, 2 for all male rows, which also captures the multiple-measures-per-animal dependency). Not reported as findings. Also checked and found sound: t2 = 37.8 in all rows (the correct control), dose = +1/-1, mito_efficiency_dir = 1 for all (Status 3, ADP/O, SDH, GLDH all increase with higher function - correct), measurement_category (respiration for Status 3 and ADP/O; metabolic capacity for SDH and GLDH - correct per the schema), tissue (heart/liver), stage = prenatal, type = raw."
s53,True,3,"PDF is Price, E.R., Sirsat, T.S., Sirsat, S.K.G., Kang, G., Keereetaweep, J., Aziz, M., Chapman, K.D., Dzialowski, E.M. ""Thermal acclimation in American alligators: Effects of temperature regime on growth rate, mitochondrial function, and membrane composition."" Journal of Thermal Biology 68 (2017) 45-54. This matches the sheet metadata exactly: author = Price, year = 2017, class = Reptilia, genus/species = Alligator mississippiensis, common name = American alligator. No identity problem.","The paper reports SEM, not SD. Fig. 4 caption (p. 49): ""Data are means+SE, and are reported as oxygen flux per mg of wet tissue."" Table 2 footer (p. 49): ""Data are means +/- SE."" Fig. 2 and Fig. 5 captions and Tables 3-5 footers likewise say ""mean ... +/- SE"". Section 2.6 (Statistical analysis, p. 47) does not name an error statistic. The sheet handled this correctly: se_* holds the digitised SEM and sd_* = se_* * sqrt(n) in all 24 group entries, verified arithmetically (e.g. merged_268 t1: 5.93156 * sqrt(4) = 11.86312; merged_270 t2: 14.60076 * sqrt(6) = 35.76441). CI95_* is blank, which is appropriate since no CIs are reported. No un-converted SEM.","Fig. 4 caption (p. 49) gives the sample sizes for exactly these data: ""For thigh, N cold = 6, N cycling = 7, and N warm = 6. For heart, N cold = 4, N cycling = 6, and N warm = 6."" The sheet matches perfectly: all six thigh rows have n_t1 = 6 (cold) and n_t2 = 6 (warm); all six heart rows have n_t1 = 4 (cold) and n_t2 = 6 (warm). The asymmetric heart n (4 vs 6) is a real feature of the paper, not an error, and arises because ""samples were excluded from analysis if the addition of cytochrome c increased oxygen flux more than 20%"" (Methods 2.4, p. 47). The lipid tables (Tables 3-5) and Fig. 5 report different, smaller n values, but none of those tissues/measures were extracted, so there is no conflict.","Three temperature regimes were assigned at 9 months of age (Methods 2.1, p. 46): ""warm"" held at constant 30 C, ""cold"" held at constant 20 C, and ""cycling"" alternating 12 h at 20 C and 12 h at 30 C. The paper notes actual water temperatures were nearer 18 and 28 C (Fig. 1, p. 46), but the nominal 10 C contrast is unchanged. The biologically appropriate control is the WARM 30 C group: eggs were incubated at 30 C and ""after hatching and until 9 months of age, alligators were maintained... at a constant 30 C"" (p. 46), so 30 C is the animals' pre-experimental baseline. The sheet assigns t1 = 20 (cold = treatment) and t2 = 30 (warm = control) with dose = -10 C, which is correct, and the extractor's note gives exactly this justification. The intermediate ""cycling"" regime was correctly not extracted (it is neither a clean temperature level nor the control).","Yes, there is one crossed second factor: ACUTE ASSAY TEMPERATURE. Mitochondrial function was measured in parallel Oxygraphs at both 20 C and 30 C (""working with 2 separate Oxygraphs so that we could assess function at both 20 C and 30 C"", Methods 2.4, p. 47), and Fig. 4 therefore has four panels: Thigh at 30 C, Thigh at 20 C, Heart at 30 C, Heart at 20 C. All 12 sheet rows come from the 30 C assay panels only; I verified that none match the 20 C panels (e.g. thigh at 20 C shows cold OXPHOSCI ~22 and TMPD ~95, versus the sheet's 42.5 and 177.0). Using the 30 C assay is the defensible baseline choice, since 30 C is both the control group's holding temperature and the temperature all animals experienced from incubation to 9 months of age. So no rows are drawn from a non-baseline level of the second factor. The third temperature regime (cycling) is a non-baseline treatment level and was correctly excluded. There is no diet, drug, supplement, hypoxia, UV or CORT manipulation: all groups were fed the same gator chow 3x/week ad libitum, and no basking lamp was provided in any treatment (p. 46). So inclusion criterion 3 is satisfied.","Animals were well pre-sexual-maturity throughout. Treatment ran from 9 months to 1 year 4 months of age (Methods 2.1, p. 46); American alligators do not reach sexual maturity for several years, and these were juveniles being fed ""hatchling gator chow"", so criterion 1 (manipulation before sexual maturity) is met and criterion 3's ""treatments spanning development into sexual maturity"" exclusion does not apply. The prenatal/postnatal coding is correct: all eggs were incubated at a single common temperature of 30 C in moist sphagnum moss (Methods 2.1, p. 46), so there was no prenatal temperature manipulation, and the sheet properly codes stage = ""postnatal"" with all prenatal_* fields blank and post_natal_trt_start = 270 days (= 9 months). The one timing error is the duration and delay, reported as a finding: the sheet codes 90 days of treatment plus a 120-day measurement delay, whereas the animals stayed in their treatments continuously for ~210 days and were sampled for mitochondria at the end of treatment with no delay.","All 12 rows were traced to a specific panel of Fig. 4 (p. 49), which has FOUR panels: ""Thigh at 30 C"", ""Thigh at 20 C"", ""Heart at 30 C"", ""Heart at 20 C"". Every sheet row comes from the 30 C panels, with t1 = the white ""Cold"" (20 C) bar and t2 = the black ""Warm"" (30 C) bar.

Thigh at 30 C panel (rows merged_265/267/269/271/273/275): LEAK cold ~7 / warm ~15 (sheet 6.34 / 14.16); OXPHOSCI ~42 / ~51 (42.48 / 51.43); OXPHOSCI+II ~66 / ~83 (65.22 / 82.73); FCCP ~73 / ~85 (72.67 / 84.97); Rotenone ~39 / ~41 (39.13 / 41.37); TMPD ~177 / ~110 (177.02 / 109.94). All within digitising noise; I measured the axis calibration off the rendered figure (7.5 px per unit) to confirm.

Heart at 30 C panel (rows merged_266/268/270/272/274/276): LEAK cold ~21 / warm ~13 (21.44 / 12.78); OXPHOSCI ~66 / ~76 (66.16 / 76.20); OXPHOSCI+II ~108 / ~117 (107.68 / 116.81); FCCP ~122 / ~121 (121.83 / 120.91); Rotenone ~69 / ~58 (69.35 / 57.95); TMPD ~221 / ~223 (220.84 / 222.66). All confirmed.

Tissue coding confirmed from Methods 2.3/2.4 (p. 47): thigh = m. iliotibialis (skeletal muscle) and heart = left ventricle; mito_preparation ""permeabilized"" is correct (saponin-permeabilized fibres, Oroboros Oxygraph-2K).

Items considered and DISMISSED (not reported as findings):
- Automated checks flagged 0 items for this study, so there was nothing to confirm or dismiss there.
- SE -> SD conversion: I recomputed sd = se * sqrt(n) for all 24 group entries (12 rows x 2 groups). Every one is correct to 5 decimal places (e.g. row merged_266 t1: 11.8631 * sqrt(4) = 23.7262; row merged_275 t1: 16.0248 * sqrt(6) = 39.2527). No un-converted SEM anywhere.
- Rows merged_265 and merged_267 share an identical se_t1 (3.35404), which looked like a copy error, but measuring the figure gives thigh LEAK-cold error bar ~3.6-4.0 units and thigh OXPHOSCI-cold ~3.9 units, so both are genuine digitisations. Not a finding.
- measure_listed ""Rotenone (complex II activity)"" (rows merged_273/274) conflicts with the Fig. 4 axis label ""Rotenone (CIII)"", but Methods p. 47 says rotenone ""block[s] the transfer of electrons from complex I to ubiquinone. This state represents maximal activity of complex II alone."" The sheet follows the Methods; the inconsistency is the paper's own. Not a sheet error.
- TMPD rows (merged_275/276) are assigned measurement_category ""respiration"" although the state assays maximal complex IV (cytochrome c oxidase) activity, which the schema notes would sit in ""metabolic capacity"". I am NOT flagging this: it is an O2-flux state within the same SUIT respirometry run, not a separate COX enzyme assay, and coding it as respiration keeps the six states of one protocol internally consistent. Flagging for the review team's awareness only.
- sex = ""both"": the paper never reports sex of the animals anywhere, so this cannot be verified either way. Not reported as a finding.
- Trailing whitespace in species (""mississippiensis "") and in several measure_listed / respiration_category strings; cosmetic only."
s58,True,2,"PDF is Kim S-Y, Noguera JC, Velando A. ""Carry-over effects of early thermal conditions on somatic and germline oxidative damages are mediated by compensatory growth in sticklebacks."" Journal of Animal Ecology 2019;88:473-483, DOI 10.1111/1365-2656.12927 (accepted 23 Oct 2018, (c) 2018, so an early-view 2018 / issue 2019 paper). Species = three-spined stickleback Gasterosteus aculeatus, males only, F1 fish from River Ulla (Galicia, Spain). This matches the sheet metadata (author Kim, class Actinopterygii, Gasterosteus aculeatus, three-spined stickleback, sex = male). The sheet's year 2018 is the early-view/accepted year; the journal issue year is 2019 — a citation-style ambiguity only, not a data defect.","The paper reports SEM. The Figure 1 legend (p. 477, PDF p. 5) reads ""FIGURE 1 Mean +/- SE of (a) oxidative DNA damage in muscle (n = 46 controls and 44 warms), (b) oxidative DNA damage in sperm (n = 46 and 44), (c) GPx activity in muscle (n = 44 and 41), (d) SOC [sic] activity in muscle (n = 46 and 44)..."". The sheet handled this correctly: se_t1/se_t2 hold the digitised SEM values (which match the plotted half-bar lengths: e.g. Fig 1a control bar spans ~9.25-10.52 around 9.93, half-width ~0.64 vs se_t1 = 0.663) and sd_t1/sd_t2 = se*sqrt(n) exactly for all 8 group-level entries. No un-converted SEM anywhere in this study; CI95 columns are correctly empty.","Methods p. 475: ""In the middle of the breeding season (June 2014), a randomly selected subsample of males from the two experimental groups were sacrificed... (control: n = 46, warm: n = 44)""; Statistical analyses p. 477 refers to ""the 90 sacrificed fish"". Figure 1 legend gives per-panel n: 46 and 44 for panels a, b and d, and 44 and 41 for panel c (GPx). The sheet matches panel by panel: merged_277 n = 46/44, merged_278 n = 46/44, merged_280 n = 46/44, merged_279 (GPx) n = 44/41. Because of the inverted group assignment (see findings), the n values are attached to the correct groups but with control in the t1 slot (n_t1 = 46 = controls) and warm in the t2 slot (n_t2 = 44 = warms).","Two winter thermal regimes (Methods p. 475): warm winter treatment held at a constant 14 degrees C; control gradually reduced from 14 degrees C (November) to 9 degrees C (January) then back up to 14 degrees C (March), simulating the natural River Ulla seasonal cycle. After March both groups shared common conditions (14 degrees C in March rising to 18 degrees C in June). The biologically appropriate control/reference is unambiguously the paper's control group (the simulated natural seasonal regime, mean ~11.5 degrees C over the manipulation) and the treatment is the 14 degrees C warm group. The sheet assigns them the other way round: t1 = 11.5 (cooled/control) as treatment, t2 = 14 (warm) as control, dose = -2.5 degrees C. The 11.5 degrees C figure itself is a reasonable extractor estimate ((14 + 11.5 + 9 + 11.5)/4 over Nov-Feb, with 11.5 as the Dec and Feb midpoints) since the paper gives no mean control temperature; that estimate is not the problem, the slot assignment is (see findings).","No. Winter temperature (control vs warm) is the only manipulated factor applied to the fish that were measured; both groups were then held in identical conditions until sampling, and all four extracted measures come from the single 2 x 1 temperature contrast. There is no crossed UV, hypoxia, diet, CORT, salinity or acute assay-temperature factor, and no drug or supplement treatment (benzocaine was only an anaesthetic for tagging and euthanasia). Two caveats, neither of which disqualifies the rows: (i) ""two fish per tank were subsequently removed at age 5 months for another experiment"" (Methods p. 475) — those fish were removed, not additionally manipulated, so the measured animals received only the temperature treatment; (ii) ""This temperature manipulation experiment was carried out for several related parallel studies"" (Methods p. 475) — the parallel studies (Kim et al. 2016, 2017a,b) report other traits from the same fish, meaning this study's animals overlap earlier publications but received no second developmental manipulation. Compensatory growth is analysed as a mediator (Table 1, Figure 3), not as a second imposed factor, and the sheet correctly ignores the growth-interaction results.","Pre-maturity treatment, and the postnatal coding is right. The manipulation began at the end of November 2013 ""when the F1 fish were about 6-7 months old"" (Methods p. 475) and ran until the control tanks were ramped back to 14 degrees C in March 2014 — the paper calls this the juvenile phase explicitly (""Growth of juvenile fish during winter, when water temperature was manipulated"", Statistical analyses p. 477) and the post-manipulation period the adult phase (""Growth of adult fish after the temperature manipulation, during the breeding season""). The sheet's postnatal_trt_start = 195 days (6.5 months), postnatal_trt_end = 315, dur_trt_postnatal = total_trt_duration = 120 days (~4 months, end Nov to March), stage = postnatal and empty prenatal fields are all appropriate for an externally fertilised fish. One borderline note: this population breeds February-August (Methods p. 475), so the final few weeks of the manipulation (the Feb-March ramp) may just overlap the onset of the first breeding season; the paper nonetheless treats the whole manipulation window as the juvenile stage, so I would not exclude on criterion 3. The only timing error is the measurement delay (see findings): the paper says measurements were three months post-manipulation, the sheet records 45 days. Shared controls: all four effect sizes come from the same 90 fish (muscle 8-OHdG, sperm 8-OHdG, GPx and SOD measured on the same individuals), which the sheet correctly marks with sample_depend = 1; control_multiple_comparisons = ""no"" is also correct because there is a single treatment group compared against a single control group, not one control reused across multiple treatment levels.","All 4 rows traced to a specific panel of Figure 1 (p. 477 of the journal / p. 5 of the PDF), which I rendered as an image to read the points and error bars. merged_277 = Fig 1a (oxidative DNA damage in muscle, pg 8-OHdG; control ~9.93, warm ~12.63, SE bars ~0.65 and ~0.85, n = 46 and 44) — matches sheet exactly. merged_278 = Fig 1b (damage in sperm; control ~10.72, warm ~12.52, SE ~0.68 both, n = 46 and 44) — matches. merged_279 = Fig 1c (GPx in muscle; control ~16.5, warm ~27.1-27.2, SE ~1.16 and ~2.78, n = 44 and 41) — matches, and the sheet correctly used the reduced GPx sample sizes given in the legend rather than 46/44. merged_280 = Fig 1d (SOD in muscle; control ~0.743, warm ~0.799, SE ~0.021 both, n = 46 and 44) — matches. Group mapping is correct in every panel: the sheet's mean_t1 is always the paper's ""Control"" point and mean_t2 always the paper's ""Warm"" point, consistent with the Results text (warm higher for muscle 8-OHdG p=0.014, sperm 8-OHdG p=0.040, GPx p<0.001, SOD p=0.063). Every SD equals se*sqrt(n) to 6 decimal places (verified numerically), so the SEMs from the figure were correctly converted. Measure identity, tissue (muscle vs sperm), units (pg 8-OHdG; nmol/min/mg protein per Methods; U/ml), descrp_measure, mito_efficiency_dir (0 for the two 8-OHdG damage rows, 1 for GPx and SOD) and measurement_category (oxidative damage; antioxidant, antioxidant_category = enzymatic) are all correct. Telomere-length panels (Fig 1e,f) and Figure 2/3 (body mass, growth-by-damage regressions) were correctly not extracted. No automated flags were raised for this study (autoflags list is empty), so there was nothing to confirm or dismiss. Not independently checkable: the exact estimated 11.5 degrees C mean for the control group's seasonal ramp (a reasonable extractor-constructed average, see temperature_treatments)."
s59,True,3,"PDF is Taouis M., De Basilio V., Mignon-Grasteau S., Crochet S., Bouchot C., Bigot K., Collin A., Picard M. (2002) ""Early-Age Thermal Conditioning Reduces Uncoupling Protein Messenger RNA Expression in Pectoral Muscle of Broiler Chicks at Seven Days of Age"", Poultry Science 81:1640-1643 (Research Note). This matches the sheet metadata: author Taouis, year 2002, Aves / Gallus gallus / broiler chicken, tissue pectoralis major. Species, class and common name are all correct.","The paper reports SEM. Figure 1 Panel D legend (p. 1642) says explicitly ""Bars are SE"", and the Results text states ""mean avUCP/18S were 1.75 +/- 0.52 (SE) and 0.25 +/- 0.11"". Table 1 (p. 1643) is likewise ""Mean +/- SE"" and additionally lists a SEM column. The sheet correctly puts the reported values in se_t1 (0.1076) and se_t2 (0.5188) and did attempt the sd = se*sqrt(n) conversion, so this is not an un-converted-SEM row; the conversion, however, used n = 10 rather than the true n = 5 (see findings). Statistical testing was Mann-Whitney (nonparametric, because of heterogeneous variance between treatments, Methods p. 1641) - this does not change the extraction, but the P < 0.02 in Panel D is the Mann-Whitney P, not a t-test.","For the avUCP measurement (the only measure extracted): n = 5 per group, 10 chicks total (5 N controls, 5 T thermally conditioned) - Abstract p. 1640, Methods p. 1641, Table 1 title p. 1643, Figure 1 legend and Panel A lanes p. 1642. The sheet's n_t1 = n_t2 = 10 does NOT match; 10 is the total number of sampled chicks across both groups. The larger n's in the paper (161 chicks: 80 N and 81 T, from 12 sires and 22 hens) apply only to body weight and body temperature, neither of which is extracted here, so they cannot justify n = 10 for this row either.","Both groups were reared at 32 +/- 0.5 C from hatch to 2 d of age, then 30 +/- 0.5 C for the rest of the experiment (Methods p. 1641). At 5 d of age the T room was raised to 40 +/- 0.5 C for 24 h (""In the T room, TC was applied at 5 d of age by increasing ambient temperature to 40 +/- 0.5 C (35 +/- 5% RH) for 24 h""); the N room stayed at 30 C. So the biologically appropriate control/reference is N at 30 C, and the treatment is T at 40 C - exactly as assigned in the sheet (mean_t1 = 0.2567 = the T/heat group; mean_t2 = 1.7511 = the N control), and the extractor note (""Control temperature was 30C. Elevated temperature was 40C"") is right. One formatting caveat rather than a data error: the t1/t2 columns hold the text labels ""high temperature"" and ""control"" instead of the numeric temperatures 40 and 30 that the schema describes; the 10 C differential is captured in dose = 10, units.1 = celsius, which is correct (40 - 30 = 10). If downstream code coerces t1/t2 to numeric it will get NA for this row, but that appears to be a property of all merged_old_file rows rather than something specific to s59.","No. Temperature is the only manipulated factor: a single 24-h exposure to 40 C vs 30 C control, with everything else held constant (identical rooms, identical pens, the same balanced starter diet at 2900 kcal ME/kg and 22% CP with ad libitum feed and water in both rooms, 50 +/- 5% RH in both rooms; Methods p. 1641). There is no crossed second factor (no UV, hypoxia, diet restriction, CORT, drug or supplement), no acute assay-temperature factor (avUCP is an mRNA measure on frozen muscle, not a respiration assay run at several temperatures), and no cell culture. The only non-temperature structure in the design is genetic family (sire/dam pedigree), used for heritability estimates and for choosing which chicks to sample - not a second experimental stressor. So no sheet row comes from a non-baseline level of another manipulation.","Correct and well within the inclusion criterion. Treatment was applied post-hatch on day 5 of age for 24 h (ending day 6), and muscle was sampled at 7 d of age - broiler chickens reach sexual maturity at roughly 18-24 weeks, so the animals were far pre-maturity throughout, and the treatment did not span into sexual maturity. The sheet's coding matches: stage = postnatal, post_natal_trt_start = 5, postnatal_trt_end = 6, dur_trt_postnatal = 1 day, total_trt_duration = 1 day, postnatal_measure_delay = 1 day (TC ended at 6 d, sampling at 7 d, i.e. 24 h after the end of TC as the paper emphasises). The prenatal fields are correctly left blank: incubation was standard for all eggs (37.7 C, 45% RH) with no embryonic temperature manipulation. Sex is coded ""both"", but the paper never states the sex of the chicks - it is unverifiable rather than wrong.","One row only (merged_451), fully traced. It corresponds to Figure 1 Panel D (p. 1642, ""Average avUCP expression relative to 18S is compared between T and N chicks (Mann and Whitney test). Bars are SE."") and to the Results text on the same page: ""In arbitrary units, mean avUCP/18S were 1.75 +/- 0.52 (SE) and 0.25 +/- 0.11 for control N and exposed T chicks, respectively."" The sheet's ref = ""figure1d"" is correct. Means match: mean_t2 = 1.7511 vs 1.75 (control N, 30 C) and mean_t1 = 0.2567 vs 0.25 (thermally conditioned T, 40 C); se_t2 = 0.5188 vs 0.52 and se_t1 = 0.1076 vs 0.11. I re-rendered p. 1642 as an image and checked the Panel D bars/whiskers (N bar ~1.75 with cap ~2.27; T bar ~0.25 with cap ~0.36) - digitisation is fine, direction (treatment lower than control) is correct. Tissue (pectoralis major), method (RT-PCR normalised to 18S), units (arbitrary/unitless ratio), stage (postnatal), treatment window (day 5 to day 6, 1 day) and measurement delay (1 day: TC ended at 6 d, muscle sampled at 7 d of age at 1400 h) all check out against Materials and Methods p. 1641. Automated checks flagged 0 items for this study, so nothing to dismiss there. Two things I deliberately did NOT report as errors: (i) measurement_category = ""metabolic capacity"" for a UCP mRNA measure - the schema mentions a ""gene/protein expression"" category, but that level is never used anywhere in data/mito_meta_data_merged_03072025.xlsx and all ~48 other UCP mRNA/protein rows in the sheet (Jousse 2014, Zhu 2021, Yang 2021/2022, Jorgensen 2009, Gnanalingham 2005, etc.) are coded ""metabolic capacity"" with mito_efficiency_dir = 0, so s59 follows the sheet's own convention and mito_efficiency_dir = 0 is correct for an uncoupling protein; (ii) descrp_measure ""avian uncoupling protein"" omits that the measure is mRNA (not protein) abundance - imprecise, but measurement_methods = ""rt PCR"" disambiguates it, so it is cosmetic."
s62,True,3,"PDF is Simčič T, Jesenšek D, Brancelj A (2015) ""Effects of increased temperature on metabolic activity and oxidative stress in the first life stages of marble trout (Salmo marmoratus)"", Fish Physiology and Biochemistry 41:1005-1014, DOI 10.1007/s10695-015-0065-6. This matches the sheet metadata exactly: author = Simcic, year = 2015, class = Actinopterygii, genus/species = Salmo marmoratus, common_name = marble trout. No identity mismatch.","The paper reports SD explicitly. Fig. 1 caption (p. 1009): ""Error bars represent mean ± SD (n = 8)"". Fig. 2 caption (p. 1010): ""Error bars represent mean ± SD (n = 8)"". No SEM or CI is reported anywhere.

The sheet handled this correctly. I verified numerically that the sd_* columns equal the plotted error-bar half-lengths (not 2.83x them), so the digitised SD went into sd_* and se_* was back-computed as sd/sqrt(8). Examples: Fig. 2a larvae 10 °C cap measured at 0.97/1.09 vs sd_t2 = 1.018 (se_t2 = 0.360 would be far too short); Fig. 1b 1-month 16 °C cap measured at 159.5 vs sd_t1 = 162.8 (se_t1 = 57.5 would not fit); Fig. 2b 1-month 14 °C cap measured at 0.00352 vs sd_t1 = 0.00349. There is no se-as-sd problem in this study. The only error-statistic defect is the two copy-pasted se_t1 cells in merged_294/295 (finding 2).","n = 8 per developmental stage per temperature, stated three independent times: (1) p. 1007, ""Eight individuals of each stage were placed in each of four 5-L aquaria""; (2) p. 1007, ""Eight bottles containing animals were incubated at each of 10, 12, 14 and 16 °C""; (3) both figure captions, ""(n = 8)"", and the Table 1 footnote (p. 1010), ""n = 8 per each experimental temperature, i.e. 10, 12, 14, 16 °C"".

The sheet records n_t1 = 8 and n_t2 = 8 on all 27 rows. This matches the paper exactly - no n discrepancy.

Caveat (not an extraction error, the sheet faithfully records what the paper states): each temperature was a single 5-L aquarium, so the 8 individuals per cell are tank-mates and temperature is unreplicated at the tank level. CAT/GR were assayed in duplicate and ETS in triplicate, but those are technical replicates and do not change n.","Four levels: 10 °C (control), 12, 14 and 16 °C. Control is unambiguous - p. 1007: ""Eight individuals of each stage were placed in each of four 5-L aquaria with continuously aerated water at 10 °C. One, the control, was maintained at a constant 10 °C."" 10 °C also matches the hatchery spring-water rearing temperature (10.0 ± 0.5 °C, raised to 11.0 ± 0.5 °C after hatch, p. 1007), so it is the biologically appropriate reference.

The sheet assigns this correctly on all 27 rows: t1 = 16, 14 or 12 (treatment) and t2 = 10 (control), with mean_t1/sd_t1/n_t1 from the warm group and mean_t2/sd_t2/n_t2 from the 10 °C bar. The dose column (6, 4, 2 °C with units.1 = celsius) is the correct t1 - t2 increment. No t1/t2 inversion and no wrong-temperature row found.","Temperature is not crossed with any external second manipulation - no UV, hypoxia, diet, CORT, salinity or drug treatment. Fish were unfed during the 96 h exposure period apart from normal hatchery feeding, and survival was 100 % at all temperatures (p. 1007). Developmental stage (eyed eggs / yolk-sac larvae / 1-month / 3-month juveniles) is the second factor in the paper's two-way ANOVA, but that is the review's own stage covariate rather than a co-stressor, and the sheet correctly keeps each stage's 10 °C group as its own control.

There IS, however, a crossed ACUTE ASSAY TEMPERATURE for the ETS measure, which the review's criterion 4 names explicitly. Per p. 1008 the ETS reaction was ""incubated for 25 min at 10, 12, 14 or 16 °C"", i.e. at each group's own exposure temperature, so no baseline-assay-temperature level exists for these rows. All 9 ETS rows (merged_299-307) therefore come from a non-baseline level of that second factor - this is finding 1. The CAT and GR assays were run at a common 25 °C for every group (p. 1008), so the 18 antioxidant rows are clean on this point.","Yes, all extracted animals were far from sexual maturity. Marble trout mature at several years of age (the paper's broodstock were 11 years old, p. 1007); the extracted rows are yolk-sac larvae and juveniles of 1 and 3 months, with body masses of 72-110 mg, 65-216 mg and 330-863 mg respectively (p. 1007). Criterion 1 (manipulation before sexual maturity) and criterion 3 (no spanning of development into sexual maturity) are both satisfied.

Prenatal/postnatal coding is correct: stage = ""postnatal"" on all 27 rows, and every row has the prenatal_* columns blank. All three extracted stages are post-hatch (""A total of 7600 eyed eggs started to hatch at 470 degree-days. The larvae (7100) were reared in a trough for 21 days"", p. 1007), and the one pre-hatch stage - eyed eggs - was deliberately left out (extractor note: ""we used larvae as they have hatched""). postnatal_measure_delay = 0 days is also right: tissue was sampled immediately after the 96 h exposure and the respirometry run (p. 1008, animals ""frozen in liquid nitrogen"" straight after incubation).

Two timing caveats: (a) the ages 21/30/90 days used for post_natal_trt_start are the extractor's reasonable reading of ""larvae reared in a trough for 21 days"" and ""juveniles aged 1 month and 3 months"" - the paper never gives exact days post-hatch, so these are approximations rather than errors; (b) the exposure itself is a short 96 h acute thermal challenge at a fixed stage, not a chronic developmental rearing-temperature manipulation - in scope under criterion 1, but the duration coding understates it (finding 3) and it may deserve a chronic-vs-acute moderator.","Traced all 27 rows to a specific panel and bar, and verified means and SDs numerically (not by eye) by rendering pp. 1009-1010 at 450 dpi, calibrating each y-axis from its tick marks, and measuring bar-top and error-bar-cap pixel positions.

- 9 CAT rows (merged_281-283, 287-289, 293-295) -> Fig. 2a (p. 1010), Larvae / 1-month / 3-month clusters. Measured bar tops (U/mg): larvae 10/12/14/16 = 8.23/8.88/8.15/12.40 vs sheet 8.085/8.736/8.125/12.443; 1-mo = 14.54/15.11/15.72/15.55 vs 14.507/15.091/15.580/15.524; 3-mo = 16.00/15.96/13.29/12.76 vs 15.874/15.906/13.258/12.787. All within digitising noise. Measured error-bar half-lengths match sd_* (e.g. larvae 10 °C cap = 0.97-1.09 vs sd_t2 = 1.018, not se_t2 = 0.36).
- 9 GR rows (merged_284-286, 290-292, 296-298) -> Fig. 2b (p. 1010). Means: larvae 0.00559/0.00580/0.00526/0.00649 vs sheet 0.00561/0.00584/0.00526/0.00645; 1-mo 0.01019/0.01037/0.01101/0.00916 vs 0.01020/0.01041/0.01102/0.00915; 3-mo 0.00757/0.00713/0.00618/0.00644 vs 0.00761/0.00712/0.00625/0.00645. Error-bar half-lengths match sd_* to 3 significant figures in every case.
- 9 ETS rows (merged_299-307) -> Fig. 1b (p. 1009). Means: larvae 218.6/262.4/350.2/498.7 vs sheet 215.2/258.6/349.0/497.3; 1-mo 314.8/483.5/492.0/741.8 vs 312.8/479.2/490.1/736.0 (the 741.8 bar is the ""739 µL O2 g-1 h-1 in juveniles of 1 month at 16 °C"" quoted on p. 1009); 3-mo 309.7/326.6/341.8/419.4 vs 305.6/323.7/341.8/417.7. Error bars again match sd_* (e.g. 1-mo 16 °C cap = 159.5 vs sd_t1 = 162.8, not se_t1 = 57.5).
- Stage assignment independently confirmed from the text on p. 1010: reported fold-changes at 16 °C vs control (CAT 1.5x larvae, 1.07x 1-month, 1.2x decrease 3-month) reproduce from the sheet as 1.54, 1.070 and 1.24. So 21 d = yolk-sac larvae, 30 d = 1-month juveniles, 90 d = 3-month juveniles is right.
- Column alignment, units, tissue, mito_preparation, measurement_methods, ref, t1/t2, dose and measurement_category/mito_efficiency_dir all check out (CAT/GR = antioxidant, dir 1; ETS = metabolic capacity, dir 1; whole-body homogenate; U mg-1 protein and µL O2 g-1 h-1 as plotted; Aebi 1984 and Carlberg & Mannervik 1985 as cited on p. 1008).
- sample_depend is correctly coded: codes 1-9 are re-used across the CAT, GR and ETS rows for the same stage x temperature group, which is right because all three assays came from the same individual homogenates (p. 1008).

AUTOFLAGS DISMISSED (false alarms):
- All 9 [SHARED CONTROL] flags are false alarms in the sense of being a data error: the paper genuinely has ONE 10 °C control group of 8 individuals per developmental stage (p. 1007: ""Eight individuals of each stage were placed in each of four 5-L aquaria... One, the control, was maintained at a constant 10 °C""), re-compared against the 12, 14 and 16 °C groups. The sheet already marks control_multiple_comparisons = ""yes"" on every row. Correctly extracted; needs only the usual shared-control variance handling downstream.
- [merged_299] extreme effect SMDH ~11.9 is NOT a value/error-bar/panel/unit error - mean 497.3 vs 215.2 with SD 27.1 and 19.9 is exactly what Fig. 1b plots. But the flag is a real signal of a design confound; see finding 1.
- [merged_294] and [merged_295] sd != se*sqrt(n) are CONFIRMED, but the defective column is se_t1, not sd_t1; see finding 2.

Also noted but NOT a finding: the text on p. 1011 says GR ""decreased for ... 1.05-fold"" in 3-month juveniles at 16 °C, whereas Fig. 2b plots 0.00757 (10 °C) vs 0.00644 (16 °C) = 1.18-fold. My own pixel measurement of the figure (0.00757 vs 0.00644) matches the sheet, so this is the paper's own text/figure inconsistency, not an extraction error.

Rows NOT extracted (documented in the extractor note, mentioned for completeness, not scored as a defect): the eyed-egg stage of Fig. 1b/2a/2b (9 further effect sizes) was deliberately omitted because the animals had not hatched; oxygen consumption rate (Fig. 1a) and ETS/R ratio (Fig. 1c) were omitted as whole-organism rather than mitochondrial measures."
s75,True,3,"PDF is Pereira LF, Goncalves JFM, Peixoto MJ, Domingues A, Fonseca SB, Magalhaes FA, Santos GA, Ozorio ROA. ""Cross-effects of dietary probiotic supplementation and rearing temperature on antioxidant responses in European seabass [Dicentrarchus labrax (Linnaeus, 1758)] juveniles."" Journal of Applied Ichthyology 2017; 33: 377-385, doi:10.1111/jai.13256 (received 27 Dec 2015, accepted 21 Oct 2016). Matches the sheet's study metadata: first author Pereira, European seabass, class Actinopterygii, liver. Two cosmetic mismatches, neither a data defect: (i) sheet year = 2016, which is the acceptance/online-first year, while the issue of record is 2017 (the journal's own ""How to cite"" on p. 385 gives 2017;33:377-385); (ii) the genus is misspelled in the sheet (""Dicentrarachus "" with a trailing space) - I checked output/data/temp_stress.csv and the taxonomy step still resolved it correctly to species_phylo = ""Dicentrarchus_labrax"", which is in output/phylo/phylo_pruned.tre, so there is no downstream consequence.","SEM for every extracted number. Figure 1 caption, p. 380: ""Data expressed as nmol of TBARS per liver gram (mean +/- SEM; n = 12 fish/treatment)"". Figure 2 caption, p. 381: ""(mean +/- SEM, n = 12 fish/treatment)"". Results text also says CAT/GST ranges are ""mean +/- SEM"" (p. 380). Only the Table 2 growth data are SD (n = 78). The sheet handled this correctly: se_* holds the digitised error bar and sd_* = se_* x sqrt(12) exactly for all 10 rows (verified numerically, e.g. 12.7413 x 3.4641 = 44.1372; 0.073052 x 3.4641 = 0.25306). No un-converted SEM. Caveat for the record: the paper's Table 3 caption (p. 382) mis-states ""mean values +/- standard deviation (n = 12 fish/treatment)"", contradicting both figure captions - Table 3 reports only significance codes, so this is an internal inconsistency in the paper, and the extractor correctly followed the figure captions.","Paper states n = 12 fish/treatment for all biomarker data (both figure captions), obtained as ""four fish were selected from each tank (12/treatment)"" from the 3 tanks per diet x temperature cell (Methods 2.4, p. 379). Sheet has n_t1 = n_t2 = 12 on all 10 rows - correct and consistent. Caveat (a property of the paper, not an extraction error): the 12 fish come from only 3 tanks, so tank-level pseudoreplication means 12 overstates independent replication (true replication = 3 tanks per cell); the sheet faithfully records the stated n. The n = 78 fish/treatment in Table 2 applies only to growth data (26 fish/tank x 3 tanks) and was correctly not used.","Three rearing temperatures, 17, 20 and 23 C, held for the 70-day trial (Methods 2.2, p. 379; realised means 17.01 +/- 0.8, 20.2 +/- 0.6, 23.2 +/- 0.4). The paper designates no formal temperature control; it frames 17 C as ""suboptimal"" and 20 and 23 C as within the optimal range (p. 378), and growth was best at 23 C (Table 2). The sheet uses 20 C as t2/reference for both comparisons (t1 = 17, dose -3; t1 = 23, dose +3), justified in the extractor note because fish were quarantined/held at 20.0 +/- 2.1 C for 15 days before the trial (Methods 2.1, p. 378). That is a defensible reference choice and is documented. The assignment of treatment vs control (t1 = manipulated temperature, t2 = 20 C) is right in all 10 rows; the problem is which numbers were put in those cells for Figure 1 (finding 1).","Yes - temperature is crossed with diet in a 2 x 3 factorial: a control basal diet vs the same diet supplemented with a probiotic blend (Bacillus/Pediococcus/Enterococcus/Lactobacillus, 3 g/kg, 3 x 10^9 CFU/kg), 18 tanks, 6 per temperature (Methods 2.1-2.3, pp. 378-379). All 10 sheet rows come from the BASELINE (control-diet) level, as required by inclusion criterion 4: I verified every value against the black ""Control"" bars in Figures 1 and 2, and none of the grey ""Probiotic"" bar values appear anywhere in the sheet. So no row is drawn from a non-baseline level of the second factor. Water in all tanks was UV/ozone sterilised identically, so that is not a crossed factor. One design nuance worth knowing for interpretation (it applies to every group, so it is not an inclusion problem): fish were pair-fed, with ration fixed at the voluntary intake of the 17 C groups (Methods 2.3, p. 379), so the 20 and 23 C fish were held below their own satiation - the temperature contrast is therefore partly confounded with relative feed restriction at the warmer temperatures.","Correct. Animals were juveniles of 12.7 +/- 0.4 g at purchase, quarantined 15 days at 20 C, then treated for 70 days and sampled immediately at the end of the trial (Methods 2.1-2.4, pp. 378-379). Final body weights were 21-32 g (Table 2), far below maturity: European seabass mature at 2-3 years (males) and 3-4 years (females), as the extractor note records. So the whole manipulation was pre-sexual-maturity and did not span into maturity. Stage coding is right: stage = ""postnatal"", all prenatal fields blank (a broadcast-spawning fish with no parental provisioning phase manipulated here), postnatal duration 70 days, measure_delay 0 days. The absolute ages (post_natal_trt_start = 90 d, end = 160 d) are extractor estimates - the paper reports only body mass, not age - and the derivation (~75 d to juvenile stage + 15 d quarantine) is documented in the note, so it is a transparent inference rather than an error.","All 10 rows traced to a specific panel. merged_308/309 -> Figure 1 (p. 380, ""LPO"", nmol TBAR g-1 liver), black ""Control"" bars. merged_310/311 -> Figure 2 GSH panel (p. 381). merged_312/313 -> Figure 2 GSSG panel. merged_314/315 -> Figure 2 GSH/GSSG panel. merged_316/317 -> Figure 2 GR panel. Note the sheet's `ref` labels (figure2a-2d) are offset from the figure's own panel order (TG, GSH, GSSG, GSH/GSSG, GR); the measure identities in `measure_listed`/`descrp_measure` are nonetheless the correct ones, so this is just idiosyncratic panel labelling, not a mis-read panel.

I digitised the panels at 220-600 dpi to check values. Figure 2 rows all reconcile within digitising noise (e.g. GSSG control bars measured 0.338/0.250/0.338-0.355 vs sheet 0.3392/0.2540/0.3569; GR 1.95/2.15/3.55 vs sheet 1.987/2.144/3.608; GSH 0.34/0.65/1.80 vs sheet 0.357/0.674/1.826; GSH/GSSG 1.1/2.2/5.6 vs sheet 1.132/2.215/5.637). Figure 1 does NOT reconcile - see finding 1.

Not extracted: the Figure 2 TG (total glutathione) panel, which does have per-group means +/- SEM and a significant temperature effect (Table 3). CAT and GST are correctly omitted - the paper gives only across-treatment ranges (50 +/- 10 to 91 +/- 26 U/mg; 3.9 +/- 0.9 to 7.6 +/- 1.5 U/mg, p. 380), not per-group values. Table 2 (FBW, FCR) is growth, out of scope.

DISMISSED autoflags: all 5 [SHARED CONTROL] flags are factually true but are not errors. The design is a 2 (diet) x 3 (temperature) factorial with one control-diet group per temperature (12 fish each), so the single 20 C control-diet group is legitimately the reference for both the 17 C and the 23 C comparison of every measure. The sheet already records this (control_multiple_comparisons = ""yes""; sample_depend 1 vs 2, which matches the convention used in other multi-comparison studies in output/data/temp_stress_full.csv, e.g. s16, s23, s40, s62).

Minor, not reported as findings: `measurement_methods` attributions for GSH and GSSG are effectively swapped relative to the Methods (p. 380 attributes the 2-vinylpyridine GSH-trapping step of the GSSG assay to Griffith 1980 and the DTNB total/oxidised glutathione assay to Baker et al. 1990; GSH itself was obtained by subtraction, TG - GSSG). This is a free-text provenance column only and does not affect any number.

All 10 rows are in the analysis set (output/data/temp_stress.csv), with exclude_missing_info = 1 and all three quality flags FALSE, so the finding-1 error propagates into the models."
s79,True,5,"PDF is Wang Y., Li C., Pan C., Liu E., Zhao X., Ling Q. (2019) ""Alterations to transcriptomic profile, histopathology, and oxidative stress in liver of pikeperch (Sander lucioperca) under heat stress"", Fish and Shellfish Immunology 95: 659-669 (doi 10.1016/j.fsi.2019.11.014). This matches the sheet metadata exactly: author Wang, year 2019, Actinopterygii, Sander lucioperca, pikeperch. Only one pikeperch/Wang/Ling study exists in the manifest, so there is no overlap with the authors' earlier pikeperch heat-stress paper (their ref. [22]).","Contradictory within the paper. Methods 2.8 (p.661) states: ""All data were presented as mean +/- standard deviation (SD) and subjected to one-way analysis of variance (one-way ANOVA) followed by multiple comparison (Tukey's test)"". However every relevant figure caption states SEM: Fig. 2 (p.662) ""The values were expressed as mean +/- SEM (n = 3)"", Fig. 3 (p.663) same, Fig. 4 (p.664) same. The sheet populated se_* from the digitised whiskers and set sd_* = se_* x sqrt(3) on all 8 rows (ratio exactly 1.7321 in every row), i.e. it followed the figure captions and converted correctly. There is no sd == se (un-converted SEM) anywhere in this study. The only residual risk is that the Methods statement is the accurate one, in which case all SDs are 1.73x too large (reported as a low-severity finding).","The paper states n = 3 per group directly in the captions of Fig. 2 and Fig. 3 (""mean +/- SEM (n = 3)""), which is exactly what the sheet records (n_t1 = n_t2 = 3 on all 8 rows). Background numbers in Methods 2.1-2.2 (p.660): 144 fish in nine 0.4 m3 tanks (16 per tank); ""liver tissues from nine individuals per tank were collected at each sampling time"", of which 3 were fixed for histology and the rest frozen; for RNA-Seq ""nine individuals from 23 degC (control) and 29 degC (0 h) group were sampled... RNA from three individuals of each group was pooled"". So the n = 3 in the assay figures may well be 3 pooled/composite samples rather than 3 independent fish, but n = 3 is the paper's own stated replication and the sheet is faithful to it. No n discrepancy to report.","Two temperatures. Control: 23 degC, the acclimation/holding temperature (Methods 2.1: water maintained at 23 degC, DO 7.0 +/- 0.5 mg/L, pH 8.0 +/- 0.3; one week acclimation). Treatment: ramped 23 -> 29 degC at +1 degC/h and then held at 29 degC for 48 h, with sampling at 0, 3, 6, 12, 24 and 48 h (Methods 2.2, p.660). 23 degC is unambiguously the biologically appropriate control/reference, and the sheet assigns it correctly: t1 = 29 (treatment), t2 = 23 (control), dose = 6 degC, with mean_t1/sd_t1/n_t1 taken from the heat-stressed bars and mean_t2/sd_t2/n_t2 from the ""Control"" bars in every row. No group swap detected.","No second stressor: temperature is not crossed with UV, hypoxia, diet, CORT, salinity, or an acute assay temperature, and no drug or supplement was given (Methods 2.1-2.5). The only crossed factor is DURATION of the 29 degC exposure (0, 3, 6, 12, 24, 48 h). All 8 sheet rows come from the 48 h timepoint, which I verified by bar-height matching in Figs 2 and 3, so the extraction is internally consistent and uses a single control comparison per measure (no shared-control reuse: control_multiple_comparisons = ""no"" is correct as only one timepoint was taken, and sample_depend = 1 correctly marks the 6 liver measures / 2 serum measures as coming from the same animals). Two caveats. (i) The choice of timepoint determines the SIGN of most effects: T-AOC is higher than control at 0 h (0.130 vs 0.086) but lower at 48 h; T-SOD, CAT and GSH are higher than control at 3 h but much lower at 48 h; MDA peaks at 6 h (0.50) and is intermediate at 48 h (0.235); ALT/AST peak at 3 h (149 and 780) and are back near control by 48 h. Taking 48 h captures the late collapse phase only. (ii) The extractor's stated rationale - ""Controls were only sampled at 48 hours and so treatment data from fish exposed to 48 hours were included to standardized sampling time"" - is NOT supported by the paper: Methods 2.2 never says when the 23 degC control fish were sampled. The choice (longest / full exposure) is defensible and consistently applied, but the justification in the note should be rewritten to say that the maximum exposure duration was selected.","Animals were juveniles well before sexual maturity: 143.2 +/- 27.9 g and 23.2 +/- 1.4 cm total length (Methods 2.1, p.660), whereas pikeperch mature at roughly 3-5 years. The treatment was entirely post-hatch and lasted only 48 h, so it cannot have spanned into sexual maturity, and stage = ""postnatal"" with empty prenatal fields is the right coding. Two caveats on the numbers rather than the coding: (1) the paper never states the age of the fish, so post_natal_trt_start = 755.25 d (2.07 y) is an imputation the extractor built from a 50%-maturity estimate of 4.1 y (midpoint 2.05 y) plus the 7 d acclimation - a 143 g pikeperch is plausibly a 1+ fish, so this age should not be used as a precise continuous moderator; (2) sex = ""both"" is also an assumption, as the paper does not report the sex of the juveniles. Separately, the exposure is an acute 48 h heat shock rather than a developmental temperature regime, which is the inclusion judgement flagged in the findings.","All 8 rows traced to a specific panel and both bars identified. Fig. 2 (p.662, liver): 2a T-AOC control ~0.086 / 48 h ~0.062 U/mgprot (merged_452: 0.0873 / 0.0631, SEMs 0.0111 / 0.0141 match the whisker caps at ~0.097 and ~0.076); 2b T-SOD ~1.05 / ~0.52 (merged_453: 1.056 / 0.519); 2c CAT ~2.85 / ~0.05 (merged_454: 2.874 / 0.0435); 2d GPx ~4.95 / ~2.15 (merged_455: 4.996 / 2.160); 2e GSH ~1.40 / ~0.68 (merged_456: 1.395 / 0.684); 2f MDA ~0.022 / ~0.235 (merged_457: 0.0181 / 0.2295). Fig. 3 (p.663, serum): 3a ALT control ~25 (large whisker to ~43) / 48 h ~45 (merged_458: 26.29 / 46.29, SEMs 17.14 / 4.00); 3b AST ~110 / ~203 (merged_459: 112.18 / 203.97). Panel-to-ref mapping (figure2a-f, figure3a-b) is correct in every row, every treatment value is the 48 h bar, every control value is the ""Control"" bar, units (U/mgprot, mg/gprot, nmol/mgprot, U/L) match, tissue (liver homogenate vs serum) matches Methods 2.4/2.5, and t1=29/t2=23 with dose=6 is correct. Digitised means are all within a few percent of the plotted bars - no value discrepancies reported. Autoflag on merged_455 (GPx, SMDH~-8.5) is a FALSE ALARM: means and SEMs are faithful to panel 2d and the large effect is genuine (GPx falls from ~5.0 to ~2.2 U/mgprot with n=3 and small SEMs). Autoflag on merged_454 (CAT, SMDH~-14) is partly confirmed: the means are correct (the 48 h CAT bar really is a near-zero sliver) but the error bar is not recoverable from the figure - see findings."
s92,True,7,"The PDF is Schnurr, M. E., Yin, Y. & Scott, G. R. (2014) ""Temperature during embryonic development has persistent effects on metabolic enzymes in the muscle of zebrafish"", Journal of Experimental Biology 217, 1370-1380, doi:10.1242/jeb.094037 (Dept of Biology, McMaster University). This matches the sheet metadata exactly: author = Schnurr, year = 2014, class = Actinopterygii, genus/species = Danio rerio, common name = zebrafish. No identity mismatch.","SEM. Stated explicitly in ""Calculations and statistics"", p. 1379: ""Data are shown as means ± s.e.m. error (except when data points from individual samples are shown)"" and ""The enzyme activity value for each individual was the average of its triplicate measurements (minus background; see above), and the mean and standard error of these values are reported."" Figure 1's caption also says ""Data are means ± s.e.m."", and Tables 1, 3, 4 and 5 all report means ± s.e.m. There are no SDs or CIs anywhere in the paper.

Against the sheet: the extractor did apply the sd = se*sqrt(n) convention correctly (e.g. merged_318 sd_t1 = 1.0247077 * sqrt(10) = 3.2404), so this is NOT an un-converted-SEM row. The problem is upstream: the quantity sitting in se_* is not a standard error at all but 10^(standard error), a dimensionless ratio (see findings 1 and 2).","n = 10 per treatment group, stated in four independent places: Table 1 footnote (p. 1372) ""N=10 per treatment group""; the Fig. 2A caption one-factor ANOVAs all have F2,27 (3 groups x 10 fish = 30, error df = 27); Table 3 (p. 1373) ""means ± s.e.m. are shown, n=10 per treatment group ... Degrees of freedom in ANOVA: TE, 2; error, 27""; and the captions of Figs 3-9 (""n=10 per treatment group""). Table 1's two-factor ANOVA error df of 54 (2 TA x 3 TE x 10 = 60) is also consistent.

This matches the sheet exactly: n_t1 = n_t2 = 10 on all 10 rows. No sample-size problem.","Embryonic temperature (TE) was manipulated at three levels: 22 degC (cold extreme), 27 degC (near-optimal) and 32 degC (warm extreme), each ±0.5 degC (Methods ""Experiment 2/3"", p. 1379). The paper is unambiguous that 27 degC is the control: the Abstract calls it ""a control TE (27 degC)"", the Results (p. 1371) call it ""near-optimal thermal conditions (27 degC)"" and refer throughout to ""the 27 degC TE controls"", and all Bonferroni comparisons in Fig. 2A are ""a significant difference from the 27 degC TE group"".

The sheet assigns this correctly: t2 = 27 on all 10 rows (control), t1 = 22 on the five odd rows and t1 = 32 on the five even rows, with dose = -5 and +5 degC respectively. Tissue, measure identity and units are also correctly matched per row. The only temperature-metadata issue is that the exposure duration is not group-specific (see the low-severity duration finding).","Yes — the design crosses TE with two further factors, but the extracted rows come from the baseline level of both, so there is no inclusion-criterion-4 violation.

(1) Adult acclimation temperature (TA): at 3 months of age fish from each TE group were acclimated to either 27 degC or 32 degC for 30 days (Methods, p. 1379). 27 degC is the baseline (it equals the common post-hatch rearing temperature).
(2) Assay temperature (Ta): enzymes were assayed at 22, 27, 32 and 36 degC. 27 degC is the baseline.

Fig. 2A, the source of all 10 rows, is the TA = 27 / Ta = 27 cell. This is established by the Results text on p. 1371 (""adult zebrafish that were raised at a common 27 degC after hatching, as reflected by differences in maximal enzyme activities assayed at 27 degC (Fig. 2A)""), the Fig. 2 caption (""adult zebrafish that were raised at 27 degC after hatching""), and decisively by the Table 2 caption (p. 1373): ""Maximal enzyme activities (Vmax ...) of fish acclimated to 27 degC and assayed at 27 degC were regressed to body mass ... that are shown in Fig. 2B"" — Fig. 2B is the individual-level scatter of the same data summarised in Fig. 2A. I also cross-checked Fig. 6 (CS): its 27 degC-acclimation points at a 27 degC assay temperature reproduce the Fig. 2A CS bars (~0.24 for both the 27 and 32 degC TE groups).

No rows are drawn from the 32 degC acclimation group or from the 22/32/36 degC assay temperatures, and no drug, diet, hypoxia or UV manipulation exists in this study. Nothing to flag here.","Correct and clearly pre-maturity. The temperature manipulation was confined to the embryonic period: embryos were collected at the 1-8 cell stage (within ~1-2.5 h post-fertilisation; Methods p. 1379) and raised at 22, 27 or 32 degC only until hatching, after which ""larvae were maintained at a common temperature of 27±0.5 degC"". Zebrafish hatch at ~48-72 h post-fertilisation and reach sexual maturity at ~3 months, so the treatment ended roughly three months before maturity — well inside criterion 1, and not a treatment ""spanning development into sexual maturity"".

The prenatal/postnatal coding is appropriate for an externally developing oviparous fish: the sheet uses the prenatal_* fields (start 1.5 h, end 60 h post-fertilisation) for the pre-hatching exposure and leaves the postnatal_* fields blank, with stage = ""prenatal"". That maps correctly onto the paper's design.

Two timing values are nevertheless misstated and are reported as low-severity findings: (a) a single 58.5 h duration is used for all three TE groups even though exposure ran to hatching and developmental rate differed 2.33-fold between 22 and 32 degC (~89 h vs ~38 h); (b) prenatal_measure_delay = 90 days, whereas the enzyme samples were taken at the end of a 30-day acclimation that began at 3 months of age, i.e. ~120 days post-fertilisation (Methods p. 1379; Discussion p. 1374 ""sampled at 4 months of age"").

Note also that the post-maturity 30-day acclimation at 27 or 32 degC is an adult manipulation, not a developmental one, and the rows use only its 27 degC baseline level, so it does not compromise the developmental-timing coding.","All 10 rows trace to a single source: Fig. 2A (p. 1372), a grouped bar chart with a log10 y-axis (0.01-10 µmol mg-1 protein min-1), five enzyme groups in x-order HOAD, CS, COX, PK, LDH, each with three bars (22, 27, 32 degC TE group). The `ref` column (""figure2a"") is correct for every row and the measure identities (HOAD, CS, COX, PK, LDH), tissue (""red and white axial muscles"", homogenate; Methods p. 1379: ""The majority of both the red and white axial muscle was isolated altogether ... homogenized""), units (µmol mg protein-1 min-1) and t1/t2 temperature assignment all check out.

I calibrated Fig. 2A in pixel space (major ticks at 10/1/0.1/0.01 exactly 676 px per decade) and read every bar top and error-bar cap. Measured values (mean ± s.e.m.) for 22/27/32 degC TE: HOAD 0.080±0.012 / 0.052±0.008 / 0.061±0.009; CS 0.327±0.027 / 0.244±0.025 / 0.243±0.026; COX 0.775±0.069 / 0.437±0.052 / 0.602±0.049; PK 1.510±0.096 / 1.210±0.094 / 1.470±0.104; LDH 3.05±0.34 / 2.26±0.21 / 2.63±0.29. These were independently corroborated three ways: (i) Table 2 (p. 1373) allometric fits Vmax = a*Mb^b at the observed Mb ~0.17 g give COX 0.61, CS 0.28, HOAD 0.065, PK 1.38, LDH 2.68; (ii) Table 3 (p. 1373) body-mass-residual differences between TE groups match the measured between-bar differences; (iii) the linear-axis panels for the same enzymes (Fig. 3 COX max 1.0, Fig. 5 PK max 2.5, Fig. 6 CS max 0.6, Fig. 7 LDH max 5.0, Fig. 8 HOAD max 0.20) bracket exactly these ranges, and Fig. 6's 27 degC-acclimation/27 degC-assay points reproduce CS ~0.24 for both the 27 and 32 degC TE groups.

Automated flags verified: the two ""EXTREME effect"" flags (merged_326, merged_327) are CONFIRMED and are symptoms of a study-wide back-transformation error (finding 1/2). The merged_321 ""mean_t1 == mean_t2 exactly"" flag is CONFIRMED as a copied rather than independently digitised value, but only at low severity because the two bars genuinely coincide to within 1 pixel in Fig. 2A and are also superimposed in Fig. 6 (finding 7). The five [SHARED CONTROL] flags are all FALSE ALARMS and are dismissed: the paper has one 27 degC TE control group of n=10 that is legitimately compared with both the 22 degC and 32 degC TE groups (Fig. 2A caption, one-factor ANOVA F2,27 with Bonferroni comparisons ""from the 27 degC TE group""), and the sheet already records the dependency via sample_depend = 1/2 and control_multiple_comparisons = ""yes"".

Not checkable: `sex` = ""both"" — the paper never states the sex of the fish sampled for enzymes (outbred stock, two breeding groups; Methods p. 1379). Not reported as a finding."
s95,True,1,"The PDF is Treidel, L. A., Carter, A. W. and Bowden, R. M. (2016) ""Temperature experienced during incubation affects antioxidant capacity but not oxidative damage in hatchling red-eared slider turtles (Trachemys scripta elegans)"", Journal of Experimental Biology 219, 561-570, doi:10.1242/jeb.128843. This matches the sheet metadata exactly: citation Treidel_et_al_2016, author ""Treidel"", year 2016, class Reptilia, genus Trachemys, species ""scripta elegans"", common name ""red-eared slider turtle"". Only Figs 1-2 and Tables 1-2 exist in the paper; there is no Fig. 3 or Table 3.","SEM. The Fig. 2 legend (p. 566) states explicitly for the relevant panel: ""(C) Mean+-s.e.m. liver lipid hydroperoxides and TAC in hatchlings from eggs incubated under thermal regimes that varied in mean temperature [26.5 C (n=76), 27.1 C (n=78) or 27.7 C (n=76)]."" (Panel A is also Mean+-s.e.m.; panel B is Median+-s.e.m., which is a further reason not to extract Experiment 2 means.) The sheet handled this correctly: se_* columns hold the digitised SEMs and sd_* = se * sqrt(n) exactly for all six group cells (merged_328 0.98639*sqrt(76)=8.59919; merged_329 0.48753*sqrt(76)=4.25017; merged_330 0.12598*sqrt(76)=1.09824; merged_331 0.12891*sqrt(76)=1.12378; control TAC 0.47619*sqrt(78)=4.20560; control damage 0.140625*sqrt(78)=1.24197). No un-converted SEM-as-SD anywhere; sd never equals se. No CI95 values reported or needed.","The paper states n=76 (26.5 C low), n=78 (27.1 C medium) and n=76 (27.7 C high) in both the Methods (p. 563) and the Fig. 2C legend (p. 566). The sheet's n_t1 = 76 for both merged_328/330 (high) and merged_329/331 (low), and n_t2 = 78, match the paper verbatim. No mismatch against the paper's stated values.

Caveat (paper-internal inconsistency, not an extraction error): these n are numbers of eggs assigned, and 76+78+76 = 230, whereas Fig. 1C states ""eggs (n=214) from 21 clutches"" for the same experiment. The follow-up ANCOVA degrees of freedom also imply N = 214 analysed individuals (F1,192 for temperature with 1 df season + 19 df clutch-within-season => 192+21+1 = 214), and the clutch x treatment ANOVA (F38,151) implies roughly the same. So the true per-group assayed n are probably ~71-72 rather than 76/78/76, which would inflate the derived sd_* by about 4%. Since the sheet reproduces exactly what the paper states, I am not raising this as a finding, but it is worth recording if n is used for weighting sensitivity.","Experiment 3 (the only experiment extracted) assigned eggs within each clutch (split-clutch, 21 clutches) to one of three 24 h sinusoidal fluctuating regimes: 26.5+-2 C (low), 27.1+-2 C (medium) or 27.7+-2 C (high), with CTEs of 26.9, 27.5 and 28.0 C respectively (Methods p. 563; Fig. 1C).

There is no designated control group in this design - it is a three-level mean-temperature gradient. The sheet uses the intermediate 27.1 C (medium) group as the reference (t2) for both contrasts: merged_328/330 compare high 27.7 C (t1) against 27.1 C (dose +0.6), and merged_329/331 compare low 26.5 C (t1) against 27.1 C (dose -0.6). Using the intermediate level as the reference is the biologically appropriate choice here, and the signed `dose` column preserves the fact that one contrast is a warming and the other a cooling manipulation - important because the paper's significant effect is that the LOW temperature group had ELEVATED TAC (Fig. 2C asterisk on the low/triangle point; MANOVA F4,76 = 4.23, P = 0.004; ANCOVA slope -2.41 umol l-1 Trolox equiv mg-1 ww per C, P < 0.0001). Downstream analyses must respect the sign of `dose`, otherwise the cooling contrast will be pooled as if it were a warming contrast.

Other temperatures in the paper, not extracted: Experiment 1 constant 29.5 C vs fluctuating 28.7+-3 C; Experiment 2 28.7+-3 C with 12/24/48 h fluctuation periods (all CTE 29.4 C).","No. Experiment 3 crosses mean incubation temperature with nothing else that was manipulated. The only other terms in the design are nesting season (early vs late clutch collection, 10 and 11 clutches) and clutch identity, both of which are blocking/observational variables rather than experimental manipulations, and neither was significant for TAC or damage (Table 2: Season P = 0.125, Season x Treatment P = 0.198). The Fig. 2C means are pooled across season, so no row is drawn from a non-baseline level of a second factor. All groups were incubated in the same vermiculite/hydric conditions (-150 kPa, ~100% humidity) and all hatchlings were subsequently held at 24-26 C, i.e. common-garden post-hatch.

One thing worth recording but not a violation: ""Hatchlings from the fluctuation frequency and mean temperature experiments were involved in other projects (Bowden et al., 2014; Carter et al., 2016; A.W.C., unpublished data) and could not be euthanized until these later dates"" (Methods p. 564). Carter et al. 2016 (Physiol. Behav. 155, 46-55) is ""Turtle hatchlings show behavioral types that are robust to developmental manipulations"" - i.e. non-invasive behavioural assays applied to all animals across all thermal groups. This is a shared, non-differential handling protocol, not a second developmental manipulation, no drugs or supplements are mentioned, and it does not cross temperature with another factor. It therefore does not trigger the exclusion criteria, although it does mean the hatchlings had 37-44 days of behavioural testing before sampling.","Correct. The manipulation is entirely prenatal/embryonic: eggs were collected within 6 h of laying (Methods p. 563) and the temperature regime was applied for the whole of incubation until pip, so stage = ""prenatal"" with prenatal_trt_start = 0 and prenatal_trt_end = 70 is the right coding, and postnatal treatment fields are correctly blank. The 70-day incubation duration is an inference (the paper reports incubation period only as a covariate, never as a mean); the note declares the basis (60-80 days from Tucker 1997, median taken), which is reasonable, though note that the 26.5 C group will genuinely have incubated longer than the 27.7 C group.

prenatal_measure_delay = 40.5 days is correct: ""Hatchlings were euthanized by an intrapleuroperitoneal injection of pentobarbital sodium solution between ... 37 and 44 days post-pip (mean temperature)"" (Methods p. 564), median 40.5. Sampling was therefore ~5-6 weeks post-hatch in hatchling turtles, far short of sexual maturity in Trachemys scripta elegans (several years), so criterion 1 (""before sexual maturity"") and the exclusion of treatments spanning into sexual maturity are both satisfied.

Minor, not reported as a finding: sex = ""both"" is an assumption - the paper never reports hatchling sex, and given temperature-dependent sex determination in this species these below-pivotal CTEs (26.9-28.0 C) would likely have produced predominantly males. ""both"" is acceptable as unknown/mixed but should not be read as a verified mixed-sex sample.","All 4 rows traced to Fig. 2C (p. 566), the bivariate mean+-s.e.m. plot for Experiment 3 (mean temperature). I digitised the panel programmatically (300 dpi render; y-axis ticks 56/55/54/53/52/51 at 88.4 px per unit, x-axis ticks 5.35/5.6/5.85/6.1 at 153.7 px per 0.25 unit) and read the centre and half-length of every error bar.

TAC (y-axis, horizontal error-bar rows give the mean): Low 26.5 = 55.20, Medium 27.1 = 52.76, High 27.7 = 52.34. Sheet: merged_329 mean_t1 55.206, merged_328 mean_t1 52.361, mean_t2 52.769. All match.
TAC s.e.m. (vertical error-bar half-heights): High 1.01, Medium ~0.50, Low 0.50. Sheet se: 0.986, 0.476, 0.488. All match (the unusually large High-group TAC error bar is real and visible in the panel, so sd_t1 = 8.60 for merged_328 is not an outlier error).
Oxidative damage (x-axis, vertical error-bar columns give the mean): Low 5.794, Medium 5.644, High 5.629. Sheet: merged_331 5.7748, mean_t2 5.6371, merged_330 5.6254. All match within digitising noise.
Damage s.e.m. (horizontal error-bar half-widths): Low 0.126, Medium 0.143, High 0.132. Sheet: 0.129, 0.141, 0.126. Match within digitising noise (the High/Low values are close enough that a possible swap would change sd by ~5%, below the reporting threshold).

Column-level checks all pass: tissue = liver (both assays were on liver, Methods p. 564); mito_preparation = homogenate (1:40 w:v homogenates for both CUPRAC and FOXO); measure_listed/descrp_measure correct (""long-term by-products of oxidative damage to lipids"" is the paper's own wording for lipid hydroperoxides, p. 564); measurement_methods correct (CUPRAC; FOXO, Hermes-Lima et al. 1995); units consistent with the paper's umol l-1 Trolox equiv mg-1 ww and nmol CHE mg-1 ww; measurement_category antioxidant (TAC) / oxidative damage (lipid hydroperoxides) correct; mito_efficiency_dir = 1 for TAC and 0 for lipid hydroperoxides, both correct; antioxidant_category ""general"" and oxidative_damage_category ""lipids"" appropriate; dose = t1 - t2 (+0.6, -0.6) internally consistent; ref = figure2c correct; type = raw correct.

Not traced / not extracted: Experiment 1 (constant 29.5 C vs fluctuating 28.7+-3 C, Fig. 2A, Table 1) and Experiment 2 (fluctuation frequency 12/24/48 h, all CTE 29.4 C, Fig. 2B) contribute no rows. Excluding them is defensible - Exp. 1 manipulates thermal variance at a near-identical CTE (29.4 vs 29.5) and Exp. 2 holds mean and CTE constant across groups, and Fig. 2B reports medians rather than means - so I am not treating the omission as a defect.

AUTOMATED FLAGS - both DISMISSED as false alarms. The two [SHARED CONTROL] flags are correct descriptions of the design but are not errors: Experiment 3 has three mean-temperature groups (26.5/27.1/27.7 C) and the extractor sensibly used the intermediate 27.1 C group as the single reference for both the warming (27.7) and cooling (26.5) contrasts. The paper genuinely has one medium group (n=78) that is re-compared, and the sheet already declares this with control_multiple_comparisons = ""yes"" and sample_depend = 1/2. (Note for the downstream model: because the medium group is shared by all four rows, sample_depend = 1 vs 2 only groups rows by treatment arm; all four rows are correlated through the common control, which control_multiple_comparisons flags.)"
s98,True,3,"PDF is Walter I, Seebacher F (2007) ""Molecular mechanisms underlying the development of endothermy in birds (Gallus gallus): a new role of PGC-1alpha?"" Am J Physiol Regul Integr Comp Physiol 293: R2315-R2322, doi:10.1152/ajpregu.00505.2007 (pp. R2315-R2322, 8 PDF pages). This matches the sheet metadata exactly: citation Walter_and_Seebacher_2007, author ""Walter"", year 2007, class Aves, genus/species Gallus gallus. (The manifest's paper_title_hint field says ""Walter_et_al_2007"" but the paper has only two authors - a harmless label inconsistency, not a mismatch of study.) Species/common name: eggs were commercial fertilized chicken eggs from Baiada Poultry; the paper does not literally say ""broiler"", but this is a commercial meat-line supplier so ""broiler chicken"" is reasonable.","SEM (standard error of the mean), stated explicitly in every relevant caption: Fig 2, p. R2317 - ""Relative mRNA expression (means +/- SE)""; Fig 3, p. R2318 - ""Hepatic metabolic capacity parameters (means +/- SE) ... The enzyme activities (units gram wet tissue^-1; means +/- SE) of COX (C) and citrate synthase (CS; D)""; Fig 4, p. R2318 - ""Mean +/- SE CS activity""; Fig 5, p. R2319 - ""Relative mRNA expression (means +/- SE)""; Fig 6, p. R2319 - ""Metabolic capacity parameters in skeletal muscle (means +/- SE) ... The enzyme activities (units gram wet tissue^-1; means +/- SE)"". No SD, CI or range is reported anywhere. The sheet handles this correctly: the digitised error bar is stored in se_* and sd_* = se_* x sqrt(6) for all 48 group entries (checked arithmetically - 0 violations, and no row has sd == se). Spot examples: merged_332 se_t1 0.366795 x sqrt(6) = 0.898461 = sd_t1; merged_340 se_t2 10.4701 x sqrt(6) = 25.6464 = sd_t2. I also confirmed the stored se_* values against the plotted bar half-lengths at 500 dpi in every panel (e.g. Fig 3C +4 days, 38 C: point 72.4 with bar spanning ~61.5-83, i.e. SE ~10.5, sheet se_t2 = 10.47; Fig 5B +4 days, 38 C: bar top ~37 above a mean of 22.4, i.e. SE ~14.6, sheet se_t2 = 14.88). No un-converted SEM anywhere in this study.","Methods, Animals, p. R2316: ""Samples of both groups (n = 6/time point) were collected during incubation on embryonic days 15, 18, and 20 and on days 4 and 8 after hatching""; Gene expression section: ""Adult chicken samples (n = 6) were used as control""; ""Six adult chickens (452 days old) were obtained separately from a local supplier as a control"". So n = 6 per incubation treatment per time point. The sheet has n_t1 = n_t2 = 6 on all 24 rows - correct. This is corroborated by the reported error df: enzyme analyses give F4,50 / F1,50 (2 treatments x 5 stages x 6 = 60 subjects, minus 10 cells = 50), and gene expression F4,59 / F1,59 (60 samples). Because animals were killed at each sampling (cervical translocation), the +4 and +8 day groups are independent sets of six birds, so there is no control reuse between the two time points; the sheet's sample_depend coding (1 for every +4 row, 2 for every +8 row) correctly flags that the twelve rows within a time point come from the same six treatment and six control birds. control_multiple_comparisons = ""no"" is right - there is a single treatment group per time point, not a shared control split across doses.","Two constant incubation temperatures (Methods, p. R2316): ""Eggs were incubated either at a constant temperature of 38 degrees C (normothermic group) or at 35 degrees C (hypothermic group)."" 38 C is the biologically appropriate control/reference - it is the paper's own ""normothermic"" designation and the standard commercial incubation temperature - and 35 C is the cold treatment. The sheet assigns t1 = 35 (treatment) and t2 = 38 (control) on all 24 rows, with dose = -3 C, units.1 = celsius. That is the correct orientation under the sheet convention, and it matches the extractor note. Verified that mean_t1 always corresponds to the white bar/open circle (35 C) and mean_t2 to the black bar/filled circle (38 C) in every panel. There is no third temperature. The adult birds (Figs 3C/D and 6C/D black diamonds) are a separate developmental reference used for the ""relative to adult levels"" normalisation and for the REST comparisons; they are correctly NOT used as the temperature control in any row.","Temperature is the only developmental manipulation - there is no UV, hypoxia, diet, CORT, salinity or drug/supplement factor crossed with it, and no animal received a second developmental treatment. After hatching both groups went into the same enclosure at a constant 25 C on a 12:12 light-dark cycle with heat lamps and ad libitum water and commercial chicken starter feed (Methods, p. R2316), i.e. a common garden identical for both groups, so the post-hatch measurements at +4 and +8 days are not confounded by a second manipulation.

The one second factor present is an ACUTE ASSAY temperature, and it affects the 8 enzyme-activity rows only: ""Assays for COX and citrate synthase (CS) were determined in duplicate at 35 degrees C and 40 degrees C"" and assay temperature was entered as the repeated measure in the RM-ANOVA (Methods, p. R2316). Figs 3C/3D and 6C/6D, however, plot only one point per incubation group per age and neither caption says which assay temperature (or whether the two were pooled) - I confirmed at 500 dpi that there is a single series per treatment, not two. So merged_340-343 (liver COX and CS activity) and merged_352-355 (muscle COX and CS activity) come from a figure that collapses this second factor, and it cannot be verified that they are the baseline level. This is reported as a low-severity provenance finding; it does not change any mean, SE or n. The 16 mRNA rows are unaffected (qPCR has no acute assay-temperature factor).","Yes - the animals were far from sexual maturity throughout, and the prenatal/postnatal coding is right. The temperature manipulation was applied to eggs from the start of artificial incubation until hatching (normothermic internal piping day 19/20 and hatching day 20/21; hypothermic piping day 22/23 and hatching day 23/24, Methods p. R2316), i.e. entirely prenatal/embryonic, and it stopped at hatching when both groups were moved to a common 25 C brooder. The measured chicks were 4 and 8 days post-hatch - domestic fowl reach sexual maturity at roughly 5 months (the paper's own adult reference birds were 452 days old) - so the treatment neither spanned into sexual maturity nor did measurement occur after it.

Sheet coding is consistent with this: stage = ""prenatal"", prenatal_trt_start = 0, prenatal_trt_end = 22.5, prenatal_dur = 22.5 days, total_trt_duration = 22.5 days, all postnatal_trt_* blank, and prenatal_measure_delay = 4 or 8 days (postnatal_measure_delay blank, measure_delay_units = days). Two small, documented approximations, neither of which affects an effect size and neither of which I am reporting as a finding: (i) prenatal_trt_start = 0 assumes the eggs entered incubation at laying - the paper only says fertilized eggs were obtained from a local supplier, as the extractor note states; (ii) treatment duration actually differed between groups by design (hatching day 20/21 in the 38 C group vs day 23/24 in the 35 C group), so a single 22.5-day value is a compromise for two different durations - the midpoint of 20.5 and 23.5 days is 22.0 rather than 22.5, a 0.5-day rounding. sex = ""both"" is an assumption; the paper never reports the sex of the chicks, so it cannot be verified either way.","All 24 rows traced to a specific panel and both time points, and all 24 mean/SE/n values verified against the plotted values. Mapping (all 35 C = white bars/open circles = t1; 38 C = black bars/filled circles = t2; the two rows per panel are the +4 and +8 day post-hatch positions on the x-axis):
- merged_332/333 -> Fig 2A (p. R2317), liver PGC-1a mRNA. +4: 1.15 vs 1.85 (sheet 1.120 / 1.834); +8: 1.10 vs 1.87 (sheet 1.100 / 1.873). SE bars ~0.37/0.41 and ~0.21/0.44 match se columns.
- merged_334/335 -> Fig 2B, liver PPARg mRNA. +4: 13.0 vs 4.6 (sheet 12.97 / 4.65, SE 2.32/1.05); +8: 21.7 vs 18.8 (sheet 21.58 / 18.89, SE 8.47/4.50). All match.
- merged_336/337 -> Fig 3A (p. R2318), liver Atp5b mRNA. +4: 1.43 vs 1.60 (sheet 1.455/1.621); +8: 0.85 vs 2.10 (sheet 0.848/2.106). SEs match.
- merged_338/339 -> Fig 3B, liver COX1 mRNA. +4: 0.85 vs 0.66; +8: 1.38 vs 1.04. Matches sheet.
- merged_340/341 -> Fig 3C, liver COX activity (units g wet tissue^-1). +4: 47.5 vs 72.4 (sheet 47.37/72.5, SE 7.63/10.47); +8: 54.8 vs 65.8 (sheet 54.70/65.77, SE 8.38/4.64). All match.
- merged_342/343 -> Fig 3D, liver CS activity. +4: 10.9 vs 7.2 (sheet 10.94/7.10, SE 1.39/1.05); +8: 13.7 vs 10.9 (sheet 13.68/10.89, SE 1.61/1.13). All match.
- merged_344/345 -> Fig 5A (p. R2319), muscle PGC-1a mRNA. +4: 1.02 vs 1.72; +8: 0.53 vs 0.90. Matches.
- merged_346/347 -> Fig 5B, muscle PPARg mRNA. +4: 17.9 vs 22.4 (SE ~5.9/14.6 - the very large 38 C SE, se_t2 = 14.88, is genuinely what is plotted, bar to ~37); +8: 13.7 vs 13.4. Matches.
- merged_348/349 -> Fig 6A, muscle Atp5b mRNA. +4: 1.13 vs 1.70; +8: 0.68 vs 5.45 (sheet 0.678/5.496). Matches, including the large +8 normothermic value.
- merged_350/351 -> Fig 6B, muscle COX1 mRNA. +4: 0.84 vs 0.75; +8: 0.79 vs 1.01. Matches.
- merged_352/353 -> Fig 6C, muscle COX activity. +4: 13.6 vs 10.3; +8: 16.5 vs 26.1. Matches.
- merged_354/355 -> Fig 6D, muscle CS activity. +4: 17.1 vs 15.4; +8: 18.3 vs 25.8. Matches.
Directions also cross-checked against the Results text: liver COX activity lower at 35 C (F1,50=4.40, P<0.05), liver CS activity greater at 35 C (F4,50=4.04, P<0.007), liver Atp5b lower at 35 C at +8 (F1,59=10.76), liver PPARg higher at 35 C between -1 and +4 (P<0.02), muscle Atp5b higher in normothermic at +8 (F4,59=6.88) - every sheet t1/t2 pair has the sign the text states. No t1/t2 swap anywhere.
Descriptive fields all check out: descrp_measure correctly identifies Atp5b as the nuclear-encoded F1 beta-subunit and COX as the mitochondrially encoded subunit 1 (Table 1, p. R2317); units ""units/g"" matches ""units gram wet tissue^-1"" (Fig 3/6 captions); measurement_methods ""references Seebacher et al. (2003)"" is correct - Methods p. R2316 says ""Enzyme activities were determined according to published protocols (51)"" and ref 51 is Seebacher, Guderley, Elsey & Trosclair, J Exp Biol 206:1193, 2003. Tissue ""skeletal muscle"" matches the figure axis labels; Methods says the muscle collected was m. pectoralis (breast), as the extractor note already records.
AUTOMATED FLAGS: none were raised for this study, so there was nothing to confirm or dismiss.
NOT EXTRACTED (deliberate-looking, judged defensible, so not reported as a finding): the paper also gives 35 vs 38 C comparisons at three prenatal time points (days -6, -3, -1 before hatching) in all eight panels, i.e. ~36 further effect sizes. Only the two post-hatch time points were taken. Restricting to post-hatch is defensible because at the prenatal points the two groups are matched on days-before-hatching rather than chronological age (hypothermic embryos were sampled on embryonic days 21 and 23 to match the faster normothermic embryos, Methods p. R2316 and Fig 1), so absolute age is confounded with treatment there, and because after hatching both groups sat in a common 25 C environment. Worth recording as an explicit extraction rule in the notes, since the sheet does not say why they were skipped."
s99,True,3,"PDF is Wen B, Zhang N, Jin S-R, Chen Z-Z, Gao J-Z, Liu Y, Liu H-P, Xu Z (2018) ""Microplastics have a more profound impact than elevated temperatures on the predatory performance, digestion and energy metabolism of an Amazonian cichlid"", Aquatic Toxicology 195: 67-76 (doi 10.1016/j.aquatox.2017.12.010). This matches the sheet metadata exactly: author Wen, year 2018, Actinopterygii, Symphysodon aequifasciatus, discus fish. Note the same lab's companion paper Wen et al. 2017 is a separate study in the same sheet (s23, 20/24 vs 28 degC), and the two must not be conflated - s99 is the 28 vs 31 degC x microplastic paper.","The paper NEVER states what the error bars are. I grepped the full text: there is no ""mean +/- SD"", no ""SEM"", no ""standard deviation/error"" statement anywhere; Methods 2.9 (p.4) describes only Kolmogorov-Smirnov, Levene, two-way ANOVA and Bonferroni; the legends of Figs 1-6 explain only the letter codes. The only ""+/-"" in the paper is the husbandry water temperature (28.0 +/- 1.0 degC, p.3). The extractor's note says the authors confirmed by email that the bars are SD, and I can corroborate that independently: reconstructing the 2x2 ANOVA from the digitised cell means with the plotted bars treated as SDs and n = 3 reproduces Table 1 almost exactly for ALP (predicted F_T 979 / F_MP 96.9 / F_int 3.51 vs reported 924.654 / 91.655 / 3.248), ETS (0.162 / 1.42 / 2.95 vs 0.151 / 1.451 / 2.893) and CS (17.3 / 9.6 / 3.6 vs 13.937 / 7.448 / 2.911). If the bars were SEM the implied MSE would be 3x too large and these F values would be ~3x too small. So sd_* is correctly holding an SD (sd = se*sqrt(n) convention is internally consistent in the sheet, se_* = sd_*/sqrt(60)) - EXCEPT that the sqrt(n) used was 60 (finding 1), and except for LDH, where the plotted bars cannot be SDs, SEMs or CIs consistent with Table 1 (finding 3).","The paper never prints an ""n ="" for the enzyme assays. Methods 2.3 (p.3) states: ""a total of 240 full-sibling juvenile S. aequifasciatus individuals were randomly distributed among 50-L tanks (20 fish per tank, three tanks per treatment)"". The extractor read 20 x 3 = 60 fish per treatment and entered n_t1 = n_t2 = 60. The unit of replication in the analysis is the tank/sample, n = 3 per treatment cell, not 60: every p value in Table 1 (p.4) is exactly the F(1,8) tail probability (SR F=0.036 p=0.855 -> 0.8542; PEPP F=9.389 p=0.015 -> 0.0155; trypsin int F=2.846 p=0.130 -> 0.1301; amylase T F=24.180 p=0.001 -> 0.0012; ALP int F=3.248 p=0.109 -> 0.1092; ETS T F=0.151 p=0.708 -> 0.7077; ETS MP F=1.451 p=0.263 -> 0.2628; LDH T F=1.883 p=0.207 -> 0.2072; LDH int F=8.612 p=0.019 -> 0.0189; CS T F=13.937 p=0.006 -> 0.0058; CS MP F=7.448 p=0.026 -> 0.0259; COX MP F=7.688 p=0.024 -> 0.0242; COX int F=0.755 p=0.410 -> 0.4102). Fitting error df across 14 of these p values, df2 = 8 is a near-exact fit (summed absolute p error 0.004) and every other df is much worse (df2 = 9 -> 0.037, df2 = 236 -> 0.303). Error df = 8 in a 2x2 design means 3 replicates per cell. Independent confirmation: with n = 3 the ALP temperature F reconstructs as 979 (reported 925); with n = 60 it would be ~19,600. The same lab's companion study in this same sheet (s23, Wen et al. 2017) was coded n = 3. So n_t1 and n_t2 do NOT match the paper.","Two temperatures: ambient/control 28 degC and elevated 31 degC (+3 degC, the IPCC near-future projection; Methods 2.3, p.3). 28 degC is unambiguously the correct reference: broodstock and larvae were held at 28.0 +/- 1.0 degC (Methods 2.2) and the paper cites Pirhonen et al. (2014) that juvenile S. aequifasciatus grow optimally at 28-29 degC. The sheet assigns t1 = 31 (treatment) and t2 = 28 (control) with dose = 3 degC, which is correct for all 5 rows.","Yes - a full 2 x 2 crossing of temperature (28 vs 31 degC) with microplastics (0 vs 200 ug/L polyethylene microspheres, 70-88 um; Methods 2.1, 2.3). All 5 sheet rows were taken from the dark bars, i.e. the 0 ug/L (microplastic-free) baseline level of the second factor, in both the 28 and 31 degC groups. I verified this bar-by-bar against Figs 5D and 6A-D: the light (200 ug/L) bars are 453/202 for ALP, 6.29/5.03 for ETS, ~135.5/~124.5 for LDH, 5.95/5.18 for CS and ~39/~30 for COX, none of which appear in the sheet. So criterion 4 is satisfied and no row comes from a non-baseline level. There is no drug/supplement co-treatment, and microplastic-free animals exist, so criterion 3 is not triggered.","Correct. Fish were full-sibling juveniles (0+ group) moved to experimental tanks at one week post-hatch and the exposure began one week later, i.e. at 14 days post-hatch, and ran 30 days to day 44 (Methods 2.3: ""At one week post-hatch, which was one week before the beginning of the experiment...""; ""After 30 days of experimental exposure, fish survival and individual body lengths were determined, after which fish were sacrificed""). The sheet's post_natal_trt_start = 14, postnatal_trt_end = 44, dur_trt_postnatal = 30 days and total_trt_duration = 30 days are therefore right, as is postnatal_measure_delay = 0 (tissues were taken immediately at the end of exposure). Prenatal fields are empty, correct for a post-hatch exposure, and stage = ""postnatal"" is correct. Symphysodon aequifasciatus reaches sexual maturity at roughly 12-18 months (the sheet's own note for the companion study s23), so 14-44 days post-hatch is entirely pre-sexual-maturity and the treatment does not span into maturity. sex = ""both"" is a reasonable default since the paper does not sex the juveniles.","All 5 rows traced to a specific panel, and all 5 means/SDs are correct digitisations of the 0 ug/L (dark, microplastic-free) bars.
- merged_356 CS -> Fig 6C (p.73): 31 degC dark bar ~3.5 (sheet 3.491, SD 0.814); 28 degC dark bar ~5.55 (sheet 5.542, SD 0.172). Correct panel, correct bars, units U/mg protein OK.
- merged_357 COX -> Fig 6D (p.73): 31 degC ~22.3 (sheet 22.269, SD 3.808); 28 degC ~24.8 (sheet 24.808, SD 4.5). Correct.
- merged_358 ETS -> Fig 6A (p.73): 31 degC ~5.53 with error bar reaching ~6.65 (sheet 5.534, SD 1.121); 28 degC ~3.50 with error bar reaching ~4.9 (sheet 3.503, SD 1.401). The SDs are NOT swapped (I checked specifically: the 28 degC bar has the longer error bar). Axis label is ""ETS activity (J/mg sample)"", sheet units ""J/mg"" - fine.
- merged_359 LDH -> Fig 6B (p.73): 31 degC ~136 (sheet 136.02, SD 4.90); 28 degC ~93 (sheet 93.13, SD 2.76). Correct panel/bars, but see finding 3.
- merged_360 ALP -> Fig 5D (p.72): 31 degC ~270 (sheet 267.5, SD 11.0); 28 degC ~553 (sheet 552.7, SD 22.0). Correct panel/bars, but see finding 2 (wrong category - ALP is one of the paper's four DIGESTIVE enzymes, Methods 2.7 and Fig. 5 legend ""Digestive enzymes activities"").
Other coding checked and judged correct: t1=31 treatment / t2=28 control; dose 3 degC; tissue homogenate of body tissue (Methods 2.7/2.8; the head was separated and used only for AChE, so ""whole body"" is a mild simplification, not an error); postnatal stage, start 14 / end 44 days, duration 30 days, measure delay 0 (see developmental_timing); mito_efficiency_dir = 1 for CS/COX/ETS and 0 for LDH (defensible - LDH is anaerobic); measurement_category ""metabolic capacity"" for CS/COX (per the project rule) and ""non-mitochondrial metabolic pathways"" for LDH (per the project rule); sample_depend = 1 (all 5 measures on the same animals) and control_multiple_comparisons = ""no"" (correct - there is only one treatment temperature, so the shared 28 degC/0 ug/L control is shared across MEASURES, not across multiple treatment levels).
AUTOMATED FLAGS - both verified against the paper, neither dismissed:
- [merged_359] ""EXTREME effect SMDH~10.8"": CONFIRMED as a genuine problem, but not a panel/unit error. The panel, bars and units are right; the problem is that Fig 6B's error bars cannot be reconciled with the paper's own Table 1 LDH row (finding 3), and the n is wrong (finding 1).
- [merged_360] ""EXTREME effect SMDH~-16.4"": the NUMBERS are right and the paper's own statistics support a ~2-fold ALP drop at 31 degC (Table 1 ALP temperature F = 924.654, p < 0.001; I reconstruct F_T = 979 from Fig 5D means + SD bars at n=3). So this is not a value error - it is a wrong-category/inclusion problem (finding 2): a 2-fold drop in a digestive ectoenzyme is being fed into the analysis as a mitochondrial ""metabolic capacity"" effect.
Also checked: the master sheet (data/mito_meta_data_merged_03072025.xlsx, sheet ""data"") has exclude_missing_info = 0 for all 5 s99 rows, and R/1_data_process.R line 189 documents 0 = exclude, so the pipeline currently drops this study, consistent with the extractor's note. That is worth revisiting because the sample-size uncertainty that triggered the exclusion is resolvable from Table 1 (finding 1)."
