study,severity,category,verification,rows_affected,claim,paper_evidence,sheet_value,recommended_fix,main_session_check,agent_verifier_verdict,verifier_reasoning,corrected_claim,found_by
N13,critical,duplicate,confirmed,merged_434; merged_435; merged_436,"The three ""volumetric density of mitochondria per cytoplasm"" rows contain the values from the adjacent Table 2 row ""mitochondrial cristae per cytoplasm"", making them exact duplicates of merged_428-430 and giving three wrong effect sizes (two of which flip from a real decrease to a null difference).","Table 2, p. 572 (column order 7-d 20°C, 7-d 33°C, 14-d 20°C, 14-d 33°C, 30-d 20°C, 30-d 33°C; footnote ""Data are the mean±SD from three animals in each group"", n=3). Row ""Volumetric density of mitochondria per cytoplasm (%)"": 45±9, 40±12, 51±7, 46±4, 44±3, 60±2***. Row ""Mitochondrial cristae per cytoplasm (µm2/µm3)"": 12±3, 12±4, 15±5, 15±7, 14±3, 25±2***. Confirmed against Results p. 573/577: 33°C animals had ""a relatively larger cytoplasmic volumetric density of mitochondria (60%) compared to control brown adipocytes (44%)"" and ""the control brown adipocytes had a mitochondrial cristae area per cytoplasm of 14 µm2/µm3"". The pasted measurement_methods footnote text in merged_428-430 (""Multipurpose test system M168 (for mitochondrial volume; volumetric density of mitochondria per cytoplasm)"") shows the two Table 2 rows were conflated.","merged_434: mean_t1 12, sd_t1 4, mean_t2 12, sd_t2 3 (units ""percent""); merged_435: 15/7 vs 15/5; merged_436: 25/2 vs 14/3 — identical to merged_428 (12/4 vs 12/3), merged_429 (15/7 vs 15/5) and merged_430 (25/2 vs 14/3), which are the correct cristae-per-cytoplasm values.","Replace with the Table 2 volumetric-density row: merged_434 mean_t1 40, sd_t1 12, mean_t2 45, sd_t2 9; merged_435 mean_t1 46, sd_t1 4, mean_t2 51, sd_t2 7; merged_436 mean_t1 60, sd_t1 2, mean_t2 44, sd_t2 3 (n=3 throughout, units %). Recompute se as sd/sqrt(3) (e.g. merged_434 se_t1 6.928, se_t2 5.196; merged_435 se_t1 2.309, se_t2 4.041; merged_436 se_t1 1.155, se_t2 1.732).",,CONFIRMED,"Verified independently from Table 2, p. 572 (column order: 7-d 20degC, 7-d 33degC, 14-d 20degC, 14-d 33degC, 30-d 20degC, 30-d 33degC; footnote 'Data are the mean+/-SD from three animals in each group'). Row 'Volumetric density of mitochondria per cytoplasm (%)' reads 45+/-9 | 40+/-12 | 51+/-7 | 46+/-4 | 44+/-3 | 60+/-2***. Row 'Mitochondrial cristae per cytoplasm (um2/um3)' reads 12+/-3 | 12+/-4 | 15+/-5 | 15+/-7 | 14+/-3 | 25+/-2***. The sheet's merged_434 (12/4 vs 12/3), merged_435 (15/7 vs 15/5) and merged_436 (25/2 vs 14/3) are byte-identical to merged_428/429/430, i.e. they carry the cristae-per-cytoplasm row, not the volumetric-density row. Two independent internal corroborations: (i) Results p. 573 states the 33degC adipocytes had 'a relatively larger cytoplasmic volumetric density of mitochondria (60%) compared to control brown adipocytes (44%)', matching 60+/-2 vs 44+/-3, not 25 vs 14; (ii) the sheet's own `units` field for merged_434-436 says 'percent' while the values carried are the um2/um3 cristae numbers - an internal unit/value contradiction that only the mis-paste explains. Consequence: the cristae-per-cytoplasm effect is double-counted (6 rows for 3 measurements, inflating its weight and its within-study correlation), and the three volumetric-density effect sizes are wrong: lnRR should be ln(40/45)=-0.118, ln(46/51)=-0.103, ln(60/44)=+0.310, whereas the sheet currently yields 0, 0 and +0.580. The SDs are wrong too, so sampling variances are wrong. This also explains two of the five autoflags (merged_434/435 mean_t1==mean_t2) as genuine bugs, while the same flag on merged_428/429 is a false alarm (12 vs 12 and 15 vs 15 are the real Table 2 values).",,first-pass
N17,critical,wrong-units,confirmed,merged_437; merged_438; merged_439; merged_440,"The muscle state 3 and state 4 respiration means and SEs were digitised from Fig. 3A and 3B as if the y-axes were linear, but both panels are log10 axes, so the recorded numbers are axis positions rather than respiration rates and are wrong by roughly an order of magnitude with badly distorted between-group ratios.","Fig. 3, p. 737. Panel A (state 3) has a log10 y-axis labelled 1, 0.1, 0.01, 0.001 (three decades); panel B (state 4) has a log10 y-axis labelled 0.1, 0.01, 0.001 (two decades); panel C (RCR) is linear (2-12). At the 22 degC test-temperature column the plotted state 3 points are approximately 0.053 (14 degC-accl, filled down triangle), 0.0092 (17 degC-accl, open circle) and 0.025 (22 degC-accl, filled up triangle) umol O2/min/mg protein, and the state 4 points are approximately 0.009, 0.0022 and 0.0027. Error statistic is SEM (p. 736), n = 15 per Fig. 3 caption.","state 3: 0.5649 (14 degC), 0.3237 (17 degC), 0.4742 (22 degC), with se 0.1175 / 0.0499 / 0.0486 and sd 0.4549 / 0.1932 / 0.1881. state 4: 0.04795, 0.01801, 0.02270, with se 0.01475 / 0.00714 / 0.00422. Two independent proofs that these are log-axis positions, not values: (1) back-transforming each sheet value through its panel's log scale, value = 10^(-3 + 3*pos) for panel A and 10^(-3 + 2*(pos-0.001)/0.099) for panel B, returns 0.0494 / 0.0093 / 0.0264 for state 3 and 0.00888 / 0.00221 / 0.00274 for state 4 - i.e. exactly the plotted points; (2) the sheet's own state3/state4 ratios are 11.8, 18.0 and 20.9, which are impossible against the RCR the paper plots in Fig. 3C and the sheet itself records (6.11, 4.30, 9.63), whereas the back-transformed values give 5.6, 4.2 and 9.6 - matching, with the 22 degC control reproducing 9.61 vs 9.63.","Re-digitise Fig. 3A and Fig. 3B in metaDigitise with the y-axis declared as log10 (or convert the stored positions analytically). Corrected means at the 22 degC test temperature: state 3 = 0.0494 (14 degC), 0.0093 (17 degC), 0.0264 (22 degC control) umol O2/min/mg protein; state 4 = 0.0089, 0.0022, 0.0027. SEs must be re-digitised on the log axis rather than back-transformed, because the stored bar half-widths are symmetric in axis-position space and back-transform to asymmetric, over-wide intervals in real units. Leave merged_441/442 (RCR, linear panel C) unchanged.",CONFIRMED: PDF Fig 3 p737: log10 y-axes; sheet state3 0.565/0.324/0.474 = linear read of log positions (plotted ~0.05/0.009/0.025),NOT_VERIFIED,,,first-pass
N5,critical,wrong-group,confirmed,merged_421,"The treatment and control groups are swapped: the 23 degrees C Control group was entered in the t1 (treatment) slot and the 14 degrees C Cold group in the t2 (control) slot, which inverts the sign of the effect size.","Methods p. 452: ""The pregnant dam was housed at ambient temperature (Ta) of ~23 degrees C... At day 1, the litter was assigned to one of two groups; Control litters continued to grow at the same ambient conditions, whereas the Cold litters were raised at 14 degrees C from day 1 to 21."" Table 1, p. 454 (columns are Control then Cold): ""UCP/wet tissue (% of Control) 100 +/- 8 | 161 +/- 6 | P<0.001"", means +/- 1 SEM, N=20 per group. Abstract and Results 3.2: ""In Cold rats... the UCP (Table 1) were substantially above the Control values"" - i.e. cold rearing INCREASED UCP.","t1 = 23, mean_t1 = 100, se_t1 = 8, sd_t1 = 17.889, n_t1 = 5; t2 = 14, mean_t2 = 161, se_t2 = 6, sd_t2 = 13.416, n_t2 = 5. So the treatment slot holds the 23 degrees C control values and the control slot holds the 14 degrees C cold-treated values.","Swap the two groups: t1 = 14, mean_t1 = 161, se_t1 = 6, n_t1 = treatment n; t2 = 23, mean_t2 = 100, se_t2 = 8, n_t2 = control n (keep dose = 9). With mito_efficiency_dir = 0 for UCP, the corrected row should yield a NEGATIVE (lower mitochondrial efficiency) effect of cold rearing; as currently entered it yields a positive one, so the row's contribution is exactly backwards.",,CONFIRMED,"Verified directly in the PDF. Methods p. 450-452: ""The pregnant dam was housed at ambient temperature (Ta) of ~23 C... At day 1, the litter was assigned to one of two groups; Control litters continued to grow at the same ambient conditions, whereas the Cold litters were raised at 14 C from day 1 to 21. The cold exposure was obtained by placing the litter, with the dam, in a standard fridge."" So 23 C = Control, 14 C = Cold treatment, unambiguously. Table 1 (p. 454) has columns Control then Cold: ""UCP/wet tissue (% of Control) 100+/-8 | 161+/-6 | <0.001"". The sheet holds mean_t1 = 100, se_t1 = 8, t1 = 23 (i.e. the Control column in the TREATMENT slot) and mean_t2 = 161, se_t2 = 6, t2 = 14 (the Cold column in the CONTROL slot). The mean_t1 = 100 value is itself decisive: the measure is expressed as ""% of Control"", so a mean of exactly 100 can only be the control group. Results 3.2 (p. 452) and the Abstract confirm the biological direction: ""In Cold rats, the BAT total proteins, and, specifically, the UCP (Table 1) were substantially above the Control values."" I also independently tested whether t1<t2 might be a sheet-wide convention rather than an error: across all 41 study files, t2 is consistently the repeated reference/control value and t1 the varying treatment, and cold-treatment-vs-warm-control rows are entered as t1<t2 in many studies (N17 14/22 and 17/22; WildNew6 10/20; s35 14/24; s39 -6/4; s44 15/28 and 20/28; s23 20/28; s53 20/30; s98 35/38; s59 literally 'high temperature'/'control'). N5 is the only file whose t2 is the treated group. Consequence, computed with the project's own effect size (R/1_data_process.R line 288 uses metafor escalc measure = ""SMDH"", then multiplies by -1 when mito_efficiency_dir == 0): as entered the row yields SMDH = -3.86, flipped to +3.86 by dir = 0, i.e. cold rearing appears to RAISE mitochondrial respiratory function; correctly entered it yields -1.93. The row's contribution is exactly sign-inverted.",,first-pass
Wild7,critical,wrong-n,confirmed,merged_391; merged_392; merged_393; merged_394; merged_395; merged_396; merged_397; merged_398; merged_399; merged_400; merged_401; merged_402; merged_403; merged_404; merged_405; merged_406; merged_407; merged_408; merged_409; merged_410; merged_411; merged_412; merged_413; merged_414; merged_415; merged_416; merged_417; merged_418; merged_419; merged_420,"Every row uses n_t1 = n_t2 = 12, which is the number of fish ALLOCATED at the start of the incubation, not the number actually measured in this study; the paper's Table 1 gives per-group n of 3-6, and because sd was derived as se*sqrt(12) every SD in the sheet is also inflated.","Methods p.1111: fish were ""randomly allocated to temperature and PCO2 treatment groups (n = 12 for each group)"", but Sampling (p.1111) states ""Half of the fish present at the end of the incubation time were used in the study by Leo et al. (2017), the second half was used in this study... Mean length, weight and number of the specimens used this study are given in Table 1."" Table 1 (p.1111) n for the control (400 uatm) groups used here: polar cod 0 C n=6, 3 C n=6, 6 C n=6, 8 C n=5; NEAC 3 C n=3, 8 C n=3, 12 C n=6, 16 C n=3. The reported ANOVA dfs are consistent with these small samples and not with n=12 (e.g. NEAC CS and CCO:CS F3,16 -> N=24 over 8 cells; NEAC CCO F3,20; NEAC SDH F3,21; polar cod CCO F3,32). Error statistic is SEM throughout (Data analysis p.1112 and all figure captions).",n_t1 = 12 and n_t2 = 12 in all 30 rows; sd_x/se_x = 3.4641 = sqrt(12) in all 60 cells (e.g. merged_391 se_t1 0.31816 -> sd_t1 1.10216; merged_406 se_t2 0.24952 -> sd_t2 0.86438).,"Set n from Table 1: polar cod n_t2 = 6 for all of merged_391-405; n_t1 = 6 (3 C rows 391-395), 6 (6 C rows 396-400), 5 (8 C rows 401-405). NEAC n_t2 = 3 for all of merged_406-420; n_t1 = 3 (8 C rows 406-410), 6 (12 C rows 411-415), 3 (16 C rows 416-420). Then recompute every sd as se*sqrt(corrected n) (SDs fall by sqrt(12/n): 1.41x at n=6, 1.55x at n=5, 2.0x at n=3). Note the enzyme-specific ANOVA dfs imply even fewer usable samples for some enzymes, so consider sensitivity checks.",CONFIRMED: PDF Table 1 p1111: n = 3-6 per control group; sheet n = 12 for all rows,NOT_VERIFIED,,,first-pass
WildNew1,critical,wrong-temperature,confirmed,kris_n_460; kris_n_461; kris_n_462; kris_n_463,"For the SOD rows the treatment cell and the control cell were digitised at DIFFERENT acute test (assay) temperatures - the acute test temperature was matched to each group's acclimation temperature - so the effect size conflates the acclimation-temperature effect with the acute thermal sensitivity of the assay, inflating effects up to ~4-fold.","Fig. 7, p. 593: each panel is one cohort x acclimation temperature and the x-axis is acute test temperature (18/28/32 C), 2 UV levels per test temperature; 'Values are expressed as mean +/- SEM'; n = 6-8 per group (Methods, Antioxidant enzyme assays, p. 586). Control (no-UV) bars I measured: 7c (summer 32C acclim) = 1.01 / 2.10 / 8.09 at test 18/28/32; 7b (summer 28C acclim) = 0.68 / 1.40 / 3.12; 7a (summer 18C acclim) = 0.70 / 2.10 / 4.71; 7d (winter 18C) = 1.35 / 2.00 / 5.56; 7e (winter 28C) = 1.09 / 2.78 / 7.56; 7f (winter 32C) = 1.55 / 2.66 / 6.09. Table 7 (p. 592) gives a dominant main effect of test temperature on SOD (F = 149.1 summer, 129.7 winter, P = 0.001).","kris_n_461: mean_t1 = 8.0952 (= 7c control measured at 32 C test), mean_t2 = 1.36 (= 7b control measured at 28 C test) -> 5.95-fold 'acclimation' effect. A same-test-temperature contrast gives 8.09 vs 3.12 (2.6x) at 32 C or 2.10 vs 1.40 (1.5x) at 28 C. kris_n_460: 0.6803 (7a @18C test) vs 1.36 (7b @28C test). kris_n_462: 2.558 (7e @28C test) vs 1.3470 (7d @18C test). kris_n_463: 5.7415 (7f @32C test) vs 1.3470 (7d @18C test) - a 4.3x effect where the same-test-temperature values are 6.09 vs 5.56 (1.1x) at 32 C test.","Re-extract all SOD cells at a single common acute test temperature (28 C is the natural/reference temperature the authors emphasise), or extract the three test temperatures as separate rows with acute test temperature recorded as a moderator. Do not pair cells measured at different assay temperatures.",CONFIRMED: PDF Fig 7 p593: each group read at its own acclimation temp as assay temp (e.g. 18C accl @ test 18 = 0.7 vs 28C accl @ test 28 = 1.35); test temp F = 149,NOT_VERIFIED,,,first-pass
WildNew6,critical,wrong-group,confirmed,kris_n_514; kris_n_515; kris_n_516; kris_n_517; kris_n_518; kris_n_519; kris_n_520,"For all seven Figure 2 (axial-muscle LDH) rows the treatment and control groups are swapped: the flat control (20 degC) series has been entered as t1 (10 degC treatment) and the rising cold-acclimated (10 degC) series as t2 (control), which reverses the sign of every axial-muscle LDH effect size.","Fig. 2 (p. 734) legend: open diamond = 'Cold acclimated', filled square = 'Control'. Fig. 2 caption: 'LDH activity stays the same in both groups until approximately 3 weeks, when the activity of LDH in cold-acclimated tadpoles increases relative to the control group.' Results, p. 734: 'in cold-acclimated tadpoles the activity of LDH is 1.3 times greater than the control group at the endpoint of the experiment (Tukey's HSD, P<0.05). The two treatment groups are significantly different from one another from 21 days onwards.' Abstract: 'After 42 days, the activity of LDH in axial muscle in the cold-acclimated group was 30% greater than the control group'; Discussion p. 737: 'increases of 35% in axial muscle'. I pixel-measured Fig. 2 (y-axis 30 at row 2429, 65 at row 2037, 11.2 px per unit): the filled-square Control series is flat at 38.1, 39.6, 43.1, 40.4, 40.5, 40.3, 41.4 at 3/7/14/21/28/35/42 d, while the open-diamond Cold-acclimated series rises to 48.9 (28 d), 58.5 (35 d) and 56.5 (42 d). Error statistic is SEM, n = 8 per group per time (Methods p. 733).","mean_t1 (labelled 10 degC treatment) = 33.72, 35.44, 39.54, 36.32, 36.53, 36.26, 37.61 at 3/7/14/21/28/35/42 d, i.e. the FLAT series; mean_t2 (labelled 20 degC control) = 32.96, 33.44, 42.40, 43.46, 46.23, 57.57, 55.11, i.e. the RISING series. The within-row differences reproduce the figure's control-minus-cold differences (sheet t1-t2 = +0.76, +2.00, -2.86, -7.14, -9.70, -21.30, -17.50; figure square-minus-diamond = +0.9, +2.0, -2.7, -6.5, -9.1, -18.9, -16.0), confirming t1 = control and t2 = cold. As entered, the sheet says cold-acclimated LDH was 32% LOWER than control at 42 days, the opposite of the paper's conclusion.","Swap mean_t1/sd_t1/se_t1 with mean_t2/sd_t2/se_t2 on kris_n_514 through kris_n_520 (n is 8 in both groups, so n needs no change). While re-doing these rows, re-digitise Fig. 2: the current values for both series sit ~1-4 units below the plotted points (control 33.7 vs plotted 38.1 at 3 d; 37.6 vs 41.4 at 42 d), consistent with a y-axis calibration error, and the SEMs are correspondingly ~1 unit high. After the fix the 42-day contrast should read cold 56.5 vs control 41.4, i.e. cold ~1.35x control, matching the paper's stated 30-35% increase.","CONFIRMED: PDF Fig 2 p734: cold-acclimated rises to ~58 at 35 d, control flat ~40; sheet has treatment 36.3 vs control 57.6",NOT_VERIFIED,,,first-pass
WildNew8,critical,wrong-value,confirmed,kris_n_549; kris_n_550,"Every mean in both rows is roughly 2.25 U mg-1 protein lower than the corresponding point in Fig. 5A, the signature of a mis-set y-axis origin during digitising; the liver effect size is inflated by ~80% as a result.","Fig. 5A (p. 104; legend: means +/- S.E.M., N=21 for 4C and N=15 for 12C). Read at assay temperature 12 C off a 700 dpi render with axes calibrated from the detected tick marks: Muscle 4C = 10.5 (SEM ~0.75), Muscle 12C = 16.2 (SEM ~1.8), Liver 4C = 6.6 (SEM ~0.5), Liver 12C = 8.3 (SEM ~0.87). These reads are corroborated by the paper's own Table 5 (p. 103) combined with eqns 3-4 (umax = Vmax/(1+2*sqrt(KmPYR/KsiPYR))): muscle 12C pooled Vmax 22.64, Km 0.188, Ksi 3.20 -> umax = 15.25; liver 12C pooled 11.27, 0.056, 2.27 -> umax = 8.58; muscle 4C 6.87, 0.111, 1.64 -> umax = 4.52 (assay 4 C, figure reads ~4.85); liver 4C 5.15, 0.033, 1.23 -> umax = 3.88 (assay 4 C, figure reads ~3.55). Error statistic in Fig. 5 is S.E.M., N=21/15.","kris_n_550 (white muscle): mean_t1 8.4145, mean_t2 13.9451. kris_n_549 (liver): mean_t1 4.1602, mean_t2 6.2734. Regressing the four sheet means on the four figure values gives slope 1.005, intercept -2.25, residuals all <=0.22 (essentially a pure additive offset, not scatter). Equivalent assay temperature for the sheet's muscle pair is ~9.5 C, not the stated 12 C. Consequence: lnRR(4C vs 12C) for muscle is -0.505 in the sheet vs -0.434 from the figure (+16%); for liver it is -0.411 vs -0.229 (+79%).","Re-digitise Fig. 5A at assay 12 C after re-setting the y-axis calibration points (the panel's y=0 lies on the x-axis line), giving approximately muscle 10.5 vs 16.2 and liver 6.6 vs 8.3 U mg-1 protein. Better still, replace the digitised values with the exact tabulated numbers: Table 5 (p. 103) gives pooled Vmax +/- S.E.M. with N for each tissue x acclimation cell (muscle 6.87+/-0.59 vs 22.64+/-1.39; liver 5.15+/-0.40 vs 11.27+/-1.25; N=21/15), but note those are measured at each group's own acclimation temperature rather than at a common assay temperature, so record whichever convention the review adopts and apply it consistently.","CONFIRMED (PDF, 17 Sep 2026): Fig. 5A p104 at assay 12C: muscle 4C ~10.5, muscle 12C ~16, liver 4C ~6.5, liver 12C ~8.5; sheet 8.41, 13.95, 4.16, 6.27 - every value ~2.2 below the plotted point. Rows are LDH (currently excluded as non-mitochondrial).",NOT_VERIFIED,,,first-pass
s2,critical,wrong-group,confirmed,merged_1; merged_2; merged_7; merged_8; merged_13; merged_14; merged_19; merged_20,"For ROUTINE (Fig 1a) and OXPHOS (Fig 1b) the control cell was digitised from the 'unstable' (U) series (blue squares) instead of the 'low' 37.0 degrees C series (orange triangles), so eight rows compare the treatment against the wrong group.","Figure 1, p.4 (means +/- s.e.). Digitised from the legend colours: Fig 1a ROUTINE low = 30.9 (day 20) and 28.0 (day 60), unstable = 31.9 (day 20) and 31.4 (day 60); Fig 1b OXPHOS low = 27.1 (day 20) and 22.7 (day 60), unstable = 27.7 (day 20) and 25.4 (day 60). Panel significance letters and the Results text confirm the identification: 'At adulthood (Day 60), birds from the high temperature and unstable groups had higher ROUTINE than low temperature birds' (p.4) and for OXPHOS 'high ... followed by unstable and medium ... and finally by low temperature ones' (p.4) - i.e. low is the LOWEST day-60 point in both panels, not ~31.4 / ~25.4. Stated n: L=20, M=20, H=16, U=20 (p.4), so n_t2=20 does not discriminate the groups. The plotted error bars also match the unstable series (Fig 1a day-60 U half-width ~0.84 vs L ~0.70; Fig 1b day-20 U ~0.92 vs L ~1.33).","mean_t2/se_t2 = 31.899/1.0228 (day 20) and 31.444/0.8523 (day 60) for ROUTINE (merged_1, merged_13, merged_7, merged_19); 27.800/0.8769 (day 20) and 25.492/0.6923 (day 60) for OXPHOS (merged_2, merged_14, merged_8, merged_20), all coded as t2 = 37 degrees C with dose = 1.4 (high rows) or 0.7 (medium rows).","Re-digitise the orange 'low' series for Fig 1a and 1b and replace mean_t2/se_t2/sd_t2 in these eight rows: ROUTINE low ~30.9 (day 20) and ~28.0 (day 60); OXPHOS low ~27.1 (day 20) and ~22.7 (day 60), recomputing sd_t2 = se_t2*sqrt(20). This also flips the sign of the day-60 high-vs-low effect for ROUTINE and OXPHOS (currently negative, should be positive, as the paper reports). If any U-group contrast is wanted it must be entered as its own row with t1 = 37.7 unstable and flagged as a stability (not temperature) manipulation - note that as currently entered, merged_13/14/19/20 compare M (37.7 constant) against U (37.7 with recesses), i.e. a zero temperature difference, so dose = 0.7 is also wrong for those four rows.","CONFIRMED: PDF Fig 1a/b p4 + Methods: control cell matches unstable (blue) series, not low 37.0C (orange); ETS/LEAK rows use correct series",NOT_VERIFIED,,,first-pass
s40,critical,wrong-group,confirmed,merged_137; merged_138; merged_139; merged_140; merged_141,"All five treatment groups (mean_t1/sd_t1) were digitised from the 30 C bars of Fig. 3b/3c, but the sheet records t1 = 24 C with dose = 6 C, so every effect size is attached to the wrong temperature and to half the true thermal dose.","Fig. 3b/3c, p. 8 (shared left axis 0-300 for GST and SOD; right axis 0-10 for catalase in panel b; left axis 0-2.0 for PC and right axis 0-0.10 for MDA in panel c). Reading the 24 C vs 30 C bars: CAT 24 C ~4.3 nmol/min/mg vs 30 C ~2.38; GST 24 C ~158 vs 30 C ~123; SOD 24 C ~49 vs 30 C ~66; LPO/MDA 24 C ~0.034 nmol/mg vs 30 C ~0.049; PC 24 C ~0.45 relative units vs 30 C ~0.825. The SDs match 30 C too (sheet SOD sd_t1 20.56 implies an error-bar top of 86.5, matching the 30 C bar; sheet CAT sd_t1 1.826 implies a top of 4.20, matching the 30 C bar). The Results text independently pins the 24 C protein-carbonylation value: p. 7 and p. 10 report ""a significant decrease in relation to control levels at 24 C (2.2-fold)"", i.e. ~0.45 relative units, and that is the only starred PC bar in Fig. 3c. The PDF's own highlighting marks the x-axis labels ""18"" and ""30"" (not 24) in both Fig. 3b and Fig. 3c. Error statistic SD, n = 2 pooled samples per point (Fig. 3 caption).","t1 = 24, t2 = 18, dose = 6 celsius for all five rows. mean_t1 = 2.3785 (CAT), 122.35 (GST), 65.97 (SOD), 0.048650 (MDA), 0.82634 (PC) — all of which are the 30 C bars. The extractor note explains the 24 as ""used the average temperature exposure for 24 hours"", i.e. the midpoint of the 18-30 C ramp.","Set t1 = 30 and dose = 12 for merged_137 to merged_141, since the extracted means/SDs are the 30 C sampling point. Do not instead re-digitise the 24 C bars unless the intention is genuinely to use the 24 C level, in which case all five mean_t1/sd_t1 values must be replaced (CAT ~4.3, GST ~158, SOD ~49, MDA ~0.034, PC ~0.45 with its own SD). Using the ramp midpoint as the nominal temperature while taking the endpoint's data must not be carried forward, because 24 C is a real, separately plotted level with different values.","CONFIRMED (PDF, 17 Sep 2026): Fig. 3b/3c p8: sheet treatment values (GST 122.3, SOD 66.0, CAT 2.38, LPO 0.049, PC 0.83) match the 30C bars; the 24C bars are GST ~158, SOD ~50, CAT ~4.3, LPO ~0.034, PC ~0.45.",NOT_VERIFIED,,,first-pass
s42,critical,inclusion-criteria,confirmed,merged_158,"Developmental temperature was never experimentally manipulated or assigned in this study: all pups experienced an identical ambient thermal regime and the compared groups are post hoc behavioural categories, so the row does not meet inclusion criterion 1 and has no experimental control group (criterion 2).","Methods 2.2.2 (p. 190): all nine litters were placed in one cold room ""with the temperature set at 25 degrees C""; Methods 2.2.3 (p. 191): ""the temperature of the cold room was decreased by 1 degrees C at 19:30 h each day"" for every litter; Discussion (p. 193): ""pups in all three positions were exposed to a 1-degree room temperature reduction each day"". Groups were defined after the fact from video scoring of huddling position (Methods 2.3.1, p. 191: huddle index from 140 frames per pup used ""to determine for each litter the most central pup (C) ... the most peripheral pup (P) ... and an intermediate pup (I) (n = 9 pups per category)""). Pups self-selected positions by competition, and position is driven by birth mass (Fig. 1b, p. 192: C significantly heavier than P, Friedman chi2 = 14.22, p < 0.0001). The title itself frames the result as ""associated with individual differences"", and the Discussion (p. 192) concludes only that huddle position ""is associated with differences in metabolic physiology"". The contrast is additionally confounded with nutrition: Results 3.2 (p. 191) gives total milk intake 39.74 +/- 14.15 g (C) vs 21.86 +/- 10.61 g (P), Dunn p < 0.01.","The sheet records this as a temperature effect size with t1 = 34.9 (treatment) vs t2 = 36.3 (control), dose = -1.4 celsius, treating the peripheral pups as a temperature-treated group and central pups as a control.","Exclude s42 / row merged_158 from the temperature meta-analysis as an observational (non-assigned) within-litter thermal correlation rather than an experimental developmental-temperature manipulation, analogous to the excluded 'acclimatisation that is not an experimentally assigned developmental temperature'. If the team decides such quasi-experimental huddle-position designs should be retained, add an explicit design moderator flagging non-random assignment plus the nutrition/body-mass confound, and record that decision in the study notes.",CONFIRMED: PDF Methods 2.2.2-2.3.1: all litters in one cold room; groups are post hoc huddle positions,NOT_VERIFIED,,,first-pass
s51,critical,se-as-sd,confirmed,merged_229; merged_230; merged_231,"For the three digitised enzyme rows (CS, LDH, HOAD) the sd_t1/sd_t2 columns hold the plotted figure error bars, which are standard errors (SD/sqrt(3)), not standard deviations; the true SDs are printed verbatim in the Results text.","Results text p.4-5 reports, for the pH 8.0 (normocapnic) groups: CS 1.86 +/- 0.41 (18 C) and 2.1 +/- 0.2 (22 C); LDH 2.04 +/- 0.14 (18 C) and 2.81 +/- 0.19 (22 C); HOAD 8.62 +/- 1.32 (18 C) and 10.97 +/- 0.48 (22 C). Captions of Figs 3, 4 and 5 say 'mean +/- SD', but pixel measurement of the plotted bars (calibrated on the y-axis tick labels) gives half-widths of 0.232 and 0.097 (Fig 3 CS), 0.077 and 0.110 (Fig 4 LDH), 0.752 and 0.289 (Fig 5 HOAD) - i.e. exactly the text SDs divided by sqrt(3) (0.237, 0.115; 0.081, 0.110; 0.762, 0.277). The same holds for the acidification series (Fig 3 teal bar = 0.023 vs text SD 0.04; Fig 5 teal = 0.79 vs 1.36), so the figures plot SE throughout despite the captions. Table 1 (p.3) settles which scale is the SD: SE(Temperature) x sqrt(3) gives residual sigma = 0.243 (CS), 0.274 (LDH), 0.989 (HOAD), which matches the pooled within-cell SD computed from the text values (0.274, 0.271, 0.999) and not from the figure bars (0.153, 0.156, 0.577). Methods Section 4.3 states n = 3 replicates per treatment.","merged_229: sd_t1 0.0982, sd_t2 0.2467 (should be 0.2 and 0.41). merged_230: sd_t1 0.1276, sd_t2 0.0986 (should be 0.19 and 0.14). merged_231: sd_t1 0.2527, sd_t2 0.7495 (should be 0.48 and 1.32). The se_* columns are then derived as sd/sqrt(3), compounding the error. Note the sheet is internally inconsistent: merged_232, taken from Table 2, correctly carries true SDs (0.19, 0.22), so this study currently mixes SE-scale and SD-scale rows.","Do not digitise these three rows - the exact values are in the Results text. Replace with mean_t1/sd_t1 = 2.1/0.2 and mean_t2/sd_t2 = 1.86/0.41 (merged_229); 2.81/0.19 and 2.04/0.14 (merged_230); 10.97/0.48 and 8.62/1.32 (merged_231); n_t1 = n_t2 = 3 throughout. Recompute se_* as sd/sqrt(3) (0.115/0.237, 0.110/0.081, 0.277/0.762). As a cross-check, note that leaving the current values in place understates every SD by ~42%, inflating the SMD by ~1.73x and the row's inverse-variance weight by ~3x.","CONFIRMED: PDF Results text: CS 1.86+/-0.41 & 2.1+/-0.2 (SD), LDH 2.04+/-0.14 & 2.81+/-0.19, HOAD 8.62+/-1.32 & 10.97+/-0.48; sheet SDs are these / sqrt(3); n = 3 replicates",NOT_VERIFIED,,,first-pass
s59,critical,wrong-n,confirmed,merged_451,"n_t1 and n_t2 are recorded as 10 each, but the paper sampled only 5 chicks per group (10 chicks in total, 5 N + 5 T); the total sample size has been entered as the per-group n.","Abstract p. 1640: ""Five pairs (one N and one T) of full sib chicks ... were chosen for pectoral muscle sampling."" Methods p. 1641: ""In each of the five families having the largest differences between N and T chicks for average Tb variation, 1 T chick and 1 N chick were selected for UCP mRNA measurements. At 7 d of age at 1400 h, the 10 selected chicks were euthanized."" Table 1 title (p. 1643): ""... and in the 10 chicks (5 N and 5 T) produced by five breeding hens selected for muscular sampling at 7 d of age""; Table 1 column header reads ""Sampled group (10 chicks)"". Figure 1 legend p. 1642: ""avUCP expression in 10 muscle samples issued from five pairs (numbered 1 to 5) of full-sib chicks"", and Panel A shows exactly 5 T and 5 N lanes (T1 N1 T2 N2 T3 N3 T4 N4 T5 N5). The 161-chick figure (80 N, 81 T) applies only to BW/Tb, not to avUCP.","n_t1 = 10, n_t2 = 10",Set n_t1 = 5 and n_t2 = 5.,CONFIRMED: PDF Methods & Table 1: 10 chicks sampled (5 N + 5 T); sheet n = 10 per group,NOT_VERIFIED,,,first-pass
s75,critical,wrong-group,confirmed,merged_308; merged_309,"The 17 C and 20 C control-diet values from Figure 1 (lipid peroxidation) are transposed, which reverses the sign of the 17 C effect and roughly triples the magnitude of the 23 C effect.","Figure 1, p. 380 (""LPO"", nmol TBAR g-1 liver, mean +/- SEM, n = 12 fish/treatment). Digitising the black ""Control"" bars at 500 dpi gives 17 C = 76.6 +/- 17.5, 20 C = 45.2 +/- 13.8, 23 C = 32.5 +/- 4.5. The significance letters are a (17 C) > b (20 C) > c (23 C), and the Results state ""Lipid peroxidation (TBARS) differed significantly among temperatures, with the lowest temperatures showing greater TBARS values"" (p. 380), confirmed in the Discussion: ""damage over the lipid layers increases with the decrease in rearing temperature"" (p. 382). So TBARS is HIGHEST at 17 C and lowest at 23 C.","merged_308 (t1 = 17, t2 = 20): mean_t1 = 47.490, sd_t1 = 44.137, se_t1 = 12.741; mean_t2 = 77.606, sd_t2 = 57.512, se_t2 = 16.602. merged_309 (t1 = 23, t2 = 20): mean_t1 = 32.046, sd_t1 = 16.050 (correct, matches the 23 C bar) but mean_t2 = 77.606, sd_t2 = 57.512. The pair (47.49, se 12.74) is the 20 C bar and the pair (77.61, se 16.60) is the 17 C bar - mean and error travelled together, so this is a clean group swap, not digitising noise. As recorded, merged_308 says TBARS is 39% LOWER at 17 C than at 20 C; with mito_efficiency_dir = 0 this flips to a positive SMDH, i.e. the sheet currently claims cold developmental temperature IMPROVED mitochondrial function, the opposite of the paper. merged_309's contrast is inflated from (32.5 vs 45.2) to (32.0 vs 77.6).","Swap the two group cells in merged_308: mean_t1 = 77.606, sd_t1 = 57.512, se_t1 = 16.602; mean_t2 = 47.490, sd_t2 = 44.137, se_t2 = 12.741. In merged_309 replace only the control cell: mean_t2 = 47.490, sd_t2 = 44.137, se_t2 = 12.741 (leave mean_t1/sd_t1 as they are). n stays 12/12. After the fix the 17 C effect is negative (more lipid damage in the cold) and the 23 C effect is negative but modest, matching Figure 1 and the text. Worth re-digitising Figure 1 from scratch to confirm, since the swap suggests the metaDigitise group labels were entered in the wrong order for this figure.","CONFIRMED: PDF Fig 1 p380: control 17C ~77, 20C ~46, 23C ~31; sheet 17C = 47.5 and control(20C) = 77.6",NOT_VERIFIED,,,first-pass
s92,critical,wrong-units,confirmed,merged_318; merged_319; merged_320; merged_321; merged_322; merged_323; merged_324; merged_325; merged_326; merged_327,"Every mean in all 10 rows has been back-transformed a second time: the sheet stores 10^(figure value) instead of the figure value, so means are wrong by factors of 15x (HOAD) to 239x (LDH) and the resulting effect sizes are meaningless.","Fig. 2A (p. 1372) plots enzyme activity on a log10 y-axis running 0.01 to 10 µmol mg-1 protein min-1. Pixel calibration of the 10/1/0.1/0.01 ticks (676 px per decade) gives bar heights for 22/27/32 degC TE of HOAD 0.080/0.052/0.061, CS 0.327/0.244/0.243, COX 0.775/0.437/0.602, PK 1.51/1.21/1.47, LDH 3.05/2.26/2.63. Independently confirmed by Table 2 (p. 1373): allometric Vmax = a*Mb^b evaluated at the observed body mass (~0.17 g, Table 1) gives HOAD 0.065, CS 0.28, COX 0.61, PK 1.38, LDH 2.68 µmol mg-1 min-1; and by the linear y-axis maxima of Figs 3, 5, 6, 7, 8 (COX 1.0, PK 2.5, CS 0.6, LDH 5.0, HOAD 0.20). No enzyme in this paper exceeds ~3 µmol mg-1 protein min-1, and the Fig. 2A axis itself tops out at 10.","mean_t1/mean_t2 are exactly 10^(figure value) for all 10 rows: LDH 677.49 vs 119.23 and 265.77 vs 119.23; PK 24.77 vs 13.09 and 23.09 vs 13.09; COX 5.217 vs 2.532 and 3.650 vs 2.532; CS 2.038 vs 1.686 and 1.686 vs 1.686; HOAD 1.1885 vs 1.1174 and 1.1382 vs 1.1174. log10() of every one of these reproduces the digitised figure value to within a few percent. The extractor note describes the cause: ""log transformed values were then transformed to raw values using 10^x"" — but the digitiser output was already in raw units because the axis is log-scaled, so 10^x was applied to values that needed no back-transformation.","Replace every mean with its log10, i.e. mean_t1/mean_t2 -> HOAD 0.0750/0.0482 and 0.0562/0.0482; CS 0.3093/0.2269 and 0.2269/0.2269; COX 0.7174/0.4034 and 0.5623/0.4034; PK 1.3939/1.1171 and 1.3634/1.1171; LDH 2.8309/2.0764 and 2.4245/2.0764 (µmol mg-1 protein min-1). Alternatively re-digitise Fig. 2A with the y-axis declared as log10 in metaDigitise/WebPlotDigitizer and take the output directly with no exponentiation.",CONFIRMED: PDF Fig 2A p1372: log10 axis 0.01-10; LDH bars ~3.1/2.3 vs sheet 677/119 (= 10^value),NOT_VERIFIED,,,first-pass
s92,critical,derived-statistic,confirmed,merged_318; merged_319; merged_320; merged_321; merged_322; merged_323; merged_324; merged_325; merged_326; merged_327,"The same double back-transformation was applied to the error bars, so se_* is 10^(true SEM) (a dimensionless ratio, always >1) rather than a standard error, and sd_* = se*sqrt(10) propagates it; the sheet's SDs bear no relation to the real dispersion and produce SMDs from 0.00 to 77.9 where the true values are 0.00 to 1.38.","Error statistic is stated in ""Calculations and statistics"", p. 1379: ""Data are shown as means ± s.e.m. error"" and ""the mean and standard error of these values are reported""; n=10 per group (Table 1 footnote, p. 1372). Digitised error-bar caps in Fig. 2A give SEMs of 0.012/0.008/0.009 (HOAD), 0.027/0.025/0.026 (CS), 0.069/0.052/0.049 (COX), 0.096/0.094/0.104 (PK), 0.34/0.21/0.29 (LDH) µmol mg-1 protein min-1, i.e. CVs of roughly 25-35%. Table 3 (p. 1373) body-mass-residual s.e.m. values (COX 0.04-0.05, CS 0.012-0.021, HOAD 0.007, PK 0.06, LDH 0.14-0.26) are of the same order and confirm these magnitudes.","se_t1/se_t2 range only from 1.019 to 2.52 across all enzymes and both groups, and sd_* is se*sqrt(10) (e.g. HOAD 1.0247*3.1623 = 3.2404), so the sqrt(n) convention was applied but to the wrong quantity. Consequences: HOAD 22 vs 27 degC gets sd 3.24/3.22 against a mean difference of 0.071 (SMD 0.022, true ~0.90 — 40x too small), while LDH 22 vs 27 degC gets sd 7.98/6.24 against a mean difference of 558 (SMD 77.9, true ~0.68 — 115x too large). The sheet's implied CVs are absurd (LDH 1.2% vs a real ~35%), and the distortion is not even monotone, so no rescaling of the current numbers can repair the rows.","Set se to log10 of the current se and sd = se*sqrt(10): HOAD se 0.0106/0.0080/0.0095 (sd 0.0335/0.0253/0.0300); CS 0.0212/0.0322/0.0265 (sd 0.0670/0.1018/0.0838); COX 0.0840/0.0573/0.0521 (sd 0.2656/0.1812/0.1648); PK 0.1290/0.1589/0.1260 (sd 0.4083/0.5019/0.3991); LDH 0.4021/0.2950/0.3441 (sd 1.2719/0.9329/1.0891), for the 22/27/32 degC TE groups respectively. Recomputed SMDs become HOAD 0.90 and 0.29, CS 0.96 and 0.00, COX 1.38 and 0.92, PK 0.61 and 0.54, LDH 0.68 and 0.34.",CONFIRMED: Same figure; SEs likewise exponentiated,NOT_VERIFIED,,,first-pass
s99,critical,wrong-n,confirmed,merged_356; merged_357; merged_358; merged_359; merged_360,"n_t1 and n_t2 are recorded as 60 (the number of fish) for all five rows, but the paper's unit of replication is the tank/sample, n = 3 per treatment, which inflates the precision of every effect size from this study by a factor of 20 in the variance (sqrt(20) = 4.5 in the SE).","Methods 2.3 (p.3): '240 full-sibling juvenile S. aequifasciatus individuals were randomly distributed among 50-L tanks (20 fish per tank, three tanks per treatment)'. Table 1 (p.4) gives F and p for 12 parameters and every p is exactly the F(1,8) tail probability (e.g. SR F=0.036 p=0.855 -> p(1,8)=0.8542; amylase T F=24.180 p=0.001 -> 0.0012; CS T F=13.937 p=0.006 -> 0.0058; COX MP F=7.688 p=0.024 -> 0.0242; LDH T F=1.883 p=0.207 -> 0.2072; ETS T F=0.151 p=0.708 -> 0.7077); fitting error df over 14 such p values gives df2 = 8 as a near-exact fit (summed |dp| = 0.004) versus 0.037 at df2 = 9 and 0.303 at df2 = 236. Error df = 8 in a 2x2 design = 3 replicates per cell. Confirmation from magnitudes: reconstructing the ALP ANOVA from the Fig 5D cell means (553, 453, 270, 202) with the plotted bars as SDs (22, ~13, 11, ~10) gives F_T = 979 at n = 3 (reported 924.654) but F_T ~ 19,600 at n = 60. The paper reports no error statistic name and no 'n =' for the assays (see error_statistic_reported).",n_t1 = 60 and n_t2 = 60 on all five rows; se_* computed as sd_*/sqrt(60) (e.g. merged_356 sd_t1 0.81409 -> se_t1 0.10510).,"Set n_t1 = n_t2 = 3 on all five rows and recompute se_* as sd_*/sqrt(3). The sample-size doubt recorded in the study note is resolvable from Table 1's degrees of freedom, so the study need not be excluded on that ground - but it should be re-entered with n = 3, which also matches how the same lab's companion paper (s23, Wen et al. 2017) was coded. Note the master sheet currently has exclude_missing_info = 0 for these rows, which R/1_data_process.R (line 189) treats as 'exclude'; if the study is reinstated with n = 3 that flag needs updating too.","CONFIRMED: PDF Methods 2.3: 20 fish per tank, three tanks per treatment; sheet n = 60",NOT_VERIFIED,,,first-pass
N13,high,description-mismatch,confirmed,merged_422; merged_423; merged_424; merged_425; merged_426; merged_427; merged_428; merged_429; merged_430; merged_431; merged_432; merged_433; merged_434; merged_435; merged_436,"The exposure is coded as a 5-day prenatal-only treatment followed by a 7/14/30-day post-treatment delay, but animals were born into and continuously kept at their assigned temperature until the moment of sacrifice, so the true exposure is prenatal plus postnatal (~12/19/35 days total) with zero delay between treatment and measurement.","Methods p. 569: ""On the 17th day of pregnancy, six pregnant Sprague-Dawley rats were placed in a temperature environment of 33°C, and six pregnant animals were kept at room temperature (20°C)... the experimental rats were delivered and raised at this temperature, while the control group of animals was delivered and raised at a room temperature of 20°C""; ""The experimental and control groups of animals were killed simultaneously at 7, 14 and 30 days of age."" Abstract: ""rats delivered and raised at 33°C""; Results p. 570: pups ""were delivered and raised at 33°C"" and ""newborn rats delivered and raised for one month in a temperature environment of 33°C"". Nothing in the paper describes returning animals to a common temperature before measurement.","stage = ""prenatal""; prenatal_trt_start 17, prenatal_trt_end 22, prenatal_dur 5 days; total_trt_duration 5 days; post_natal_trt_start / postnatal_trt_end / dur_trt_postnatal all blank; postnatal_measure_delay = 7 (merged_422/425/428/431/434), 14 (423/426/429/432/435), 30 (424/427/430/433/436) days.","Recode as a combined prenatal+postnatal exposure: keep prenatal_trt_start 17 / prenatal_trt_end 22 / prenatal_dur 5, add post_natal_trt_start 0 and postnatal_trt_end = 7, 14 or 30 with dur_trt_postnatal 7/14/30 days, set total_trt_duration to ~12/19/35 days, set postnatal_measure_delay (and prenatal_measure_delay) to 0, and change stage to the sheet's prenatal+postnatal level.",,CONFIRMED,"Verified independently. Methods, 'Animals', p. 569: 'the experimental rats were delivered and raised at this temperature, while the control group of animals was delivered and raised at a room temperature of 20degC'; 'On the 17th day of pregnancy, six pregnant Sprague-Dawley rats were placed in a temperature environment of 33degC, and six pregnant animals were kept at room temperature (20degC)'; 'The experimental and control groups of animals were killed simultaneously at 7, 14 and 30 days of age.' Results p. 570: 'Pregnant rats were housed in a temperature environment of 33degC from the 17th day of pregnancy, and their pups were delivered and raised at 33degC. The control group of animals was raised at 20degC.' Abstract p. 567: 'IBAT in rats delivered and raised at 33degC'; Introduction p. 568: 'newborn rats delivered and raised for one month in a temperature environment of 33degC'. I grepped the whole extracted text for 'transferr', 'returned', 'room temperature' and 'acclimat': there is no statement anywhere that either group was moved to a common temperature before sacrifice, and p. 576 ('Although we had only 3 animals in each age group') confirms the age groups were terminal. The exposure therefore runs continuously from GD17 to the moment of killing. The sheet's stage='prenatal', total_trt_duration=5 and postnatal_measure_delay=7/14/30 encode a 5-day gestational pulse followed by a 1-4 week washout at a common temperature - materially the opposite of the design, and it will mis-assign the study in any stage or treatment-delay moderator analysis. The relevant sheet level is 'both' (4 rows in the analysis file already use it), not a 'prenatal+postnatal' label.",,first-pass
Recio8,high,se-as-sd,confirmed,merged_389,"For muscle GSH-Px the control group's error statistic was mis-read: the sheet's sd_t2 equals the SEM actually plotted in Figure 2C, so the control SD is understated by about a factor of sqrt(10).","Figure 2C, p. 5 (GSH-Px activity, muscle group, black = control). Caption: ""Data were represented as mean +/- standard error (SE)""; Statistical Analysis, p. 4: ""Data are expressed as the mean +/- SE"". n = 10. In a 400-dpi render the panel scale is 21.08 px per U/mgprot (ticks: 0 at y=1803, 5 at y=1697.5). The control bar's top edge is row 1736 (= 3.15-3.20 U/mgprot) and its error-bar cap is rows 1723-1726 (a 22-px-wide horizontal line centred on the bar), i.e. the plotted SE is 0.60-0.64 U/mgprot. The liver bars in the same panel digitise correctly (control 12.65 +/- 2.04 vs sheet 12.824 +/- 2.015; heat wave 22.32 +/- 4.98 vs sheet 22.344 +/- 4.813), which validates the calibration.","mean_t2 = 3.4754, se_t2 = 0.19305, sd_t2 = 0.61047, n_t2 = 10 (t1 side is fine: mean_t1 = 6.9332, se_t1 = 1.09302 matches the plotted 1.09).","Re-digitise the control bar: se_t2 ~ 0.62 and sd_t2 ~ 1.95 (0.62 x sqrt(10)); mean_t2 should also come down to ~3.15-3.20. Note the sheet's se_t2 (0.193) corresponds to only 4 px, which would place the cap inside the black bar and is inconsistent with the visible cap 13 px above the bar top.","CONFIRMED (PDF, 17 Sep 2026): Fig. 2C p5 (mean +/- SE, n = 10): muscle control bar ~3.2 with SE ~0.6; the sheet stores sd_t2 = 0.61 (se_t2 0.19), i.e. the plotted SE was entered as the SD. Treatment SE (~1.1) was handled correctly.",NOT_VERIFIED,,,first-pass
Wild7,high,wrong-value,confirmed,merged_415; merged_420,"The control cell for the NEAC CCO:CS rows has sd_t2 = se_t2 = 0, which makes the effect size and its sampling variance undefined; the 3 C control bar in Fig 3b does carry a small non-zero SEM.","Fig 3b (p.1114, NEAC CCO:CS ratio, ""Values are reported as means +/- SEM"", white bars = control PCO2 400 uatm). Pixel measurement of the 3 C control bar: bar top = 0.2301 ratio units, error-bar cap = 0.2350, i.e. SEM ~= 0.005 (with n=3 that is sd ~= 0.009). The same bar is correctly digitised in merged_410 as 0.22610 with se 0.00919.","merged_415 and merged_420: mean_t2 = 0.242978, sd_t2 = 0, se_t2 = 0, n_t2 = 12.","Replace the control cell in merged_415 and merged_420 with the Fig 3b 3 C control values used in merged_410 (mean 0.226, se ~0.006-0.009), with n_t2 = 3, and recompute sd = se*sqrt(3) (~0.010-0.016). Because the SEM is genuinely tiny, flag these three CCO:CS rows for a sensitivity/outlier check.",CONFIRMED: Sheet: sd_t2 = 0 on two CCO:CS rows (effect size undefined),NOT_VERIFIED,,,first-pass
WildNew1,high,wrong-temperature,confirmed,kris_n_464; kris_n_465; kris_n_466; kris_n_467,"Same defect for the catalase rows - treatment and control cells come from bars measured at different acute test temperatures, and the choice of test-temperature bar is not even consistent across rows.","Fig. 6, p. 592 (panels a-c summer, d-f winter; x-axis = acute test temperature 18/28/32 C; mean +/- SEM; n = 6-8, Methods p. 586). Control bars measured: 6a (summer 18C acclim) 0.81/0.82/0.81; 6b (summer 28C) 0.68/0.55/0.48; 6c (summer 32C) 0.50/0.53/0.51; 6d (winter 18C) 0.47/0.41/0.36; 6e (winter 28C) 0.62/0.58/0.49; 6f (winter 32C) 0.58/0.56/0.38. Table 7 p. 592: TT effect on CAT F = 5.14, P = 0.004 (winter); Ac x TT F = 2.59, P = 0.038 (summer).","kris_n_464: mean_t1 = 0.8003 with se 0.0390 = 6a control at 18 C test (0.808, SEM 0.034), mean_t2 = 0.5720 with se 0.0584 = 6b control at 28 C test (0.553, SEM 0.060). kris_n_467: mean_t1 = 0.5440 = 6f control at 28 C test (0.556; the 32 C test bar is 0.384, 42% lower), mean_t2 = 0.4822 = 6d control at 18 C test (0.474). kris_n_465/466 t1 values (0.5483, 0.6641) sit between the 18 C and 28 C test bars of panels 6c/6e, so those rows also mix assay temperatures relative to their 28 C-test control.","Re-extract catalase at one fixed acute test temperature for both cells of every contrast (or split by test temperature with assay temperature as a moderator), and make the bar choice explicit in the ref column.","CONFIRMED (PDF, 17 Sep 2026): Fig. 6 p592: sheet treatment/control cells match control bars at different acute test temperatures (e.g. row 464: 0.80 = summer 18C at its own test temperature vs 0.57 = summer 28C at test 28C), and rows 466-467 also mix the summer and winter cohorts.",NOT_VERIFIED,,,first-pass
WildNew1,high,wrong-group,confirmed,kris_n_468,"The MDA (lipid peroxidation) row cannot be reconciled with either cohort's no-UV control bars: the control cell matches the UV-B-EXPOSED bar of the winter cohort at 28 C acclimation, so the row pairs a no-UV control group against a UV-B-treated group (and mixes the cohort/reference logic).","Fig. 5c,d, p. 591 (5c = summer fish, 5d = winter fish; x-axis = acclimation temperature; black = Control, grey = UV; 'Values are expressed as mean +/- SEM'; the paper states NO sample size for this assay - Methods 'Lipid peroxidation and protein carbonyl determination', pp. 586-587, only says assays were run in duplicate). Measured: 5c summer controls 2.51 (18 C) and 2.51 (28 C) - i.e. identical; 5d winter controls 1.38 (18 C, SEM ~0.02-0.06) and 0.93 (28 C, SEM 0.066); 5d winter UV bar at 28 C = 2.522 with SEM 0.187 (SD = 0.187*sqrt(7) = 0.495).","mean_t1 = 1.4231, sd 0.16331 (matches the winter 18 C CONTROL bar, 1.38); mean_t2 = 2.5207, sd 0.48993 (matches the winter 28 C UV-B bar, 2.522 / SD 0.495, to within 1%; the 28 C control bars are 0.93 winter and 2.51 summer). The recorded 44% decrease at 18 C exists in neither cohort: summer controls are equal at 18 and 28 C, and winter controls run the opposite way (18 C higher than 28 C).","Re-extract from a single panel using only the black Control bars: summer cohort 18 C = 2.51 vs 28 C = 2.51 (SEMs 0.43 and 0.17), or drop the row. If the winter cohort is wanted, its reference is the 18 C group and the contrasts are 28 C (0.93) and 32 C (2.30) vs 18 C (1.38).",CONFIRMED: PDF Fig 5d p591: sheet control 2.52 = winter 28C UV-exposed bar (control bar ~0.95),NOT_VERIFIED,,,first-pass
WildNew1,high,wrong-value,confirmed,kris_n_469,"The protein carbonyl row cannot be traced to a valid 18-vs-28 C control contrast: its control cell is numerically the WINTER cohort's 18 C control bar (not any 28 C group), and its treatment cell matches no bar in Fig. 5a/b.","Fig. 5a,b, p. 591 (5a = summer, 5b = winter; mean +/- SEM; no n stated for this assay, Methods p. 587). Measured control bars: summer 6.62 (18 C), 7.36 (28 C), 5.03 (32 C); winter 7.507 (18 C, SEM 0.819 -> SD 2.168), 5.21 (28 C), 6.53 (32 C). Winter UV bars: 9.15 (18 C, SEM 0.899 -> SD 2.378), 10.60 (28 C), 4.70 (32 C).","mean_t2 = 7.50754 with sd 2.15580 - an essentially exact match to the winter 18 C CONTROL bar (7.5066 / SD 2.168), although the row labels this cell as the 28 C control. mean_t1 = 7.79561 (sd 2.35178) matches no bar: summer 28 C control = 7.36, summer 18 C control = 6.62, winter 18 C UV = 9.15 (whose SD 2.378 does match the sheet's 2.352), winter 28 C control = 5.21. The correct within-cohort control pairs are 6.62 vs 7.36 (summer) or 7.51 vs 5.21 (winter).","Re-digitise from one panel, control bars only, and record which cohort/panel was used: summer 18 C (6.62, SEM 0.72) vs summer 28 C (7.36, SEM 0.79); otherwise drop the row.","CONFIRMED (PDF, 17 Sep 2026): Fig. 5a/b p591: control (no-UV) bars are summer 6.6/7.4/5.0 and winter 7.5/5.2/6.5 (18/28/32C); the sheet's treatment cell (7.80) matches no bar, and its control (7.51) matches the winter 18C bar rather than a 28C group.",NOT_VERIFIED,,,first-pass
WildNew2,high,inclusion-criteria,confirmed,kris_n_472; kris_n_473,"The two SAamb rows are not a clean developmental-temperature contrast: the assay (acute) temperature was yoked to the treatment temperature, so the 26C-vs-19C difference is confounded with a 7C difference in the acute in vitro assay temperature.","Methods, ""Na+,K+-ATPase activities"", p.1327: ""Specific Na+,K+-ATPase activities at ambient temperature were measured at the water temperature to which each group had acclimated. Here, incubation times were 20 min at 26C, 30 min at 19C and 45 min at 12C... We interpret the measurements at the optimum temperature of 37C to reflect the total amount of enzyme present in the homogenate (specific activity at optimal temperature: SAopt). The measurements at ambient temperatures are an estimation of the enzyme activity in vivo (specific activity at ambient temperature: SAamb)."" So SAopt uses a single common 37C assay for every group (the baseline level of the assay-temperature factor) whereas SAamb uses 26C for the treatment group and 19C for the control group. Fig. 2a/2b grey bars, p.1332. The Discussion (p.1333) reads the SAamb pattern as the thermal effect on in vivo activity, not as a change in enzyme capacity.","kris_n_472: branchial SAamb, mean_t1 13.306 (26C) vs mean_t2 7.107 (19C), a 1.9-fold 'increase'; kris_n_473: renal SAamb, mean_t1 6.180 vs mean_t2 3.544, a 1.7-fold 'increase'. Both coded as ordinary t1=26/t2=19 effect sizes with no note of the differing assay temperature.","Drop kris_n_472 and kris_n_473, keeping only the SAopt rows (kris_n_470, kris_n_471) which share a common 37C assay temperature. There is no baseline level of the assay-temperature factor available for SAamb, so these rows cannot be repaired - at minimum they must be flagged as acute-assay-temperature-confounded and excluded from the main model (sensitivity analysis only). Note this doubles the study's apparent effect count and inflates its weight if left in.",,CONFIRMED,"Verified independently in the PDF. Methods, 'Na+,K+-ATPase activities', p.1327: SAopt = 'Triplicate 5-ul aliquots of sucrose-buffer diluted homogenates were incubated for 15 min at the optimum temperature of 37 C'; SAamb = 'Specific Na+,K+-ATPase activities at ambient temperature were measured at the water temperature to which each group had acclimated. Here, incubation times were 20 min at 26 C, 30 min at 19 C and 45 min at 12 C.' Fig. 2 legend, p.1332 confirms the panel coding: 'Black bars indicate Na+,K+-ATPase activities in tissue homogenates incubated at the optimum assay temperature (SAopt) and grey bars those activities when tissue homogenates were incubated at the ambient temperature where each group acclimated (SAamb).' So SAopt is the common-assay (baseline) level of the assay-temperature factor and SAamb is not. Decisively, the authors themselves attribute the SAamb pattern to the assay temperature, not to any acclimation response - Discussion, 'Effects of ambient temperature', p.1333: 'The correlation between branchial Na+,K+-ATPase activities measured at ambient temperature (SAamb) and incubation temperature can then simply be explained from Arrhenius' law that describes the effect of temperature on reaction rate constants.' My own digitisation of Fig. 2 supports this quantitatively: gill SAamb 19C(+) 7.28 +/- 0.36 vs 26C(+) 13.51 +/- 0.72 = 1.86-fold; kidney SAamb 3.89 +/- 0.21 vs 6.56 +/- 0.45 = 1.69-fold - i.e. Q10 of roughly 2.2 and 1.9 over 7 C, exactly what pure enzyme thermal kinetics predicts. Two further points the first pass did not make: (i) the Results, p.1330 note that 'Acclimation to the highest temperature tested (26 C) only affected SAamb' in kidney, so the SAamb rows carry essentially all of this study's apparent temperature signal and it is thermodynamic, not biological; (ii) SAopt and SAamb were assayed on the SAME homogenates from the SAME fish, so kris_n_472/473 are not independent of kris_n_470/471 - sample_depend = 1 is set uniformly on all four rows, which is the right handling, but only if the downstream model treats that as one shared-animal cluster.",,first-pass
WildNew2,high,wrong-category,confirmed,kris_n_470; kris_n_471; kris_n_472; kris_n_473,"Na+,K+-ATPase is a plasma-membrane ion pump, not a mitochondrial enzyme, so measurement_category ""metabolic capacity"" (the bin the project reserves for mitochondrial markers such as citrate synthase and cytochrome c oxidase) is wrong; these rows belong in ""non-mitochondrial metabolic pathways"".","Introduction p.1326: ""In osmoregulatory organs such as gills and kidney, the Na+,K+-ATPase pump is an important determinant of osmoregulatory capacity""; Methods p.1327 assays ""the specific Na+- and K+-dependent, ouabain-sensitive ATPase activity"" in whole gill-scraping and kidney homogenates (no mitochondrial isolation; mito_preparation is correctly left blank). The paper never measures respiration, coupling or any mitochondrial marker - Figs. 3 and 4 are iodothyronine deiodinases, Tables 2 and 3 are hormones and plasma metabolites. Ouabain-sensitive Na+,K+-ATPase is by definition basolateral plasma membrane, and is more clearly extra-mitochondrial than LDH, which the project rules already assign to ""non-mitochondrial metabolic pathways"".","measurement_category = ""metabolic capacity"", measure_listed = ""ATPase"", mito_efficiency_dir = 1 on all four rows.","Recode measurement_category to ""non-mitochondrial metabolic pathways"" for all four rows. This is a sheet-wide convention problem, not an isolated slip - the same miscoding is on kris_n_491 (WildNew4, myofibrillar ATPase) and merged_84 to merged_95 (s29, ""adenosine triphosphatase activity""), so fix them together. Because WildNew2 contributes nothing but ATPase, the recode determines whether this study enters the mitochondrial synthesis at all; it should not sit alongside CS/COX rows. mito_efficiency_dir = 1 is acceptable once the row is in the non-mitochondrial bin (higher activity = higher pumping capacity), but it is worth recording that higher Na+,K+-ATPase activity is an ATP *demand*, not a mitochondrial capacity.",,CONFIRMED,"Verified independently. The assay is explicitly the plasma-membrane pump: Methods p.1327, 'The specific Na+- and K+-dependent, ouabain-sensitive ATPase activity was measured in triplicate in gill and kidney homogenates according to the method described by Flik et al. (1983)', on whole gill-arch scrapings and kidney homogenised in sucrose/EDTA/Tris buffer with no mitochondrial isolation or subcellular fractionation of any kind (so blank mito_preparation is correct). Introduction p.1326 frames it as an osmoregulatory transporter: 'In osmoregulatory organs such as gills and kidney, the Na+,K+-ATPase pump is an important determinant of osmoregulatory capacity (Marshall and Grosell 2005).' The Discussion p.1333 treats it as an ATP CONSUMER, not a mitochondrial capacity: 'The reduced ATP demand by decreased branchial Na+,K+-ATPase activities in vivo could result in a lower energy expenditure at low temperatures.' A full-text search for mitochond*, respirat*, oxygen consum*, citrate synth*, cytochrome, oxidative, antioxid*, catalase, superoxid* returns hits ONLY in the reference list (p.1334-1335) and one Introduction citation to another paper - the study itself measures nothing mitochondrial. Its other outcomes are iodothyronine deiodinases (Figs. 3-4), thyroid hormones (Table 3) and plasma metabolites/hormones (Table 2), none extracted. One nuance worth recording so nobody is misled later: gill Na+,K+-ATPase is enriched in 'mitochondria-rich cells' (a phrase that appears in a reference title on p.1335), but the enzyme itself is basolateral plasma membrane - the cell type is mitochondria-rich, the enzyme is not mitochondrial. I therefore confirm the recode, and confirm the downstream consequence the first pass drew: after the recode WildNew2 contributes nothing to the mitochondrial-respiratory-function synthesis. I did NOT verify the first pass's side assertion that kris_n_491 (WildNew4) and merged_84 to merged_95 (s29) carry the same miscoding - those rows and PDFs are outside my scope and that part of the proposed fix should be checked by whoever audits those studies. mito_efficiency_dir = 1 is acceptable once the rows sit in the non-mitochondrial bin.",,first-pass
WildNew3,high,wrong-temperature,confirmed,kris_n_474; kris_n_475; kris_n_476; kris_n_477; kris_n_478; kris_n_479; kris_n_480; kris_n_481; kris_n_482; kris_n_483; kris_n_484; kris_n_485; kris_n_486; kris_n_487; kris_n_488,"Every row is taken from the 20 degC acute assay temperature, which is not a neutral baseline level of the crossed second factor - it is exactly the cold-acclimation group's own acclimation/body temperature - so the magnitude and in several cases the sign of all 15 effect sizes is an artefact of that choice.","Methods p. 4871 and p. 4873: ""Oxygen consumption assays were performed in duplicate for each sample at 20 degC, 25 degC and 30 degC"" and ""all assays were performed in duplicate at 20 degC, 25 degC and 30 degC""; Statistical analysis p. 4873 treats 'temperature' as a repeated measure crossed with 'acclimation treatment'. The realised acclimation body temperatures were cold = 20 degC, warm = 29 degC (Abstract p. 4869), i.e. the 20 degC assay level is the cold group's own temperature. Results pp. 4874: the acclimation MAIN effect is non-significant for most traits (liver State 3 both F1,11 < 1.1, P > 0.3; heart State 3/4 all P > 0.25; LDH all tissues F1,11 < 3.6, P > 0.08; CCO all tissues F1,11 < 2.2, P > 0.1; CS all tissues F1,11 < 4.2, P > 0.06) while the acclimation x test-temperature INTERACTION is significant almost everywhere (liver State 3 F2,22 > 4.62, P < 0.03; liver RCR F2,22 = 15.16, P < 0.0001; muscle RCR F2,22 > 4.2, P < 0.03; heart RCR F2,22 = 22.64, P < 0.0001; LDH muscle and heart F2,22 > 8.90, P < 0.001; CCO liver and heart F2,22 > 4.0, P < 0.03; CS muscle and heart F2,22 > 5.6, P < 0.01). Fig. 3F makes the consequence explicit: heart RCR is cold 7.09 vs warm 3.33 at the 20 degC assay level but reverses to cold ~3.6 vs warm ~5.7 at 30 degC. Fig. 4 caption likewise: ""LDH activity is significantly greater at low temperatures in cold-acclimated animals"". The four weeks of common pre-treatment conditions were air 26.7 +/- 0.03 degC / water 26.0 +/- 0.03 degC (p. 4870), so 25 degC is the assay level closest to a neutral reference.","All 15 rows carry ref = figure3a-f / figure4 / figure5 / figure6 with descrp_measure ""...assayed at 20, 25, and 30C"" and no column recording which assay temperature the value came from. Pixel measurement confirms every value is the 20 degC point (e.g. kris_n_479 mean_t2 = 7.097, mean_t1 = 3.288 = Fig. 3F at 20 degC). The extractor note says only ""Extracted data from 20C"".","Re-extract all 15 rows at the intermediate 25 degC assay temperature (the neutral level of the crossed acute-temperature factor, and the level nearest the 26.7/26.0 degC common pre-treatment conditions), or retain 20 degC only as an explicitly labelled sensitivity set. Either way add an 'assay/test temperature' field and record 25 (or 20) in it, and change descrp_measure from ""assayed at 20, 25, and 30C"" to name the single level actually used, so downstream users cannot read these as assay-temperature averages.","CONFIRMED (PDF, 17 Sep 2026): Figs 4-6: LDH, CCO and CS were assayed at 20, 25 and 30C; the rows use the 20C assay, which is the cold (20C) group's own acclimation temperature but 9C below the warm group's.",NOT_VERIFIED,,,first-pass
WildNew3,high,wrong-group,confirmed,kris_n_474; kris_n_475; kris_n_476; kris_n_477; kris_n_478; kris_n_479; kris_n_480; kris_n_481; kris_n_482; kris_n_483; kris_n_484; kris_n_485; kris_n_486; kris_n_487; kris_n_488,"t1/t2 are assigned so that the WARM (29 degC) group is the treatment and the COLD (20 degC) group is the control, which is the reverse of both the extractor's own written intention and the biologically defensible reference, and it flips the sign of all 15 effect sizes.","Methods p. 4870: for four weeks before acclimation ALL animals were held in common at air 26.7 +/- 0.03 degC / water 26.0 +/- 0.03 degC with radiant heat 7.5 h per day. The cold ('winter') treatment was air 20.2 +/- 0.03 degC / water 19.5 +/- 0.03 degC with 6 h/day basking - a 6.5 degC drop from the common condition; the warm ('summer') treatment was air 29.5 +/- 0.01 degC / water 29.2 +/- 0.04 degC with 9 h/day basking - only 2.8 degC above it. Fig. 1A (p. 4871) and Results p. 4874 show that at the start of acclimation all animals thermoregulated to the same maximum Tb of 32.2 +/- 0.6 degC and that it was the cold group whose Tb then fell (to 28.3 +/- 0.3 degC max, 20.9 +/- 0.7 degC mean daily); the warm group did not shift. The manipulated, deviant condition is therefore the cold one, and the warm/summer group is the appropriate reference.","Every row has t1 = 29 with n_t1 = 9 and t2 = 20 with n_t2 = 8, and mean_t1 is verifiably the warm value and mean_t2 the cold value (e.g. kris_n_479 mean_t1 = 3.288 = Fig. 3F warm, mean_t2 = 7.097 = Fig. 3F cold). Under the sheet convention (t1 = treatment, t2 = control) that makes the warm group the treatment. The extractor note states the opposite intention - ""for extraction I used the compact comparison 20C vs 29C, with t1 = 20 and t2 = 29 as the control"" - before contradicting itself later in the same note with ""Control (T2) was determined to be 20 treatment"".","Swap the two groups on all 15 rows so t1 = 20 (cold, n = 8) and t2 = 29 (warm, n = 9), i.e. exchange mean_t1/sd_t1/se_t1/n_t1 with mean_t2/sd_t2/se_t2/n_t2, matching the extractor's stated intention and making the warm/summer group the reference. Then clean up the self-contradictory sentences in the study note so the control assignment is unambiguous.","CONFIRMED (PDF, 17 Sep 2026): Sheet t1 = 29 (warm), t2 = 20 (cold), while the extraction note says both 't1 = 20 and t2 = 29 as the control' and 'Control (T2) was determined to be 20'. The paper designates no control: groups are cold- and warm-acclimated.",NOT_VERIFIED,,,first-pass
WildNew5,high,wrong-n,confirmed,kris_n_492; kris_n_493; kris_n_494; kris_n_495; kris_n_496; kris_n_497; kris_n_498; kris_n_499; kris_n_500; kris_n_501; kris_n_502; kris_n_503; kris_n_504; kris_n_505; kris_n_506; kris_n_507; kris_n_508; kris_n_509; kris_n_510; kris_n_511; kris_n_512; kris_n_513,"n_t1 and n_t2 are swapped on all 22 rows: the 29 degC (warm) group had n = 8 and the 20 degC (cold) group had n = 9, but the sheet assigns 9 to t1 (29 degC) and 8 to t2 (20 degC).","p. 55, Thermal acclimation conditions: ""In the cold treatments (n = 9 animals), mean air temperature was 17.5 degC..."" and ""In the warm treatment (n = 8 animals), the air temperature was 31.2 degC""; mean body temperature 20.0 degC cold vs 29.3 degC warm. Table 1 (p. 57) headers read ""Warm acclimated (n = 8)"" and ""Cold acclimated (n = 9)""; all F ratios are F(1,15) (17 animals, 2 groups). Error statistic is SD throughout.","Every row: n_t1 = 9 with t1 = 29, n_t2 = 8 with t2 = 20. The se_* columns inherit the error (e.g. kris_n_492 se_t1 = 6.683/sqrt(9) = 2.228 instead of 6.683/sqrt(8) = 2.362).","Set n_t1 = 8 and n_t2 = 9 on all 22 rows and recompute se_t1 = sd_t1/sqrt(8), se_t2 = sd_t2/sqrt(9). (Note the same n pair 9/8 appears in WildNew3, Glanville & Seebacher 2006 - worth checking that the values were not copied across studies.)","CONFIRMED: Sheet n_t1(29C) = 9, n_t2(20C) = 8; extractor's own note says cold n = 9, warm n = 8",NOT_VERIFIED,,,first-pass
WildNew5,high,wrong-direction,confirmed,kris_n_492; kris_n_493; kris_n_494; kris_n_495; kris_n_496; kris_n_497; kris_n_498; kris_n_499; kris_n_500; kris_n_501; kris_n_502; kris_n_503; kris_n_504; kris_n_505; kris_n_506; kris_n_507; kris_n_508; kris_n_509; kris_n_510; kris_n_511; kris_n_512; kris_n_513,dose = -9 contradicts the sheet's own t1/t2 assignment and the dose = t1 - t2 convention used by every other study in the dataset; with t1 = 29 and t2 = 20 the dose should be +9.,"p. 55: mean body temperatures 20.0 degC (cold) and 29.3 degC (warm), i.e. a ~9 degC contrast. The sheet's own mean_t1 columns hold the warm-acclimated values throughout (verified against Table 2/3 ""Warm acclimated"" columns and the black bars of Figs 2, 3, 6-9), so t1 = 29 degC is the warm group and t1 - t2 = +9.","dose = -9 on all 22 rows, while every other study follows dose = t1 - t2 (N13 33/20 -> 13; WildNew1 18/28 -> -10; WildNew3 29/20 -> 9; WildNew4 29/20 -> 9; WildNew6 10/20 -> -10; s29 32/20 -> 12 etc.). The extractor note is also self-contradictory: ""I used the compact comparison 20C vs 29C with 29C as control"" vs ""Control temp 20C (T2)"".","Set dose = 9 to match t1 - t2 and the sibling crocodilian studies WildNew3/WildNew4 (both 29 vs 20, dose = 9). If instead the intention was warm = control (which matches the paper's framing, where cold acclimation is the perturbation: abstract ""Cold acclimation decreased maximal oxidative capacities of muscle mitochondria""), then t1/t2, mean/sd/n must all be swapped and dose = -9 retained - but do not leave the current mixed state.","CONFIRMED: Sheet: t1 = 29, t2 = 20, dose = -9",NOT_VERIFIED,,,first-pass
WildNew5,high,duplicate,confirmed,kris_n_505; kris_n_506; kris_n_507; kris_n_511; kris_n_512; kris_n_513,"The liver (Fig 7) and duodenum (Fig 9) enzyme rows are the same six numbers: Figs 7 and 9 of the published paper plot numerically identical bars, so these six effect sizes carry only three independent pieces of information.","Figs 7 (Liver, p. 60) and 9 (Duodenum, p. 61) digitised independently at 400 dpi give the same 12 means and 12 SDs to within measurement noise: LDH 20 degC 50.06+/-10.37|54.89+/-6.26 (Fig 7) vs 49.96+/-10.43|54.91+/-6.36 (Fig 9); LDH 30 degC 62.75|85.82 vs 62.69|85.84; COX 20 degC 3.539|5.505 vs 3.537|5.512; COX 30 degC 4.538|7.294 vs 4.525|7.295; CS 20 degC 11.634|12.778 vs 11.620|12.787; CS 30 degC 12.528|16.317 vs 12.540|16.325 (all bar heights within 0.3%). Only the axis tick labelling and the asterisks differ. The text reports different statistics for the two tissues (liver: COX F1,15 = 5.17 P<0.05, LDH F1,15 = 8.96 P<0.01, CS F1,15 = 0.098 P = 0.76, p. 59; duodenum: COX F1,15 = 4.56 P<0.05, LDH interaction F1,15 = 4.84 P<0.05, CS F1,15 = 0.93 P = 0.35, p. 59), so the underlying data must differ - but only one dataset is actually plotted. Fig 9's CS panel carries an asterisk on the 30 degC cold bar that directly contradicts the duodenum text (""CS activities in the duodenum did not change with acclimation... P = 0.35""), whereas Fig 7's CS panel has no asterisk, consistent with the liver text (P = 0.76) - i.e. Fig 9 looks like the corrupted copy.",Liver rows 505/506/507 = 49.83+/-10.30|53.78+/-6.18; 3.591+/-0.462|5.518+/-0.786; 11.862+/-1.231|12.751+/-1.538. Duodenum rows 511/512/513 = 50.43+/-10.77|54.70+/-7.18; 3.532+/-0.412|5.367+/-0.781; 11.592+/-1.331|12.619+/-1.538 - i.e. the same data entered twice under two tissues.,"Do not treat these as six independent effect sizes. Flag this study for an author query, or retain only the liver set (505-507, whose asterisks match the reported liver statistics) and drop/park the duodenum set (511-513) with a note. If both are kept for completeness, code them as sharing the same measurements so they are not double-weighted.","CONFIRMED (PDF, 17 Sep 2026): Figs 7 (liver, p60) and 9 (duodenum, p61) of the published paper plot identical bars (LDH 20C ~49/55, 30C ~62/85; COX 20C 3.5/5.5, 30C 4.5/7.3; CS 20C 11.6/12.8, 30C 12.4/16.2) - an apparent figure duplication in the paper, so only three independent contrasts exist.",NOT_VERIFIED,,,first-pass
WildNew6,high,inclusion-criteria,confirmed,kris_n_521; kris_n_532,"The two '0 h' rows (CS and CCO) are pre-treatment baseline samples taken before any temperature manipulation, so they contain no temperature contrast at all and should be removed rather than coded as a 10 degC vs 20 degC comparison.","Methods, p. 733: 'Tissue samples were taken from the tadpoles immediately before (0 h) temperature change, and at 3 h, 12 h, 24 h, 72 h, 168 h (1 week), and then once per week to 6 weeks.' Both rooms were at 20 degC until the experiment began ('Five aquaria were situated in each of two constant temperature rooms at 20 degC. At the start of the experiment, temperature change was initiated in the cold-acclimated group...'). Table 1 (p. 735) 0 h column accordingly shows near-identical values: CS control 2.69 (0.29) vs cold-acclimated 2.72 (0.44); CCO control 2.45 (0.17) vs cold-acclimated 2.41 (0.26).","kris_n_521: t1 = 10, t2 = 20, dose = -10, mean_t1 2.72, mean_t2 2.69, dur_trt_postnatal = 42 days, descrp_measure 'sampled at 0 h'. kris_n_532: t1 = 10, t2 = 20, dose = -10, mean_t1 2.41, mean_t2 2.45, same duration coding. Both are entered as if a 10 degC treatment group had been exposed to cold.","Delete kris_n_521 and kris_n_532 (or mark them excluded as pre-treatment baselines). Both animals groups were at 20 degC when these tissues were taken, so the rows violate inclusion criterion 1 and add two spurious near-zero effect sizes that will shrink the pooled estimate.","CONFIRMED (PDF, 17 Sep 2026): Methods: 'Tissue samples were taken from the tadpoles immediately before (0 h) temperature change'; the cold treatment then lowered room temperature to 10C over 6 h. The 0 h rows contain no temperature contrast.",NOT_VERIFIED,,,first-pass
WildNew7,high,wrong-category,confirmed,kris_n_545,"The citrate synthase row for the 15 deg C group is filed under ""non-mitochondrial metabolic pathways"" instead of ""metabolic capacity"".","The measure is citrate synthase from white locomotor muscle (abstract, Crossref DOI 10.1111/j.0022-1112.2005.00795.x: ""Maximal activities and thermal sensitivity of citrate synthase and lactate dehydrogenase from whitespotted bamboo shark white locomotor muscle...""); measure_listed = CS and ref = Fig. 2(a). The project coding rule states citrate synthase is a mitochondrial marker belonging in ""metabolic capacity"". The identical measure in the paired row kris_n_546 (same enzyme, same figure panel, same tissue) is coded ""metabolic capacity"".","kris_n_545: measure_listed = CS, measurement_category = ""non-mitochondrial metabolic pathways"" (kris_n_546, same CS measure, = ""metabolic capacity"")","Set measurement_category = ""metabolic capacity"" for kris_n_545. Root cause: measurement_category in these four rows tracks the t1 temperature (both t1=15 rows got ""non-mitochondrial metabolic pathways"", both t1=30 rows got ""metabolic capacity"") rather than the enzyme, so re-derive the column from measure_listed.",CONFIRMED (PDF): Fig. 2(a) p959 plots CS for all three groups; CS is the paper's aerobic/mitochondrial marker (p952).,NOT_VERIFIED,,,first-pass
WildNew7,high,wrong-category,confirmed,kris_n_548,"The lactate dehydrogenase row for the 30 deg C group is filed under ""metabolic capacity"" instead of ""non-mitochondrial metabolic pathways"".","The measure is white-muscle lactate dehydrogenase (abstract, Crossref DOI 10.1111/j.0022-1112.2005.00795.x: ""lactate dehydrogenase activity did not change following prolonged exposure to 30 deg C""); measure_listed = LDH and ref = Fig. 2(b). The project coding rule states LDH is cytosolic/anaerobic and belongs in ""non-mitochondrial metabolic pathways"". The identical measure in the paired row kris_n_547 (same enzyme, same figure panel, same tissue) is coded ""non-mitochondrial metabolic pathways"".","kris_n_548: measure_listed = LDH, measurement_category = ""metabolic capacity"" (kris_n_547, same LDH measure, = ""non-mitochondrial metabolic pathways"")","Set measurement_category = ""non-mitochondrial metabolic pathways"" for kris_n_548. Same root cause as finding 1: the column was filled by temperature rather than by measure.","CONFIRMED (PDF): Fig. 2(b) p959; LDH is described as the anaerobic-flux indicator (p952). NB this row currently enters temp_stress.csv as a mitochondrial measure, while CS row kris_n_545 is wrongly excluded.",NOT_VERIFIED,,,first-pass
l12,high,wrong-n,confirmed,merged_375; merged_376; merged_377; merged_378; merged_379; merged_380,"n_t1 = n_t2 = 40 for all six rows is contradicted by the paper's own reported ANOVA degrees of freedom, which imply only ~6-8 samples per group; because sd was computed as se x sqrt(40), every SD in the study is also ~2.2-2.6x too large.","Methods Section 2.3 (p. 4) says ""Forty tadpoles in each group were euthanized ... for measurements of oxidation damage, antioxidant capacity, and gene expression"" - i.e. 40 animals were frozen as a pool, not 40 analysed samples (Section 2.7, p. 6, then uses only ""Three tadpoles per treatment"" from that same pool for qPCR). The one-way ANOVAs actually reported for these six traits have error df of 20-28 across the four groups: MDA F3,28 = 13.071 (Section 3.4, p. 9), protein carbonyl F3,20 = 13.436 (Section 3.4, p. 10), CAT F3,22 = 51.496 (Section 3.5, p. 10), SOD F3,25 = 49.7 (p. 10), GSH:GSSG F3,23 = 30.716 and T-AOC F3,23 = 24.644 (p. 10). With 4 groups these imply total N = 24-32, i.e. 6-8 per group; 40/group would give error df = 156. That error df tracks true n elsewhere in the paper validates the inference (Tpre, 50/group, F3,185; burst speed, 10/group, F3,36; CTmax, 10/group, F3,34; AT, 8/group, F3,30). Error statistic is SE throughout (Section 2.9, p. 7: ""All the data are represented as means +/- SE""; Figure 3 and Figure 4 captions: ""Data are presented as means +/- standard error"").",n_t1 = 40 and n_t2 = 40 on all 6 rows; sd_* = se_* x sqrt(40) exactly (e.g. merged_375 CAT: se_t1 0.30246 -> sd_t1 1.91291; merged_379 carbonyl: se_t1 5.15654 -> sd_t1 32.6128).,"Set per-group n from the reported ANOVA error df (total N = df_error + 4, split over 4 groups): MDA n = 8, protein carbonyl n = 6, CAT n ~ 6-7, SOD n ~ 7, GSH:GSSG n ~ 7, T-AOC n ~ 7; then recompute sd = se x sqrt(n). Corrected SDs would be, for t1/t2: CAT 0.77/1.54 (was 1.91/3.83), SOD 24.2/29.6 (was 56.8/69.4), T-AOC 0.51/0.58 (was 1.24/1.40), GSH:GSSG 0.071/0.065 (was 0.173/0.157), carbonyl 12.6/8.5 (was 32.6/22.0), MDA 14.8/14.1 (was 33.0/31.5). If the reviewers prefer not to back-calculate n from df, use n = 6 (the smallest implied value) for all rows as a conservative option, but n = 40 should not be retained: as it stands it inflates this study's meta-analytic weight ~5.7x and biases all six SMDs ~2.4x toward zero.","CONFIRMED (PDF, 17 Sep 2026): Results p9-10: MDA ANOVA F3,28 and CAT ANOVA F3,22 imply ~6-8 tadpoles per group (4 groups); 'Forty tadpoles in each group' (Methods 2.3) were frozen for all assays combined. Design is UVBR x temperature.",NOT_VERIFIED,,,first-pass
s16,high,description-mismatch,confirmed,merged_25; merged_26; merged_27; merged_28; merged_29; merged_30; merged_31; merged_32; merged_33; merged_34; merged_35; merged_36; merged_37; merged_38; merged_39,"postnatal_measure_delay is coded as 30-48 days for all 15 rows, but every row comes from the post-conditioning panels where birds were sampled on day 3, 5 or 7 immediately after the 6 h exposure, so the true treatment-to-measurement delay is ~0 days; the TC7 value of 48 days also exceeds the entire 35-day trial and is impossible.","Methods 2.1 (p.2): ""The second group was subjected to thermal conditioning (TC) at 39 degrees C for 6 h on the third day of age, sampled as (TC3) and its relative control (C3). The third and fourth groups (TC5 and TC7) were subjected to thermal conditioning on the fifth and seventh day of age, and their relative controls were sampled as C5 and C7."" Figure 3/4/5 legends (pp.5-6) define the panel-a/c bars as ""C3: control on 3 DOA; TC3: thermally conditioned on 3 DOA; C5: control on 5 DOA; TC5: ... on 5 DOA; C7: control on 7 DOA; TC7: ... on 7 DOA"", and distinguish them from the panel-b/d bars ""CE/TCE3/TCE5/TCE7 ... exposed at 35 DOA"". Results 3.3 (p.4) calls the panel-a values ""the post-conditioning stage"" as opposed to ""35 days of age (DOA)"", and Results (p.5) notes the age gradient (""glutathione production increases with chicks' age""), which is visible only in the panel-a bars. The whole trial ""lasted 5 weeks"" (Methods, p.3), i.e. 35 days.","postnatal_measure_delay = 32 (all TC3 rows: merged_25, 28, 31, 34, 37), 30 (all TC5 rows: merged_26, 29, 32, 35, 38), 48 (all TC7 rows: merged_27, 30, 33, 36, 39), measure_delay_units = days. The extractor note states the reasoning: ""experiment lasted 5 weeks so 7*5 = 35 days; delay for TC3 = 35-3; TC5 = 35-5; TC7=35-7"" — which would give 28, not 48, for TC7, and which in any case describes the 35-DOA panel-b data that were NOT extracted.","Set postnatal_measure_delay = 0 days (sampling on the same day as the 6 h conditioning) for all 15 rows. If the project instead wants the 35-DOA data, re-extract from Figures 3b, 4b, 4d, 5b, 5d — but those birds all received the 36 degrees C/6 h heat challenge, so they are a non-baseline level of a second stressor and should not be used. Either way, correct the impossible 48-day value on the five TC7 rows.","CONFIRMED (PDF, 17 Sep 2026): Figs 3-5 p5-6: all 15 rows come from panel (a) (C3/TC3, C5/TC5, C7/TC7 - sampled on the conditioning day, e.g. MDA TC3 ~5.2 vs C3 ~1.5), so the delay is ~0, not 30-48 d. The 35-day-of-age panels (b) were not extracted.",NOT_VERIFIED,,,first-pass
s2,high,description-mismatch,confirmed,merged_9; merged_21,"Two LEAK rows carry Day-60 values but are coded prenatal_measure_delay = 20 days, so LEAK has two rows labelled day 20 and none labelled day 60.","Figure 1c, p.4: LEAK respiration rises with age ('LEAK respiration increased significantly with age', p.4). Digitised values - day 20: high 5.05, medium 3.61, low 3.70, unstable 4.13; day 60: high 5.13, medium 5.23, low 5.21, unstable 5.92. The values in merged_9 (mean_t1 5.085, mean_t2 5.294) and merged_21 (mean_t1 5.264, mean_t2 5.294) can only be the day-60 cluster; the genuine day-20 rows are merged_3 (5.035 vs 3.761) and merged_15 (3.662 vs 3.761). Blood was sampled at Day 20 and Day 60 (Methods 2b, p.3).","merged_9: prenatal_measure_delay = 20, mean_t1 = 5.0846, mean_t2 = 5.2935. merged_21: prenatal_measure_delay = 20, mean_t1 = 5.2637, mean_t2 = 5.2935. (All other measures correctly pair delay 20 with the day-20 cluster and delay 60 with the day-60 cluster.)","Change prenatal_measure_delay from 20 to 60 for merged_9 and merged_21. Without this, the age/measurement-delay moderator is wrong for LEAK and the two pairs (merged_3/merged_9, merged_15/merged_21) look like contradictory duplicate day-20 effect sizes.","CONFIRMED (PDF, 17 Sep 2026): Fig. 1c p4: LEAK day 20 low ~3.7, day 60 low ~5.2; merged_9 and merged_21 control = 5.29 (day 60) but prenatal_measure_delay = 20.",NOT_VERIFIED,,,first-pass
s29,high,wrong-category,confirmed,merged_84; merged_85; merged_86; merged_87; merged_88; merged_89; merged_90; merged_91; merged_92; merged_93; merged_94; merged_95,"The 12 ATPase rows are coded measurement_category = ""metabolic capacity"" with mito_efficiency_dir = 1, but the measure is a plasma-membrane Na+/K+-stimulated ATPase (an ATP-consuming ion pump), not a mitochondrial capacity marker, so both the category and the assumed direction are wrong by the project's own rules.","Methods, Enzyme assays, p. 1390: ""Adenosine triphosphatase activity was determined by Post and Sen (1967) method. Released inorganic phosphate (Pi) was measured by the method of Fiske and Subbarow (1925)."" The reference list (p. 1397) gives ""Post RL, Sen AK (1967) Methods in enzymology, vol 10 ... p 762"", i.e. the classic sodium- and potassium-stimulated ATPase assay. Discussion p. 1395: ""ATPase is a membrane-bound enzyme, accountable for the transport of ions through the membrane and instant release of energy ... This shows that increased temperature caused ion regulatory impairment which ultimately resulted in increased energetic demand. The increased ATPase activity ... might have hydrolysed high-energy phosphate (ATP)""; the authors' own comparisons are to gill Na+/K+-ATPase (Morrison et al. 2006, cited on p. 1395 as ""Na+K+ ATPase a subunit isoforms in Antarctic fish gills"") and to myofibrillar ATPase. Values come from Table 3, p. 1393 (liver/gill/kidney, mean +/- SE, n = 6).","measurement_category = ""metabolic capacity"", mito_efficiency_dir = 1, mito_ambiguity = ""not-ambiguous"", measurement_methods = ""membrane-bound enzyme, accountable for the trasnport of ios through the membrane and instant realease of energy; creates energy from ATP; methods as per Post and Sen (1967)"".","Re-code these 12 rows to measurement_category = ""non-mitochondrial metabolic pathways"" (the same logic the protocol applies to cytosolic LDH), since ""metabolic capacity"" is reserved for mitochondrial markers such as citrate synthase and cytochrome c oxidase. Re-evaluate mito_efficiency_dir: higher Na,K-ATPase activity indexes ion-regulatory ATP demand rather than higher mitochondrial respiratory function, so dir = 1 is not justified (the extractor's note ""creates energy from ATP"" inverts the enzyme's role). Set mito_ambiguity to ambiguous, because total ATPase in a crude homogenate also contains mitochondrial F1F0-ATP synthase. If the review's scope is mitochondrial respiratory function, consider dropping these 12 rows or handling them as a clearly labelled non-mitochondrial subset; if they stay, note the inconsistency with excluding brain AChE from the same paper.","CONFIRMED (PDF, 17 Sep 2026): Methods p1390: ATPase activity by the Post & Sen (1967) method (sodium- and potassium-stimulated ATPase), measured in liver, gill and kidney - a plasma-membrane ion pump, not a mitochondrial marker.",NOT_VERIFIED,,,first-pass
s35,high,wrong-value,confirmed,merged_115,"The gill SOD row takes its means and SEs from a corrupt, duplicated block in Table 4 that actually contains intestine GST data, so both means are roughly ten times too large, are in the wrong units, and are not gill SOD at all.","Table 4, p. 835 (PDF p. 7). Under ""Gills / SOD (U SOD mg prot-1)"" the sub-row labelled ""Mann-Whitney"" prints ""CD 101.31 +/- 5.54   129.39 +/- 5.95**"" and ""RD 108.25 +/- 4.51   113.46 +/- 6.23"" - character-for-character identical (asterisks included) to the ""Intestine / GST (mU mg prot-1) / Simple main effects"" sub-row three entries above. It is a copy-paste error in the published table: gill SOD is on the order of 8-13 U mg prot-1, as its own diet and temperature columns show (CD 13.24 +/- 2.38, RD 7.56 +/- 0.44; 24 C = 8.05 +/- 0.97, 14 C = 13.41 +/- 2.56*, interaction ""na""). The extractor's yellow highlight in this PDF sits squarely on the 101.31/129.39 pair, confirming that row was the source. Error statistic is SE (""All results were reported as mean +/- standard error (SE)"", Methods p. 832); stated n = 6.","mean_t1 = 129.39, se_t1 = 5.95, sd_t1 = 17.85; mean_t2 = 101.31, se_t2 = 5.54, sd_t2 = 16.62; n = 9/9; tissue = gill, measure_listed = SOD, units = U/mg.","Replace with the only usable gill SOD values, the temperature marginal means: mean_t1 = 13.41, se_t1 = 2.56; mean_t2 = 8.05, se_t2 = 0.97 (units U/mg) - noting that these are pooled across diets (see the diet-pooling finding) and that the paper gives no valid CD-only gill SOD cell means, since the interaction row is ""na"" and the block that should hold them is corrupt. Alternatively drop the row and query the authors.","CONFIRMED (PDF, 17 Sep 2026): Table 4 p835: the gills/SOD 'Mann-Whitney' sub-row (CD 101.31 +/- 5.54 vs 129.39 +/- 5.95**; RD 108.25 +/- 4.51 vs 113.46 +/- 6.23) is identical to the intestine GST 'Simple main effects' row; the gill SOD row itself reads 13.24 +/- 2.38, 7.56 +/- 0.44, 8.05 +/- 0.97, 13.41 +/- 2.56*. Sheet uses 129.39 vs 101.31.",NOT_VERIFIED,,,first-pass
s35,high,wrong-n,confirmed,merged_110; merged_111; merged_112; merged_113; merged_115; merged_116; merged_117; merged_118; merged_120; merged_121; merged_122; merged_123,"All twelve antioxidant-enzyme rows record n_t1 = n_t2 = 9, but the paper states n = 6 for every oxidative-stress assay; because sd was derived as se x sqrt(n), the SDs are inflated by 22% throughout.","Methods, ""Oxidative stress"", p. 832 (PDF p. 4): ""Enzyme extracts from the liver, intestine, gills, and muscle of fish (n = 6) were made as proposed by Bacchetta et al. (2014)"" and ""lipid peroxidation levels (n = 6) were analyzed"". The figure 9 appears nowhere in connection with Table 4 - it is the exposure-group size (""fish fed with CD or RD (n = 18 per diet) to control (24 +/- 0.1 C) or cold temperature (14 +/- 0.1 C) ... n = 3 per aquarium, in triplicate"", p. 831, giving 9 fish per diet x temperature cell) and the analysed n for haematology (Table 2) and plasma metabolites (Table 3, ""n = 9""), not for Table 4. Error statistic is SE throughout.","n_t1 = n_t2 = 9 on all 12 enzyme rows, with sd = se x 3 (e.g. merged_110 sd_t1 = 6.37 x 3 = 19.11; merged_118 sd_t2 = 0.29 x 3 = 0.87). The three TBARS rows in the same table were given n = 6 (sd = se x 2.449), so the sheet is internally inconsistent about the n of measures taken on the same fish from the same table.","For the two true control-diet cell rows (merged_110 liver SOD, merged_113 liver GR) set n_t1 = n_t2 = 6 and recompute sd = se x sqrt(6) (merged_110: sd_t1 = 15.60, sd_t2 = 4.80; merged_113: sd_t1 = 27.29, sd_t2 = 12.44). For the diet-pooled rows see the pooling finding, where the correct n is 12 rather than either 6 or 9.",CONFIRMED: PDF Methods: oxidative stress enzyme extracts n = 6; sheet n = 9 on antioxidant rows,NOT_VERIFIED,,,first-pass
s39,high,wrong-value,confirmed,merged_132,"The control-group error statistic for plasma TBARS was entered a factor of 10 too small (0.02 instead of the tabulated 0.2), so sd_t2 is 10x too precise.","Table 2 (Thiobarbituric acid reactive substances), p. 879 / PDF p. 5, Plasma row: Control 7.8 +/- 0.2, Supercooled 8.0 +/- 1.0. Footnote: ""Means +/- SE; n = 6-8. Plasma values are in nmol ml-1"". Confirmed both in the extracted text and in a 200-dpi render of the page (scratchpad/s39_tables.png). The correct control SE is 0.2, so with n = 7 sd_t2 = 0.2*sqrt(7) = 0.52915.","mean_t2 = 7.8 (correct), se_t2 = 0.02, sd_t2 = 0.052915026221291815, n_t2 = 7. The sd is exactly 0.02*sqrt(7), confirming the sd was propagated from the mistyped SE rather than being an independent error.","Set se_t2 = 0.2 and sd_t2 = 0.5291502622129182 for merged_132. Everything else in the row (mean_t1 = 8.0, se_t1 = 1.0, sd_t1 = 2.6457513110645907, mean_t2 = 7.8) is correct.","CONFIRMED (PDF, 17 Sep 2026): Table 2 p879: plasma control 7.8 +/- 0.2, supercooled 8.0 +/- 1.0 (means +/- SE, n = 6-8); sheet se_t2 = 0.02.",NOT_VERIFIED,,,first-pass
s40,high,shared-control,confirmed,merged_137; merged_138; merged_139; merged_140; merged_141,"The five effect sizes are coded as statistically independent samples (sample_depend 1-5, control_multiple_comparisons = ""no""), but the paper states that the same two pooled samples per temperature were used for all biochemical assays, so all five rows share the same two treatment pools and the same two control pools.","Methods, p. 5 (""Protein extraction""): ""Two pooled samples collected at each sampling point were used for all biochemical analyses described below."" Also p. 5, ""Experimental setup"": ""two pooled samples (one from each tank) were taken at each temperature point, comprising of 20 live individuals each"", and the Fig. 3 caption, p. 8: ""Two pooled samples (comprising of 20 larvae each) were taken at each temperature point."" A single 18 C control pool pair therefore underlies the 7 biomarkers in Fig. 3a-c, including all five extracted here.","sample_depend = 1, 2, 3, 4, 5 (a distinct value per row, i.e. treated as five independent samples) and control_multiple_comparisons = ""no"" for all five rows. The extractor note justifies this as ""samples of pooled individuals (n=20) used per temperature per assay so each variable is separate for sample dependancy"", which contradicts the paper's explicit statement that one set of two pools served all assays.","Give all five rows the same sample_depend identifier (one shared sample cluster for this study) and set control_multiple_comparisons to yes, so that the shared 18 C control and the shared treatment pools are handled by the variance-covariance structure rather than being counted as five independent comparisons.","CONFIRMED (PDF, 17 Sep 2026): Methods p5: 'Two pooled samples collected at each sampling point were used for all biochemical analyses described below' - all five rows share the same two treatment pools and two control pools.",NOT_VERIFIED,,,first-pass
s40,high,inclusion-criteria,confirmed,merged_137; merged_138; merged_139; merged_140; merged_141,"The design is an acute CTmax ramp with no independent control group, not a developmental temperature manipulation: the ""control"" is the first sampling point of the same continuous ramp in the same two tanks, and the exposure lasted ~12 h rather than a developmental period.","Methods p. 5, ""Experimental setup"": larvae were held in two 30 L tanks inside one shared temperature-controlled bath (Fig. 1, p. 4), then ""larvae (now 12 days post-hatch) were exposed to a constant rate of water-temperature increase of 1 C h-1 and observed continuously, until they reached the critical thermal maximum (CTmax)""; ""Larvae were collected for biochemical and histological analysis every 2 degrees (18, 20, 22, 24, 26, 28, 30 C)."" There was no separate cohort held at 18 C for the duration, so the 18 C samples are the t = 0 baseline of the same ramping animals. Fig. 3 caption p. 8 confirms the gradient runs ""from the control temperature (18 C) until the cumulative critical thermal maximum ... 30 C"". At 1 C/h the extracted 30 C point is ~12 h into the ramp; the 24 h mentioned on p. 4 is the pre-experiment acclimation at 18 C, not the ramp.","The rows are encoded as a normal treatment-vs-control developmental temperature contrast: t1 treatment vs t2 = 18 control, post_natal_trt_start = 12, postnatal_trt_end = 13, dur_trt_postnatal = 1 day, total_trt_duration = 1 day. The extractor note also misstates the ramp as running ""for 24 hours"".","Flag this study for an explicit include/exclude decision against criterion 1 (developmental temperature manipulation) and criterion 2 (presence of a control group). If retained, code it as an acute thermal-ramp/CTmax challenge with a within-tank baseline control rather than an independently assigned developmental temperature, correct the exposure duration to ~12 h (~0.5 day) for the 30 C point, and add a moderator or sensitivity-analysis flag so it can be excluded from the developmental-exposure subset.","CONFIRMED: PDF Methods: 1C/h ramp to CTmax, 2 pooled samples per temperature point, 'control' = ramp start",NOT_VERIFIED,,,first-pass
s41,high,inclusion-criteria,confirmed,merged_142; merged_143; merged_144; merged_145; merged_146; merged_147; merged_148; merged_149; merged_150; merged_151; merged_152; merged_153; merged_154; merged_155; merged_156; merged_157,"The 'temperature manipulation' in this study is an acute 16-h critical-thermal-maximum ramp ending at the moment of sampling, not a developmental temperature treatment, so all 16 rows sit at the edge of (arguably outside) inclusion criterion 1 while contributing some of the largest effect sizes in the dataset.","Methods 2.2 'Thermal ramp trial' (p.325): fish were acclimated for one week at 18 C then 'subjected to a thermal ramp (constant rate of water-temperature increase of 1 C h-1) until they reached their Critical Thermal Maximum (CTMax)', with 6 fish euthanised at each of 18 (control), 22, 24, 26, 28, 30, 32, 34 C and CTMax (35.5 ± 0.5 C). The extracted treatment group therefore experienced ~16 h of continuously rising temperature and was killed on reaching 34 C - about 1.5 C below the lethal limit - with no period of development at an assigned temperature. Title and abstract frame the design as heat-wave/CTMax exposure ('exposing fish to a thermal ramp from 18 C until their Critical Thermal Maximum').","16 rows coded as a postnatal temperature treatment of 0.667 days (16 h) with postnatal_measure_delay = 0, t1 = 26.75, t2 = 18; the extractor note documents the design ('fish were exposed to increasing temperature until 34C was reached ... only fish sacrificed at 34C were included') but the sheet itself carries no flag that this is an acute thermal-tolerance ramp.","Escalate to an explicit team decision on whether an acute CTMax ramp qualifies as a developmental temperature manipulation. If retained, add a moderator/flag distinguishing acute thermal-challenge designs from sustained developmental-temperature designs and run a sensitivity analysis excluding this study, since its effect sizes are extreme (SMDH up to ~20) and will be influential.","CONFIRMED: PDF Methods 2.2: 1C/h thermal ramp from 18C to CTmax, 6 fish sampled per temperature point",NOT_VERIFIED,,,first-pass
s42,high,other,confirmed,merged_158,"t1 and t2 hold the pups' own measured body temperatures (a response variable digitised from Fig. 3a), not the temperatures of the thermal treatments, so the row encodes a 1.4 degrees C treatment contrast where the actual assigned environmental contrast was 0 degrees C.","Fig. 3a (p. 192) plots ""Body temperature for the C, I, and P pups of Fig. 1 (9 pups/group), averaged across postnatal days 1-4"" as box plots; reading the panel gives C median 36.4 (min 35.3, Q1 35.9, Q3 36.7, max 37.1) and P median 34.95 (min 33.65, Q1 34.2, Q3 35.55, max 36.3), whose 5-number mean estimates are 36.31 and 34.93 - exactly the sheet's t2 and t1. These are skin temperatures (mean of nape and groin, Methods 2.2.2, p. 190), which the authors explicitly caution ""cannot be considered an accurate measure of core temperature"" and use only for ""relative differences in body temperature among pups"". The imposed room temperature was the same 25 degrees C declining to 22 degrees C for both groups (Methods 2.2.2-2.2.3, and Discussion p. 193).","t1 = 34.9, t2 = 36.3, dose = -1.3999999999999986, units.1 = celsius.","If the row is retained at all, do not populate t1/t2 with Fig. 3a body temperatures. Record the assigned ambient temperature (25 degrees C day 1 falling 1 degrees C per day to 22 degrees C) for both groups, move the 36.3 / 34.9 body temperatures and their -1.4 degrees C difference into the notes or a separate 'realised body temperature' field, and make clear that the thermal contrast is inferred rather than imposed so it is not pooled with studies whose t1/t2 are genuine treatment temperatures.","CONFIRMED (PDF, 17 Sep 2026): Sheet t1 = 34.9, t2 = 36.3 (dose -1.4) are the pups' mean body temperatures from Fig. 3a; all litters were in one cold room set at 25C and lowered by 1C each day (Methods 2.2).",NOT_VERIFIED,,,first-pass
s44,high,wrong-tissue,confirmed,merged_207; merged_208; merged_209; merged_210; merged_211; merged_212; merged_213; merged_214; merged_215; merged_216; merged_217; merged_218; merged_219; merged_220; merged_221; merged_222,"The 16 rows taken from Figure 4 are spinal cord data but are coded as tissue = ""brain stem"" (and tissue_sum = ""brain""); the study never sampled brain stem.","Methods, Experimental Protocol, p.337: ""discrete regions like cerebral cortex (CC), cerebellum (CB), medulla oblongata (MO) and spinal cord (SC) were quickly separated"" — four regions only, no brain stem. Fig. 4 caption, p.341: ""Effects of CPF, cold stress and their co-exposure on protein oxidation parameters in the spinal cord of different age group rats: a DNA content; b RNA content; c Total protein; d Protein carbonyl content; e Total protein thiol; f ALT activity; g AST activity. Results are presented as mean +/- SD, n = 6."" The Results section is likewise ordered Cerebral Cortex (Fig.1), Cerebellum (Fig.2), Medulla Oblongata (Fig.3), Spinal Cord (Fig.4). The medulla oblongata (the actual brain-stem region in this study) is already correctly assigned to the Figure 3 rows.","rows merged_207-merged_222 have ref = figure4d/4e/4f/4g with tissue = ""brain stem"" and tissue_sum = ""brain"".","Set tissue = ""spinal cord"" for merged_207-merged_222, and change tissue_sum from ""brain"" to ""spinal cord"" (or whatever the sheet's non-brain CNS level is) — spinal cord is not brain, so leaving tissue_sum = ""brain"" would also mis-pool these 16 rows in any brain-vs-other-tissue moderator.",CONFIRMED: PDF Fig 4 caption & Results: spinal cord; 'brain stem' never appears in paper,NOT_VERIFIED,,,first-pass
s44,high,wrong-direction,confirmed,merged_167; merged_168; merged_169; merged_170; merged_171; merged_172; merged_173; merged_174; merged_183; merged_184; merged_185; merged_186; merged_187; merged_188; merged_189; merged_190; merged_199; merged_200; merged_201; merged_202; merged_203; merged_204; merged_205; merged_206; merged_215; merged_216; merged_217; merged_218; merged_219; merged_220; merged_221; merged_222,"All 32 ALT and AST rows are coded mito_efficiency_dir = 1 (increase = higher mitochondrial respiratory function), but in this paper rising ALT/AST activity is explicitly a marker of cellular/oxidative damage, so the sign of every one of these effect sizes is inverted relative to the intended scale.","Methods, Biochemical Methods, p.337: ""Cellular damages were evaluated by measuring Alanine-aminotransferase (ALT) and Asparatate-aminotransferase (AST) activity levels by Reitman and Frankel"". Abstract, p.335: ""CPF and cold stress exposure either individually or in combination substantially increased the activity/levels of protein carbonyls, AST, ALT and decreased protein thiols, DNA, RNA and total proteins in discrete regions of CNS ... indicating the extent of oxidative macromolecular damage"". Results (e.g. Cerebral Cortex, p.337): ""protein carbonyl content and activity level of AST and ALT were markedly elevated"", reported as harm, alongside the carbonyl increase which the sheet itself codes as mito_efficiency_dir = 0. In the figures the cold-stress ALT/AST bars are 1.2-3x the control bars in every region and age (e.g. Fig.4g juvenile: control ~21 -> cold-15 ~59.8), i.e. the coding as-is turns cold-induced damage into a large apparent IMPROVEMENT in mitochondrial function.","mito_efficiency_dir = 1 on all ALT rows (measure_listed ""ALT"") and all AST rows (measure_listed ""AST""), the same direction code used for the protein-thiol antioxidant rows.","Either set mito_efficiency_dir = 0 for all 32 ALT/AST rows (so the increase is scored as reduced function, consistent with the paper's own interpretation and with the carbonyl rows), or drop these rows from the mitochondrial-function synthesis altogether (see the category finding) — but do not leave them at 1, which flips the sign of half this study's rows.","CONFIRMED: Sheet: all 32 ALT/AST rows mito_efficiency_dir = 1, category 'metabolic capacity' (paper-side interpretation not re-read)",NOT_VERIFIED,,,first-pass
s53,high,wrong-direction,confirmed,merged_265; merged_266,"The two LEAK rows are coded mito_efficiency_dir = 1, but LEAK is proton-leak / state-4-type respiration, which the project schema specifies must be coded 0, so the sign of these two effect sizes will be inverted downstream.","Methods 2.4, p. 47: ""Glutamate (10 mM) and malate (2 mM) were first added... This stage is denoted LEAK, because the lack of ADP prevents oxidative phosphorylation by ATP synthase, such that oxygen consumption at this stage represents that required to counteract proton slip and the leak of protons across the inner mitochondrial membrane and back into the mitochondrial matrix."" Values come from the LEAK group of bars in Fig. 4 (p. 49), panels ""Thigh at 30 C"" (cold ~7, warm ~15, n = 6 and 6) and ""Heart at 30 C"" (cold ~21, warm ~13, n = 4 and 6); Fig. 4 caption states ""Data are means+SE"".","merged_265 (thigh): mito_efficiency_dir = 1, respiration_category = basal, mean_t1 = 6.335, mean_t2 = 14.161. merged_266 (heart): mito_efficiency_dir = 1, respiration_category = basal, mean_t1 = 21.445, mean_t2 = 12.776. The sheet's own descrp_measure for both rows states the measure ""representes that required to counteract proton slip and the leak of protons acorss the inner mitochondrial membrane"".","Set mito_efficiency_dir = 0 for merged_265 and merged_266 (an increase in LEAK respiration indicates poorer coupling, i.e. lower respiratory efficiency). This matters materially: thigh LEAK is much lower in the cold group (6.3 vs 14.2), which with dir = 1 is scored as reduced function but with dir = 0 is scored as improved efficiency, so the sign of the thigh effect flips. If the review's respiration_category taxonomy distinguishes leak from basal, also review whether ""basal"" is the intended bin for a no-ADP LEAK state.","CONFIRMED: Sheet: 2 LEAK rows dir = 1; NB descrp_measure says the values are Q10 ratios, not rates",NOT_VERIFIED,,,first-pass
s58,high,wrong-group,confirmed,merged_277; merged_278; merged_279; merged_280,"Treatment and control slots are inverted: the paper's designated control group (natural cooled winter) is placed in the t1/treatment slot and the paper's experimental warm-winter group is placed in the t2/control slot, so every effect size for this study carries the opposite sign to a warming-as-treatment coding.","Methods p. 475 (PDF p. 3): ""Among the two or four growth tanks of each full-sibling family, the half was assigned to the control group and the other half to the warm winter treatment... water temperature in the warm winter group was maintained at 14 degrees C, whereas the temperature in the control group was gradually reduced from 14 degrees C in November to 9 degrees C in January and then increased to 14 degrees C in March, simulating the natural seasonal change in the River Ulla."" The whole paper frames the 14 degrees C constant group as the manipulation (""Warm acclimation during winter induced increased levels of oxidative DNA damage"", Abstract point 3) and Figure 1 x-axes are labelled Control | Warm, with the cooled group as Control. Fish had been reared from hatching under simulated natural River Ulla photoperiod and temperature (Methods p. 475), so the cooled group is the continuation of the natural regime, not a departure from it.","t1 = 11.5 (cooled group, n_t1 = 46/44 = paper's control), t2 = 14 (warm group, n_t2 = 44/41 = paper's warm treatment), dose = -2.5. Extractor note: ""the group that is cooled is listed as the control in this experiment as they argue that it mirrors natural conditions; we list the cooled group as the treatment as it is different to the housing conditions before the experiment.""","Swap the two groups in all four rows so t1 = 14 with the warm-group means/SD/n (mean_t1 = 12.6282/12.5077/27.0857/0.7983; n_t1 = 44/44/41/44) and t2 = 11.5 with the control-group values (mean_t2 = 9.9319/10.6872/16.5282/0.7425; n_t2 = 46/46/44/46), and set dose = +2.5. If the analysis instead relies on the signed dose column to orient effect sizes, document that explicitly and confirm the pipeline uses the sign of dose, because as coded these four effect sizes point the opposite way to studies coded warm-as-treatment.","CONFIRMED (PDF, 17 Sep 2026): Methods: 'the temperature in the warm winter group was maintained at 14C, whereas the temperature in the control group was gradually reduced from 14C in November to 9C in January ... simulating the natural seasonal change' - the paper's control is the cooled natural-winter group.",NOT_VERIFIED,,,first-pass
s59,high,derived-statistic,confirmed,merged_451,"Both SDs were back-calculated from the reported SEs using the wrong n (sqrt(10) instead of sqrt(5)), so sd_t1 and sd_t2 are inflated by a factor of sqrt(2) (~1.41).","Figure 1 Panel D legend (p. 1642) states ""Bars are SE"", and the Results text gives ""1.75 +/- 0.52 (SE)"" for N and ""0.25 +/- 0.11"" for T, with n = 5 per group (Methods p. 1641; Table 1 title p. 1643). Correct conversion sd = se * sqrt(5): 0.1076 * 2.2361 = 0.2406 for T, and 0.5188 * 2.2361 = 1.1601 for N. The sheet's values are exactly se * sqrt(10) (0.1076 * 3.1623 = 0.3403; 0.5188 * 3.1623 = 1.6407), confirming the wrong n was used.",sd_t1 = 0.340282 (se_t1 = 0.107607); sd_t2 = 1.640716 (se_t2 = 0.518840),"Recompute with n = 5: sd_t1 = 0.2406, sd_t2 = 1.1601. Because the effect-size variance depends on both n and sd, fix the n error (previous finding) and the SDs together rather than either alone.",CONFIRMED: Follows from verified n = 5 per group,NOT_VERIFIED,,,first-pass
s62,high,inclusion-criteria,confirmed,merged_299; merged_300; merged_301; merged_302; merged_303; merged_304; merged_305; merged_306; merged_307,"The 9 ETS-activity rows were measured with the ETS assay incubated at each group's own acclimation temperature, so the treatment-vs-control contrast is dominated by the acute thermal kinetics of the assay rather than by any developmental response - i.e. the rows come from a non-baseline level of a second factor (acute assay temperature).","Methods, ""ETS activity"", p. 1008: the supernatant + substrate + INT mixture was ""incubated for 25 min at 10, 12, 14 or 16 °C"" - the assay temperature was matched to each group's exposure temperature, not held at a common reference. The paper itself treats Fig. 1b as an acute thermal-sensitivity curve, reporting Q10 values for ETS in Table 2 (p. 1010: larvae 4.0, 1-month 4.2, 3-month 1.1) computed from exactly these bars. By contrast the CAT and GR assays were both run at a single common temperature of 25 °C for all groups (p. 1008), so only the ETS rows carry this confound. Fig. 1b error bars are mean ± SD (n = 8), and the plotted values are as extracted (measured larvae 10 °C = 218.6 ± 17.7-21.9, 16 °C = 498.7 ± 28.7).","merged_299-307 record ETS activity as measurement_category = ""metabolic capacity"", mito_efficiency_dir = 1, ref = figure1b, with no flag that the assay temperature tracked the treatment temperature. merged_299 alone yields SMDH ~11.9 (497.3 ± 27.1 vs 215.2 ± 19.9, n = 8 vs 8), and all 9 rows are strongly positive.","Either drop the 9 ETS rows, or retain them only behind an explicit ""assay temperature = exposure temperature"" moderator/flag and exclude them from the primary model. These effect sizes are not comparable to measures assayed at a common temperature (as CAT/GR here were) and, left in, will by themselves drive a large spurious positive effect of developmental warming on mitochondrial capacity.","CONFIRMED (PDF, 17 Sep 2026): Methods: ETS samples were 'incubated for 25 min at 10, 12, 14 or 16C' - each group assayed at its own experimental temperature, so the ETS contrasts include the acute effect of assay temperature.",NOT_VERIFIED,,,first-pass
s79,high,wrong-direction,confirmed,merged_458; merged_459,"Serum ALT and AST are coded mito_efficiency_dir = 1 (increase = better function), but the paper measures them as liver-injury markers where an increase means damage, so these two rows will enter the analysis with the sign reversed.","Methods section 2.4 is titled ""Liver injury parameters"" (p.660): ""Liver function was evaluated by measuring the serum levels of ALT and AST."" Discussion (p.664): ""changes in the activities of ALT and AST in serum often reflect cell damage in liver [26]. In this study, the activities of ALT and AST increased with up to 3 h of heat stress, suggesting that the liver of pikeperch had suffered damage to some extent."" Fig. 3a/3b (p.663) show both rising above the 23 degC control under heat stress.","merged_458 ALT: mito_efficiency_dir = 1, mean_t1 = 46.29 > mean_t2 = 26.29 U/L; merged_459 AST: mito_efficiency_dir = 1, mean_t1 = 203.97 > mean_t2 = 112.18 U/L. As coded, heat stress is scored as IMPROVING mitochondrial/respiratory function in both rows.","If these rows are retained at all, set mito_efficiency_dir = 0 for both so the elevation is scored as impaired function. Preferably drop them (see the wrong-category finding).",CONFIRMED: Sheet: ALT/AST rows dir = 1 (paper-side interpretation not re-read),NOT_VERIFIED,,,first-pass
s92,high,wrong-direction,confirmed,merged_318; merged_319,"HOAD (3-hydroxyacyl-CoA dehydrogenase) is coded as measurement_category ""non-mitochondrial metabolic pathways"" with mito_efficiency_dir = 0, but it is a mitochondrial matrix beta-oxidation enzyme, so the sign of both HOAD effect sizes will be flipped downstream and they will be pooled under the wrong category.","Introduction, p. 1371: ""We focused our efforts on enzymes that reflect the flux capacity of oxidative phosphorylation [cytochrome c oxidase (COX)], the citric acid cycle [citrate synthase (CS)], glycolysis [pyruvate kinase (PK) and lactate dehydrogenase (LDH)] and fatty acid oxidation [hydroxyacyl-coA dehydrogenase (HOAD)]"". The abbreviation list on p. 1371 defines HOAD as 3-hydroxyacyl-coA dehydrogenase, the third enzyme of the mitochondrial beta-oxidation spiral; the assay (p. 1379: 50 imidazole, 0.1 acetoacetyl-coA, 0.3 NADH, pH 7.2) measures that matrix enzyme. Higher HOAD activity indicates greater mitochondrial fatty-acid oxidation capacity, i.e. higher respiratory function, exactly as for the CS and COX rows in this same study.","measurement_category = ""non-mitochondrial metabolic pathways"", mito_efficiency_dir = 0, mito_ambiguity = ""ambiguous"" for merged_318 and merged_319 — the same coding given to the genuinely cytosolic PK and LDH rows, while CS and COX (also mitochondrial markers from the same figure) are correctly coded ""metabolic capacity"" with dir = 1.","Set measurement_category = ""metabolic capacity"" and mito_efficiency_dir = 1 for merged_318 and merged_319, matching the treatment of CS and COX. (PK and LDH rows are correctly left in ""non-mitochondrial metabolic pathways"".)","CONFIRMED (PDF, 17 Sep 2026): Introduction p1371: enzymes chosen to reflect '... fatty acid oxidation [hydroxyacyl-coA dehydrogenase (HOAD)]' - a mitochondrial beta-oxidation enzyme, so 'non-mitochondrial' and direction code 0 are wrong.",NOT_VERIFIED,,,first-pass
s99,high,wrong-category,confirmed,merged_360,"Alkaline phosphatase is one of the paper's four DIGESTIVE enzymes, not a mitochondrial marker, yet it is coded measurement_category = 'metabolic capacity' with mito_efficiency_dir = 1 and mito_ambiguity = 'not-ambiguous', so a 2-fold drop in a digestive ectoenzyme enters the meta-analysis as the study's largest 'reduced mitochondrial respiratory function' effect.","Methods 2.7 is headed 'Measurement of digestive enzyme activity' and lists trypsin, lipase, amylase and ALP; ALP is assayed on body-tissue homogenate supernatant with disodium phenyl phosphate as substrate (Hausamen et al. 1967). The row's own ref, Fig 5D (p.72), sits in a figure legended 'Fig. 5. Digestive enzymes activities of S. aequifasciatus juveniles... (A) trypsin, (B) lipase, (C) amylase and (D) alkaline phosphatase (ALP)'. The Introduction (p.2) groups ALP with 'digestive enzymes activities' and separates it explicitly from 'energy metabolism related enzymes activities (i.e. ETS, LDH, CS and COX)', which are the Fig. 6 panels. ALP is nowhere described as mitochondrial. Values in Fig 5D dark bars: 28 degC ~553, 31 degC ~270 (Table 1 ALP temperature F = 924.654, p < 0.001), so the drop itself is real - the problem is what it is being counted as. ALP also does not appear in the project's own 'mito_definitions' sheet, unlike CS and CcO.","measurement_category = 'metabolic capacity', mito_efficiency_dir = 1, mito_ambiguity = 'not-ambiguous', measure_listed = 'ALP', with a descrp_measure that itself concedes the link is speculative ('here listed as a digestive enzyme but... might help mitochondrial function by liberating phosphates from organic molecules'); yields SMD ~ -16.4 (autoflagged).","Drop merged_360, or at minimum recode measurement_category to 'non-mitochondrial metabolic pathways' and mito_ambiguity to 'ambiguous' so it cannot contribute to the mitochondrial-function estimate. Apply the same decision to the ALP rows of the companion study s23 (Wen et al. 2017), which are coded the same way.","CONFIRMED (PDF, 17 Sep 2026): Fig. 5 caption p72: 'Digestive enzymes activities of S. aequifasciatus juveniles ...' - alkaline phosphatase is one of the paper's digestive enzymes, not a mitochondrial marker.",NOT_VERIFIED,,,first-pass
N13,medium,missing-data,not independently verified,merged_422; merged_423; merged_424,"Three eligible UCP1-protein effect sizes from Table 4 (immuno-EM gold-particle quantification in 30-day-old rats) were not extracted, even though they are directly parallel to the UCP1 mRNA rows that were extracted and meet every inclusion criterion.","Table 4, p. 576, 'Distribution of anti-UCP1-antibody-protein-A-gold complex particles (UCP1-gold particles) in brown adipocytes of 30-day-old rats delivered and raised in a temperature environment of 33degC, as compared to animals delivered and raised at 20degC.' Columns 'Control (20degC) (n-3)' and 'Temperature of 33degC (n-3)'; footnote 'Data are the mean+/-SD from three animals in each group.' Rows with error statistics: 'No. of UCP1-gold particles per um2 mitochondrial cristae' 43.1+/-11.9 vs 4.9+/-6.3***; 'per um2 mitochondrial matrix' 5.8+/-3.9 vs 1.6+/-3.1; 'per um2 outer mitochondrial membrane' 1.9+/-1.1 vs 0.3+/-0.5***. Corroborated in the text p. 575: 'There were only 5 UCP1-gold particles per um2 of mitochondrial cristae, 1.6 UCP1-gold particles per um2 of the intramembranous space and the mitochondrial matrix, and 0.3 UCP1-gold particles per um2 in the outer mitochondrial membrane' and p. 574 '85% of the UCP1-gold particles were distributed over the mitochondrial cristae, 11% over the intramembranous space... and 4% over the outer mitochondrial membrane'. These are the same 3 perfused animals per group used for Table 2 (Methods p. 569: 'Three animals per age group in deep anesthesia were perfused transcardially'; the IEM half of each IBAT sample came from those same animals).",,"Add at minimum the primary Table 4 row as a new effect size: t1=33, t2=20, mean_t1 4.9, sd_t1 6.3, n_t1 3, mean_t2 43.1, sd_t2 11.9, n_t2 3, units 'UCP1-gold particles/um2 mitochondrial cristae', ref 'table4', 30-day timepoint, sample_depend matching the 30-d morphometry cohort, and code it exactly like the existing UCP1 rows (measurement_category 'metabolic capacity', mito_efficiency_dir 0) for internal consistency. Consider the matrix and outer-membrane rows too, but note SD > mean for the 33degC matrix value (1.6+/-3.1), so lnRR is unstable there and SMD is the safer metric. Do NOT extract the last two Table 4 rows ('per um3 mitochondria' 1.41c-1.61d vs 0.20c-0.27d; 'per adipocyte' 2.63c-2.99d vs 0.25c-0.34d) - the footnotes state these are recalculated ranges with no error statistic, so they fail inclusion criterion 2.",,VERIFIER_ONLY,,,verifier
N17,medium,wrong-n,not independently verified,merged_443; merged_444; merged_445; merged_446; merged_447; merged_448; merged_449; merged_450,"The eight enzyme rows use n = 15 per group, but every enzyme ANOVA in the paper is reported with 24 between-subject error df, implying only 27 fish (9 per group) contributed enzyme data; because sd was computed as se * sqrt(n), an n of 15 inflates every enzyme SD by ~29%.","Results, pp. 737-738: liver LDH F2,24 = 7.120 and F4,96 = 9.961; muscle LDH F2,24 = 0.635 and F4,96 = 49.528; liver CCO F2,24 = 2.181 and F4,96 = 31.454; muscle CCO F2,24 = 0.251 and F4,96 = 28.376. With three acclimation groups and 5 test temperatures as repeated measures, 24 = N - 3 and 96 = 4 * 24 give N = 27, i.e. 9 per group. The Fig. 4 caption (p. 738) states no n. By contrast the mitochondrial MO2 analyses are F2,40 / F4,160 and F2,41 / F4,164 (N = 43-44, ~15 per group), consistent with the n = 15 printed in the Fig. 3 caption. The paper's Methods (p. 734) nevertheless state n = 5 x 3 = 15 fish per acclimation treatment for both mitochondrial MO2 and enzyme activities, so the paper is internally inconsistent here.",n_t1 = n_t2 = 15 on all eight enzyme rows; sd = se * sqrt(15) = se * 3.8730 in every cell (verified numerically).,"Decide and document one convention for the enzyme rows. Preferred: set n_t1 = n_t2 = 9 for merged_443-450 and recompute sd = se * 3 (e.g. merged_447 liver LDH 14 degC: sd 5.595 -> 4.334; control 22 degC: sd 3.255 -> 2.522). If n = 15 is retained on the strength of the Methods statement, record in the study notes that the reported enzyme ANOVA df imply 9 per group so the SDs are likely over-estimated by ~29%. Leave merged_437-442 at n = 15 (supported by both the Fig. 3 caption and the df).",,NOT_VERIFIED,,,first-pass
N5,medium,derived-statistic,confirmed,merged_421,"The SD was back-calculated from the paper's SEM using n = 5 while the printed SEM is an N = 20 SEM, so sd_t1/sd_t2 are half the animal-level SD the paper implies; any standardised (SMD/Hedges g) effect size from this row will be about 2x too large.","Methods 2.5, p. 452: ""We used five litters per group, each litter with six animals. Then, measurements were performed on four animals/litter... for a total of N=20 per group. All data are reported as means +/- 1 S.E.M."" Table 1 footnote, p. 454: ""Values are group means +/- 1 S.E.M. Number of animals was 20 in each group."" Hence the animal-level SDs implied by Table 1 are 8*sqrt(20) = 35.8 and 6*sqrt(20) = 26.8 (% of control).",n_t1 = n_t2 = 5 with sd_t1 = 17.8885 = 8*sqrt(5) and sd_t2 = 13.4164 = 6*sqrt(5); the extractor note states n = 5 litters was chosen deliberately to avoid pseudoreplication.,"Make the SD and n mutually consistent. Either (a) keep the paper's basis: n = 20, sd = 35.78 and 26.83; or (b) keep the conservative litter-level n = 5 but state explicitly that the printed SEM is being treated as the litter-level SEM (which is what sd = se*sqrt(5) assumes) and, if the analysis uses SMD, note that this halves the pooled SD relative to the paper. For lnRR the two options are equivalent (sd^2/n = se^2 either way), so if the meta-analysis is lnRR-based this is a documentation fix; if SMD is computed anywhere, option (a) or an explicit sensitivity check is needed.",,CONFIRMED,"Verified numerically and against the paper. Methods 2.5 (p. 452): ""We used five litters per group, each litter with six animals. Then, measurements were performed on four animals/litter, chosen randomly among the six, for a total of N=20 per group. All data are reported as means +/- 1 S.E.M."" The Table 1 footnote (p. 454) repeats it: ""Values are group means +/- 1 S.E.M. Number of animals was 20 in each group."" The sheet's sd values are exactly se*sqrt(5) (8*sqrt(5) = 17.888544 = sd_t1; 6*sqrt(5) = 13.416408 = sd_t2), while the SEM printed in Table 1 is an N = 20 SEM, so the animal-level SDs are 8*sqrt(20) = 35.777 and 6*sqrt(20) = 26.833 - exactly 2x the sheet values, as the first pass states. I upgrade the severity from medium to high on one point the first pass left conditional: it hedged that ""if the meta-analysis is lnRR-based this is a documentation fix"", but the project is NOT lnRR-based. R/1_data_process.R line 288 computes metafor::escalc(measure = ""SMDH"", ...) with an explicit comment rejecting lnRR (""The data contain ratios (RCR, relative expression), percentages, zeros and skewed measurement variables, all of which complicate lnRR""). So the mismatch is fully load-bearing, not documentation: with the groups swapped back, n = 5 gives SMDH = 3.858 (v = 1.503, SE = 1.23) whereas n = 20 gives SMDH = 1.929 (v = 0.158, SE = 0.40). The row is therefore simultaneously an extreme magnitude outlier (2x) and ~9.5x less precise than the paper supports, so it is both over-stated and badly weighted. The extractor's pseudoreplication concern is legitimate in principle (temperature was assigned at the litter level - ""At day 1, the litter was assigned to one of two groups""), but pairing a between-animal SEM with a litter-level n is the wrong way to implement it, because sd = se*sqrt(5) silently doubles the effect size instead of down-weighting it.",,first-pass
N5,medium,moderator-coding,not independently verified,merged_421,"`sex` is coded ""both"", but the study used male rats exclusively.","Methods opening, p. 450: ""Experiments were performed on pathogen-free male Sprague-Dawley rats, from a local colony."" Methods p. 450 again: ""On day 1 (birthday, day 0) the litter was culled to 6 pups/litter, giving preference to the male gender, since measurements had to be performed only on male rats."" No females were measured anywhere in the paper. ""male"" is an established level of this column in the sheet (92 of 550 rows use it), so this is a miscoding rather than a coarse convention.",,"Set sex = ""male"" for row merged_421.",,VERIFIER_ONLY,,,verifier
Recio8,medium,wrong-value,not independently verified,merged_388,"The heat-wave SD for muscle catalase is a degenerate near-zero value that cannot be reconciled with Figure 2B, where that bar carries an error bar the same size as the control's.","Figure 2B, p. 5 (CAT activity, muscle group, white = heat wave), caption ""mean +/- standard error (SE)"", n = 10. Panel scale 15.82 px per U/mgprot (ticks: 0 at y=1032, 10 at y=874). Heat-wave muscle bar: error-bar cap at rows 1003-1006 (x 2513-2534, centred on the bar), bar top at rows 1007-1008 -> plotted SE ~0.19-0.25. Control muscle bar: cap at rows 1005-1008, bar top at rows 1009-1010 -> the same ~0.19-0.25. The two error bars are indistinguishable in size.","sd_t1 = 0.00935, se_t1 = 0.00296 for mean_t1 = 1.7741 (CV = 0.5% across 10 turtles), while the control group in the same row has sd_t2 = 0.81346 (CV = 49%).","Re-digitise the heat-wave error bar: se_t1 ~ 0.19-0.26 and sd_t1 ~ 0.6-0.8, i.e. comparable to sd_t2. The near-zero value looks like the error-bar cap having been clicked at the bar top. Downstream this inflates precision and shrinks the pooled SD for this row (pooled SD 0.575 instead of ~0.76, SMD inflated ~30%).",,NOT_VERIFIED,,,first-pass
Wild7,medium,shared-control,not independently verified,merged_407; merged_417; merged_412; merged_410; merged_415; merged_420,"Two shared control cells are entered with two different sets of statistics across rows that must share the same control group, and in Fig 2b the version used by merged_407/merged_417 is the wrong read (the mean sits at the top of the error bar and the SEM is ~2x too small).","Fig 2b (p.1113, NEAC CCO), 3 C control bar measured by pixel calibration (ticks 0/2/4/6): bar top = 1.556 U mg FW-1, error cap = 1.632, i.e. SEM ~= 0.074. There is only ONE NEAC 3 C control group (Methods p.1111; Table 1 NEAC ""3 C control"" n=3), so all three contrasts must use identical control statistics. Same problem in Fig 3b (p.1114) 3 C control: measured 0.2301 +/- ~0.005.","Fig2b control entered as mean_t2 = 1.66030, se_t2 = 0.035807, sd_t2 = 0.124039 in merged_407 and merged_417, but as mean_t2 = 1.52305, se_t2 = 0.080160, sd_t2 = 0.277683 in merged_412. Fig3b control entered as 0.226103 (merged_410) but 0.242978 (merged_415, merged_420).",Re-digitise each shared control once and copy the identical mean/se/n to all rows that use it. For Fig 2b use ~1.53-1.56 with se ~0.074-0.080 (merged_412's version is the accurate one); for Fig 3b use ~0.226-0.230 with se ~0.006-0.009 (merged_410's version).,,NOT_VERIFIED,,,first-pass
Wild7,medium,derived-statistic,not independently verified,merged_395; merged_400; merged_405; merged_410; merged_415; merged_420,"The six CCO:CS ratio rows are a quotient of the CS and CCO rows already extracted from the same fish, so the same underlying data enter the analysis twice; the ratio values in Fig 3 are also not reproducible from the CS/CCO panel means, so they cannot be reconciled with the component rows.","Data analysis p.1112: ""The CCO:CS ratio was calculated for both species"" - Fig 3 is derived from the CS (Fig 1a/2a) and CCO (Fig 1b/2b) data plotted in the same paper, measured on the same hearts. Reproducibility check from the pixel-measured panel means: NEAC 3 C 1.556/6.774 = 0.230 matches Fig 3b (0.230), and 12 C 2.79/3.90 = 0.715 matches (0.723), but NEAC 8 C 2.16/4.88 = 0.44 while Fig 3b shows 0.600, and the Fig 3b SEMs at 3 C and 8 C (~0.005, ~0.006) are far smaller than propagation from the component SEMs (CCO 5% and CS 5-10%) would give. These two cells drive the extreme SMDs flagged for merged_410.","merged_395/400/405 (polar cod, ref figure3a) and merged_410/415/420 (NEAC, ref figure3b) are recorded as independent effect sizes with the same sample_depend codes (1-6) as the CS and CCO rows.","Decide explicitly whether to keep the CCO:CS ratio rows or the CS + CCO component rows; if both are kept, mark the ratio rows as non-independent of the CS/CCO rows (shared samples) so the variance-covariance structure accounts for it, and flag merged_410 as an outlier candidate given the unreproducible Fig 3b 8 C value.",,NOT_VERIFIED,,,first-pass
Wild7,medium,inclusion-criteria,not independently verified,merged_391; merged_392; merged_393; merged_394; merged_395; merged_396; merged_397; merged_398; merged_399; merged_400; merged_401; merged_402; merged_403; merged_404; merged_405; merged_406; merged_407; merged_408; merged_409; merged_410; merged_411; merged_412; merged_413; merged_414; merged_415; merged_416; merged_417; merged_418; merged_419; merged_420,"Every effect size compares groups that were assayed at DIFFERENT acute temperatures (each group measured at its own acclimation temperature), so the contrast confounds chronic developmental temperature with the acute Q10 effect of the assay temperature; the crossed second factor (assay temperature) is therefore not held at a baseline level.","Methods p.1112: ""Enzyme activities of each sample were measured at all four treatment temperatures for the species... The buffer pH was set to be constant at the acclimation temperatures to simulate the acclimation and to change according to temperature variation during the acute test."" Fig 1 caption (p.1113): ""acclimated and measured at the respective acclimation temperature""; Fig 2: ""measured at the respective acclimation temperatures""; Fig 3: ""measured at acclimation temperature""; every x-axis is labelled ""Acclimation and assay temperature (degrees C)"". The common-assay-temperature data exist (they underlie the Q10 values in Table S1, p.1113) but are not plotted, so the figures the rows come from are the confounded comparison. Magnitude is not trivial: reported Q10s span ~0.06-4.4.","All 30 rows are drawn from figure1a-d, figure2a-d, figure3a-b, i.e. the acclimation-temperature-matched assay, with no column recording the assay temperature; the sheet treats them as pure developmental-temperature contrasts.","Either add a moderator/flag recording that assay temperature = acclimation temperature for this study (and test its influence), or request the common-assay-temperature values behind Table S1 from the authors, or exclude the study under criterion 4 if the review requires the second factor at a baseline level.",,NOT_VERIFIED,,,first-pass
WildNew1,medium,other,not independently verified,kris_n_460; kris_n_461; kris_n_462; kris_n_463; kris_n_464; kris_n_465; kris_n_466; kris_n_467; kris_n_468; kris_n_469,"Sex is coded 'both' for all 10 rows, but only male fish were used.","Methods, 'Fish collection and acclimation treatments', p. 585: 'Male mosquito fish were then transferred to a controlled temperature room and allocated randomly to one of six treatment groups'. No females entered the experiment; the extractor's own study note also says 'wild caught juv male fish'.",sex = 'both' on every row.,Set sex = 'male' for all 10 rows.,,NOT_VERIFIED,,,first-pass
WildNew1,medium,inclusion-criteria,not independently verified,kris_n_460; kris_n_461; kris_n_462; kris_n_463; kris_n_464; kris_n_465; kris_n_466; kris_n_467; kris_n_468; kris_n_469,"Developmental-stage eligibility is unverified and probably violated: the temperature exposure is a 4-week thermal ACCLIMATION of wild-caught fish that were already sexable as males, the paper reports no ages or body sizes, and the paper's own 'developmental' factor is season of capture (field seasonality), which criterion 3 excludes.","Methods p. 585: juveniles caught in late summer and winter, held >=1 week, then 'Male mosquito fish' were assigned to treatments; temperature was ramped 1-2 C/day over ~1 week and 'Acclimation treatments then were started ... and carried out for 4 weeks'. The paper frames the temperature factor throughout as acclimation (adult/reversible plasticity; Table 8 p. 593 is titled 'effects of developmental conditions and acclimation', where 'developmental condition' = summer- vs winter-caught cohort, i.e. field seasonal history). No ages, masses or maturity criteria are reported anywhere; in Gambusia, fish can only be identified as male once the gonopodium has formed at maturation.","stage = postnatal, post_natal_trt_start = 35 d, postnatal_trt_end = 63 d, dur = 28 d (the extractor's note states these life-history timings 'came from fishbase', not from the paper); total_trt_duration = 28 d, which also omits the ~7-day ramp-up of temperature exposure.","Make an explicit inclusion decision for this study (pre-maturity requirement, criterion 1, and 'treatment spanning development into sexual maturity', criterion 3) and record that the 35-63 d window is an external FishBase estimate rather than paper-reported. If retained, consider total exposure of ~35 d including the ramp.",,NOT_VERIFIED,,,first-pass
WildNew4,medium,wrong-category,not independently verified,kris_n_491,"Myofibrillar (myosin) ATPase activity is classified as measurement_category ""metabolic capacity"" with mito_efficiency_dir = 1, but it is a cytosolic contractile-protein ATP-hydrolysis (demand) rate measured in an isolated myofibrillar fraction that contains no mitochondria, so it is neither a mitochondrial marker nor an ATP-producing capacity.","Methods, ""Enzyme assays"", p. R1026: ""Myofibrils were isolated from muscle tissue samples as described previously (5, 48), and ATPase activity was assayed in a linked enzyme assay that measured the disappearance of NADH at 340 nm""; the assay medium contains exogenous LDH and pyruvate kinase, and ""The protein concentration of the myofibrillar solution was determined by the bicinchoninic acid method"". Fig. 4C (p. R1029) axis: ""ATPase activity (umol min-1 mg protein-1)"". The Discussion (p. R1028) treats it purely as a contractile property: ""Hydrolysis of ATP by myosin ATPase activity drives the cycle of interaction between actin and myosin"", and the paper's own framing separates it from the ""metabolic capacities"" (LDH, COX): ""Neither aerobic nor anaerobic metabolic capacities were directly linked to changes in muscle performance"" (Abstract). Note also that the significant interaction is in the opposite direction to a mitochondrial-improvement reading: warm-acclimated animals had HIGHER thermal sensitivity (Q10 3.13 vs 2.16).","measurement_category = ""metabolic capacity"", mito_efficiency_dir = 1, measure_listed = ""ATPase"", mito_ambiguity = ""ambiguous"", units = ""umol substrate converted min-1 mg-1 myofibrillar protein"".","Move to measurement_category = ""non-mitochondrial metabolic pathways"", by the same logic the sheet already applies to LDH (cytosolic/anaerobic, coded non-mitochondrial in 31 of 33 LDH rows), and re-decide mito_efficiency_dir on that basis - dir = 1 currently asserts that faster myosin ATP hydrolysis means better mitochondrial respiratory function, which the paper does not support. Alternatively drop the row as not measuring mitochondrial respiratory function at all. Note this is not an established sheet convention for myofibrillar ATPase: the other 16 rows coded ""ATPase""/""metabolic capacity""/dir 1 are Na+/K+-ATPase (WildNew2, Arjona et al. 2010) or generic ""adenosine triphosphatase"" (s29, Akhtar 2013), not a myofibrillar/myosin ATPase, so this row should be reviewed on its own merits.",,NOT_VERIFIED,,,first-pass
WildNew4,medium,inclusion-criteria,not independently verified,kris_n_491,"For the ATPase row the extracted values come from the 20 degrees C level of a crossed second factor (acute assay temperature) that is not a neutral baseline, and the paper reports a significant acclimation x test-temperature interaction that reverses the sign of the acclimation effect between the two assay temperatures - so the effect size is entirely an artefact of the undocumented panel choice.","Results, Enzyme Activities, p. R1026: ""There was a significant interaction in myofibrillar ATPase activity between test temperature and acclimation treatment (F1,14 = 7.41, P < 0.02; Fig. 4C). This interaction is reflected in the Q10 values (cold-acclimated animals, Q10 = 2.16 +/- 0.33; warm-acclimated animals, Q10 = 3.13 +/- 0.23), which were significantly greater in warm-acclimated crocodiles (t14 = -2.39, P < 0.04)."" Fig. 4C (p. R1029), digitised at 600 dpi: at the 20 C test temperature cold = ~0.305 (SE ~0.075) vs warm = ~0.263 (SE ~0.052), i.e. control > treatment; at the 30 C test temperature cold = ~0.505 (SE ~0.025) vs warm = ~0.745 (SE ~0.11), i.e. treatment > control by a large margin. Methods p. R1026 confirms the crossing: ""All enzyme assays were conducted in duplicate at 20 degrees C and 30 degrees C"", with ""test temperature as a repeated measure"". 20 C is also not neutral: it is the cold (control) group's own acclimation temperature (cold treatment air 20.2 C, p. R1025), so the control is assayed at its home temperature while the 29 C treatment group is assayed ~9 C below its own.","mean_t1 = 0.251 (se 0.05504), mean_t2 = 0.300 (se 0.078), giving a negative effect of warm acclimation; taken from the 20 C assay bars only. No column anywhere in the row records which assay temperature was used - descrp_measure just says ""assayed at 20 and 30C"".","Record the assay temperature explicitly for this row and adopt a documented, project-wide rule for the acute-assay-temperature factor (e.g. always use each group's own acclimation temperature, always use a single common temperature, or fit assay temperature as a moderator). At minimum flag this row as interaction-dependent and run a sensitivity analysis with the 30 C panel, since the sign of the effect flips. The same panel-choice question applies to kris_n_489 and kris_n_490 but is immaterial there, because the paper reports no acclimation effect and no interaction for LDH or COX (both F1,14 < 1.30, P > 0.27).",,NOT_VERIFIED,,,first-pass
WildNew5,medium,wrong-value,not independently verified,kris_n_498,"The liver oligomycin-inhibited (state 4 / Leak) means are ~26% higher than the plotted bars in Fig 3, and sd_t2 is ~1.9x the plotted error bar - the numbers appear to have been clicked at/above the error-bar caps rather than the bar tops.","Fig 3 (Liver mitochondria, p. 58), S4 20 degC pair, digitised at 400 and 500 dpi with the axis calibrated on the 0/20/40/60 ticks: warm (black) bar top = 3.72 with cap at 4.65 (SD 0.93); cold (white) bar top = 3.41 with cap at 3.72 (SD 0.31). The calibration is verified by the paper's own text on p. 57: ""oligomycin-inhibited rates were 2.2-fold higher in warm- than cold-acclimated alligators"" at their respective acclimation temperatures = warm S4 30 degC (7.13) / cold S4 20 degC (3.41) = 2.09; using the sheet's 4.31 for cold would give only 1.65. The same panel's S3 bars (row kris_n_497) were digitised correctly (17.26/20.88 measured vs 17.55/20.82 in the sheet), so the axis calibration itself was fine. Error statistic in this figure is SD (p. 56).","mean_t1 = 4.689, sd_t1 = 1.0196, mean_t2 = 4.3097, sd_t2 = 0.5845 (mean_t1 4.689 is essentially the warm error-bar cap, 4.65).","Re-digitise Fig 3 S4 20 degC: mean_t1 (29 degC/warm) = 3.72, sd_t1 = 0.93; mean_t2 (20 degC/cold) = 3.41, sd_t2 = 0.31; then recompute se_*. Note this also contradicts the extractor note (""Could not determine error bars for state 4 for any of the figures so did not extract these data""), which is stale - state-4 rows 493 and 498 are present with SDs.",,NOT_VERIFIED,,,first-pass
WildNew6,medium,description-mismatch,not independently verified,kris_n_514; kris_n_515; kris_n_516; kris_n_517; kris_n_518; kris_n_519; kris_n_521; kris_n_522; kris_n_523; kris_n_524; kris_n_525; kris_n_526; kris_n_527; kris_n_528; kris_n_529; kris_n_530; kris_n_532; kris_n_533; kris_n_534; kris_n_535; kris_n_536; kris_n_537; kris_n_538; kris_n_539; kris_n_540; kris_n_541,"Every row is coded dur_trt_postnatal = total_trt_duration = 42 days, but this is a time-course design in which each row is a different exposure duration (0 h to 42 days); only the 6-week rows actually had 42 days of treatment, so treatment duration is mis-recorded for 26 of 31 rows.","Methods, p. 733: tissue was sampled 'immediately before (0 h) temperature change, and at 3 h, 12 h, 24 h, 72 h, 168 h (1 week), and then once per week to 6 weeks. Axial (tail) muscle was taken at all times... Liver was dissected from tadpoles in each treatment at the conclusion of the experiment (6 weeks). Eight tadpoles were taken from each treatment at each sampling time.' Each sampling time is an independent set of animals, so each row's exposure duration equals its own sampling time (Table 1 p. 735 and Fig. 2 p. 734 column/x-axis headings), not 42 days. The paper's whole point is the time course: 'The two treatment groups are significantly different from one another from 21 days onwards' (p. 734).","dur_trt_postnatal = 42, postnatal_unit = days, total_trt_duration = 42, total_trt_unit = days on all 31 rows, including rows whose descrp_measure says 'sampled at 0 h', '3h', '12h', '24h', '72 h', '1 week', ... '5 weeks'. Only kris_n_520, 531, 542 (6-week axial) and 543, 544 (liver) are genuinely 42-day exposures.","Set dur_trt_postnatal / total_trt_duration to the actual exposure at sampling for each row (0, 0.125, 0.5, 1, 3, 7, 14, 21, 28, 35, 42 days), keeping total_trt_unit = days. Otherwise exposure duration is unusable as a moderator and this study contributes 26 rows falsely labelled as long (42-day) exposures.",,NOT_VERIFIED,,,first-pass
WildNew7,medium,description-mismatch,confirmed,kris_n_546; kris_n_547,"descrp_measure names the wrong acclimation group in two rows: the 30 deg C warm row is described as ""after stepped-cold acclimation"" and the 15 deg C cold row as ""after warm acclimation"".","The paper's only warm treatment is 30 deg C and its cold treatments are 20 and 15 deg C, relative to the native 24.5 deg C (abstract, Crossref DOI 10.1111/j.0022-1112.2005.00795.x: ""temperatures higher (30 deg C) and lower (20 and 15 deg C) than their native temperature (24.5 deg C)""). A row with t1 = 30 therefore cannot be ""stepped-cold"" and a row with t1 = 15 cannot be ""warm"". descrp_measure was evidently filled per-enzyme (both CS rows say ""stepped-cold"", both LDH rows say ""warm"") instead of per-group, so exactly one row in each enzyme pair is mislabelled.","kris_n_546: t1 = 30, descrp_measure = ""white muscle citrate synthase activity after stepped-cold acclimation; assays at 15, 20, 25, and 30C"". kris_n_547: t1 = 15, descrp_measure = ""white muscle lactate dehydrogenase activity after warm acclimation; assays at 15, 20, 25, and 30C"".","Rewrite descrp_measure from the row's own t1: kris_n_546 -> ""white muscle citrate synthase activity after warm (30C) acclimation...""; kris_n_547 -> ""white muscle lactate dehydrogenase activity after stepped-cold (15C) acclimation..."". The numeric cells themselves are consistent with the paper's reported direction/significance pattern, so treat this as a labelling fix, not a value fix.","CONFIRMED (PDF): Fig. 2 legend - white = stepped-cold 15C, grey = control 24.5C, black = warm 30C; row 546 holds the black (30C) bar, row 547 the white (15C) bar.",NOT_VERIFIED,,,first-pass
WildNew7,medium,other,confirmed,kris_n_545; kris_n_546; kris_n_547; kris_n_548,"Treatment duration is keyed to the enzyme rather than to the acclimation group, so the same treatment group is given two different exposure durations depending on which enzyme the row reports.","There are only two treatment groups behind these four rows (15 deg C and 30 deg C, abstract, Crossref DOI 10.1111/j.0022-1112.2005.00795.x), and both enzymes were assayed on the same animals from the same acclimations (identical measurement_methods string: one white-muscle crude homogenate per animal, CS and LDH both assayed in duplicate). A single group therefore has exactly one exposure duration. The extractor note describes the stepped-cold group as 20 deg C for ~4 months then 15 deg C for ~5 months (= ~270 d total, with ~120 d being only the first 20 deg C step), so 270 and 120 are two different quantities that have been distributed by enzyme instead of by group.",dur_trt_postnatal / total_trt_duration = 270 d for both CS rows (kris_n_545 t1=15 AND kris_n_546 t1=30) but 120 d for both LDH rows (kris_n_547 t1=15 AND kris_n_548 t1=30). The derived moderators inherit the error: relative_postnatal_duration / relative_total_duration = 0.3288 in the CS rows vs 0.1461 in the LDH rows for the very same groups.,"Assign one duration per treatment group and apply it to both enzymes: the 15 deg C stepped-cold group should carry its full cumulative cold exposure (~270 d if the 20 deg C step is counted, or the 15 deg C step alone if the project counts only the final temperature -- state which convention is used), and the 30 deg C group should carry its own separately-reported duration. Then recompute relative_postnatal_duration / relative_total_duration. Because the full text is unavailable, the actual 30 deg C exposure length needs to be re-read from the paper's Methods before the cells are finalised.","CONFIRMED (PDF) Methods p952-953: stepped-cold = ~4 months at 20C then ~5 months at 15C (~270 d); warm = 30C for 4 months (~120 d). Correct dur_trt_postnatal: kris_n_545 270, kris_n_546 120, kris_n_547 270, kris_n_548 120.",NOT_VERIFIED,,,first-pass
WildNew8,medium,wrong-tissue,not independently verified,kris_n_549; kris_n_550,"The coarse `tissue_sum` labels are swapped between the two rows, so each row's tissue grouping contradicts its own `tissue` field and its data.","Fig. 5A (p. 104) and Sampling (p. 97) give two tissues only: white muscle and liver. Fig. 5A and Table 5 show white muscle umax/Vmax is consistently ~1.5-2x liver at every temperature, so the higher-valued row is muscle and the lower-valued row is liver.","kris_n_549: tissue = ""liver"", tissue_sum = ""skeletal muscle"" (means 4.16/6.27 = the liver series). kris_n_550: tissue = ""white muscle"", tissue_sum = ""liver"" (means 8.41/13.95 = the muscle series). WildNew8 is the only study in the 91-row temperature sheet where tissue_sum is inconsistent with tissue (every other study maps liver->liver, muscle->skeletal muscle, etc.).","Set tissue_sum = ""liver"" for kris_n_549 and tissue_sum = ""skeletal muscle"" for kris_n_550. Check which of the two columns downstream models use for the tissue moderator.",,NOT_VERIFIED,,,first-pass
WildNew8,medium,description-mismatch,not independently verified,kris_n_549,"`descrp_measure` describes white muscle for both rows, so the liver row is documented as a muscle measurement; it also calls the quantity Vmax when Fig. 5A plots umax, which the paper treats as a distinct quantity.","Fig. 5A legend (p. 104): ""Temperature dependence of umax [expressed as units per mg of total protein (A)]... prepared from white muscle (circles) and liver (triangles)"". The paper explicitly separates the two quantities: p. 99 ""in cases of high-substrate-inhibition kinetics, the calculated Vmax never coincides with umax (Fig. 1; Table 1)"", and Table 1 (p. 99) lists muscle Vmax 18.49 vs umax 13.12 and liver Vmax 11.63 vs umax 8.95 for the same assay.","Both rows: descrp_measure = ""LDH Vmax of pyruvate reduction in crude white muscle homogenate normalized to total protein; took measurments at assay temp 12"".","Change kris_n_549's description to ""crude liver homogenate"", and change ""Vmax"" to ""umax (actual maximal rate, eqn 4)"" in both rows so the extracted quantity is unambiguous.",,NOT_VERIFIED,,,first-pass
WildNew8,medium,inclusion-criteria,not independently verified,kris_n_549; kris_n_550,"The 408-day acclimation appears to run from the juvenile stage into gonadal maturation, and gonad development differed between the two temperature groups, which bears on exclusion criterion 3 (treatments spanning development into sexual maturity) and confounds the contrast.","Animals (p. 96): first-year cod, one year old at transfer, pre-acclimated ~10 C from Dec 1998; Acclimation (p. 97): 19 January 1999 to 7 March 2000 (408 days); Sampling (p. 97): killed 7 March 2000. Growth performance (p. 99): ""This is a common phenomenon for maturing cod. A significant decrease in growth rate in November might be caused by physiological changes in preparation for spawning in the spring of the following year. These patterns indicate that not only acclimation temperature but also probably daylight duration (season) and maturation stage have an effect on growth rate."" Table 3 (p. 100) reports end-of-experiment gonadosomatic index of 4.25 (4 C, N=72) vs 2.68 (12 C, N=25), and p. 100 states GI ""was considerably higher (4.25) after acclimation to 4C compared with 12C acclimation (2.68)"".","stage = postnatal; post_natal_trt_start = 365 d, postnatal_trt_end = 773 d, dur = 408 d; age_sexual_maturity = 1095 d (so the sheet's own coding places treatment end well before maturity); the extractor note asserts the fish were ""still juvenile/subadult rather than adult"". Note also that postnatal_dev_time is coded 547.5 d, giving relative_postnatal_end = 1.41, i.e. internally inconsistent with age_sexual_maturity = 1095 d.","Flag these rows for an explicit inclusion decision against criterion 3 and record the evidence (paper's own ""maturing cod""/pre-spawning statements and the GI difference) in the study notes; also reconcile postnatal_dev_time (547.5 d) with age_sexual_maturity (1095 d) so the relative-timing moderators are coherent.",,NOT_VERIFIED,,,first-pass
l11,medium,wrong-n,not independently verified,merged_361; merged_362; merged_363; merged_364; merged_365; merged_366; merged_367; merged_368; merged_369; merged_370; merged_371; merged_372; merged_373; merged_374,"n = 8 was assumed for every group, but the paper's reported ANOVA degrees of freedom pin the per-group n at 10 (18C and 22C groups) and 7 (26C group), so the control n is understated on all 14 rows and the treatment n is wrong on 12.","Table 1 note (journal p. 18 / PDF p. 4) and Fig. 1 legend (p. 19 / PDF p. 5) give only the range ""n = 7-10 individual mitochondrial preparations per group"". Results, p. 17 (PDF p. 3) gives the within-group one-way ANOVAs across the three assay temperatures: ETSmax ""18C: F2,27 = 9.32, P<0.001; 22C: F2,27 = 7.69, P<0.01; 26C: F2,18 = 3.49, P = 0.05"", plus F2,18 for LEAK and mtAS in the 26C group. df2 = N - 3 gives N = 30 (n = 10 per assay temperature) for the 18C and 22C groups and N = 21 (n = 7) for the 26C group. The Table-1 omnibus tests are all F2,72 and 72 = 81 - 9 cells = (3x10)+(3x10)+(3x7) - exactly 10/10/7; the Fig.-1 omnibus tests are F2,75 and 75 = 84 - 9 = (3x10)+(3x10)+(3x8) - 10/10/8. Error statistic is SEM throughout.",n_t1 = 8 and n_t2 = 8 on all 14 rows; sd columns back-converted on that basis (e.g. merged_367 sd_t2 = 0.4*sqrt(8) = 1.131).,"Set n_t2 = 10 on all 14 rows; n_t1 = 10 on the 18C rows (merged_362, 364, 366, 368, 370, 372, 374); n_t1 = 7 on the Table-1 26C rows (merged_367, 369, 371, 373) and n_t1 = 8 on the Figure-1 26C rows (merged_361, 363, 365). Recompute every sd as se*sqrt(n) with the corrected n. If the lead prefers not to rely on the df arithmetic, use the conservative lower bound n = 7 uniformly and recompute sd consistently - but do not leave sd and n computed from different n.",,NOT_VERIFIED,,,first-pass
l11,medium,derived-statistic,not independently verified,merged_361; merged_362; merged_363; merged_364; merged_365; merged_366,"On the six figure-digitised rows the sd was computed as se*sqrt(7) while n is recorded as 8, violating the sheet's own sd = se*sqrt(n) convention; one cell (merged_366 sd_t1) inconsistently used sqrt(8).","Fig. 1 legend, journal p. 19 (PDF p. 5): ""Values are means +/- SEMs from n = 7-10 individual mitochondrial preparations per group."" The paper never reports an SD, so every sd in the sheet is a back-conversion and must use the same n as the n column.",(sd/se)^2 = 7.000 for 11 of the 12 figure-derived cells (e.g. merged_361: 59.3040/22.4148 = sqrt(7); merged_365 t2: 0.19147/0.072369 = sqrt(7)) while n_t1 = n_t2 = 8; merged_366 sd_t1 = 0.204232 = 0.072207*sqrt(8) is the lone exception. The eight Table-1 rows (merged_367-374) all correctly use sqrt(8).,"Recompute all twelve figure-derived sd cells from se with the single n finally adopted for each cell (see finding 1), so sd, se and n are mutually consistent. Best done by recomputing sd = se*sqrt(n) programmatically for the whole study rather than by hand.",,NOT_VERIFIED,,,first-pass
l11,medium,wrong-category,not independently verified,merged_363; merged_364,"Figure 1A is ADP-stimulated phosphorylating (state-3/OXPHOS) respiration, but these two rows are coded respiration_category = ""basal"" and merged_363's descrp_measure calls it ""routine respiration"" - which describes the LEAK state instead, and conflicts with the sheet's own use of ""leak"" for the genuinely basal Table-1 rows.","Methods, journal p. 17 (PDF p. 3): ""ADP (500 uM) was added to initiate ATP synthesis. After recording the phosphorylating respiration rate in the respiratory chamber..."". Results, p. 17: ""Assay temperature significantly increased the rates of phosphorylating oxygen (F2,75 = 47.89, P < 0.0001; fig. 1A)"" and ""the rates of phosphorylating oxygen consumption (fig. 1D)"". The truly basal, nonphosphorylating rate is LEAK, defined separately in Methods (""obtained by the addition of 1 ug/mL oligomycin"") and reported in Table 1 - which the sheet already extracted as merged_367/368 with respiration_category = ""leak"" and mito_efficiency_dir = 0.","merged_363/364: respiration_category = ""basal"", mito_efficiency_dir = 1, descrp_measure = ""routine respiration; Rate of oxygen consumption (nmol O/min.mg protein)"" (merged_363) vs ""Rate of oxygen consumption (nmol O/min.mg protein)"" (merged_364).","Recode respiration_category for merged_363 and merged_364 to the OXPHOS/phosphorylating (state-3) level used elsewhere in the sheet, and delete ""routine respiration;"" from merged_363's descrp_measure so the two rows of the same measure are described identically. mito_efficiency_dir = 1 is correct for phosphorylating respiration and should stay 1 (it would be wrong if these rows were left grouped with basal/leak respiration, which is coded 0).",,NOT_VERIFIED,,,first-pass
s16,medium,wrong-category,not independently verified,merged_25; merged_26; merged_27; merged_28; merged_29; merged_30; merged_31; merged_32; merged_33; merged_34; merged_35; merged_36; merged_37; merged_38; merged_39,"sex is coded ""both"" for all 15 rows, but the study used male chicks only.","Abstract (p.1): ""A total of two hundred forty- one- day- old male broiler chicks (Cobb 500) weighed on average 51.5 +/- 0.5 g were randomly distributed into four equal groups"". Methods 2.1 (p.2) repeats: ""Two hundred forty- one- day- old male broiler chicks (Cobb 500) were obtained from a local commercial hatchery"". No female birds appear anywhere in the design.",sex = both (all 15 rows),"Change sex to ""male"" for all 15 s16 rows.",,NOT_VERIFIED,,,first-pass
s23,medium,wrong-category,not independently verified,merged_44; merged_45; merged_46; merged_47,"Alkaline phosphatase is classified as ""metabolic capacity"", the schema slot reserved for mitochondrial markers, although ALP is a membrane-bound (ecto)phosphohydrolase with no role as a mitochondrial respiratory marker.","Methods 2.4 (p.171): ALP measured in the 3000 g supernatant of a liver homogenate by the King (1965) disodium phenyl phosphate method. Discussion, p.174: ""ALP plays an important role in phosphorus metabolism of aquatic organism and is vital for the immune defense against the ambient stressors (Luo et al., 2015). To mitigate the energy requirement during stress conditions, the ALP activity is frequently increased to regulate the metabolic processes occurring by phosphorylation and dephosphorylation mechanisms"" and ""indicating the hydrolysis of high-energy phosphate bonds to combat stressful conditions"". Nowhere does the paper link ALP to mitochondrial respiration or to electron transport; ALP is not measured in, or attributed to, mitochondria. Data are Fig. 4A, p.174 (n = 3 pooled replicates per cell).","measurement_category = ""metabolic capacity"", mito_efficiency_dir = 1, mito_ambiguity = ""not-ambiguous"", descrp_measure = ""...might help mitochondrial function by liberating phosphates from organic molecules"" on all four ALP rows.","Recode measurement_category to ""non-mitochondrial metabolic pathways"" (the slot the same extractor correctly used for LDH in this study) and set mito_ambiguity = ""ambiguous"". If the review's scope is mitochondrial respiratory function, consider dropping these four rows entirely rather than letting a phosphatase contribute a large positive mitochondrial-function effect (ALP rose ~38% and ~50% at 20 C on days 14 and 28).",,NOT_VERIFIED,,,first-pass
s23,medium,wrong-direction,not independently verified,merged_44; merged_45; merged_46; merged_47; merged_48; merged_49; merged_50; merged_51; merged_52; merged_53; merged_54; merged_55; merged_56; merged_57; merged_58; merged_59,"The mito_efficiency_dir coding is internally contradictory across the four liver enzymes of Fig. 4: LDH is coded 0 (an increase means lower mitochondrial function) while ALP, ALT and AST are coded 1 (an increase means higher mitochondrial function), even though all four rose with cooling and the paper interprets them as a single phenomenon, so the identical empirical response enters the analysis with opposite signs.","Results 3.3 and Discussion, p.174: ""the activities of all selected metabolic enzymes in liver tissue were generally increased with decreased temperatures, indicating a compensation for the decreased metabolic rate""; abstract (p.169): ""activities of hepatic alkaline phosphatase (ALP), lactate dehydrogenase (LDH), alanine aminotransferase (ALT) and aspartate aminotransferase (AST) were generally increased with decreased temperatures"". Fig. 4A-D (p.174) shows the same qualitative increase at 20 C on days 14 and 28 for all four enzymes. Table 1 (p.172) reports a significant temperature effect for all four (ALP p = 0.014, LDH p = 0.012, ALT p < 0.001, AST p < 0.001).","mito_efficiency_dir = 0 on merged_48-51 (LDH) but = 1 on merged_44-47 (ALP), merged_52-55 (ALT) and merged_56-59 (AST); mito_ambiguity = ""ambiguous"" only for LDH.","Settle a single rule for non-mitochondrial/anaerobic and amino-acid-metabolism enzymes and apply it to all 16 liver-enzyme rows. The project schema lists only LDH among these measures and assigns it to ""non-mitochondrial metabolic pathways""; it does not license dir = 0 for LDH in the way ROS/damage/proton-leak measures are. Either code all four as dir = 1 within a ""non-mitochondrial metabolic pathways"" category (so the sign convention is uniform), or exclude the whole Fig. 4 block from the mitochondrial-respiration synthesis; do not leave LDH sign-flipped relative to its three co-measured enzymes.",,NOT_VERIFIED,,,first-pass
s23,medium,wrong-category,not independently verified,merged_52; merged_53; merged_54; merged_55,"Alanine aminotransferase is classified as ""metabolic capacity"" with mito_efficiency_dir = 1, but hepatic ALT is predominantly the cytosolic isoform and is an amino-acid transaminase, not a mitochondrial respiratory or mitochondrial-content marker.","Methods 2.4 (p.171): ALT determined by Reitman and Frankel (1957) on the 3000 g supernatant of a whole liver homogenate, i.e. total (mainly cytosolic) activity, with no mitochondrial isolation or isoform separation. Discussion, p.175: ""ALT and AST are generally associated with amino acid metabolism (Chine et al., 2003; Hansen et al., 2007). The increased AST and ALT activities in response to thermal acclimation usually reveals the mobilization of free amino acids for energy production"" - the paper's own interpretation is amino-acid mobilisation, not mitochondrial respiratory capacity. Data are Fig. 4C, p.174.","measurement_category = ""metabolic capacity"", mito_efficiency_dir = 1, mito_ambiguity = ""not-ambiguous"", descrp_measure = ""alanine aminotransferase, enzyme that catalyzes the formation of pyruvate and glutamate"" (no mitochondrial justification given, unlike the AST rows).","Recode to ""non-mitochondrial metabolic pathways"" and set mito_ambiguity = ""ambiguous"", or exclude. Note the effect sizes here are very large (ALT 2.6x control at 20 C on day 14, with sheet SD of only 3.5 on a mean of 164.9), so these four rows will be high-weight and will dominate any ""metabolic capacity"" subgroup if left as coded.",,NOT_VERIFIED,,,first-pass
s33,medium,wrong-group,not independently verified,merged_96; merged_97; merged_98; merged_99; merged_100; merged_101,"The 37.0 degC ""low"" arm is used as the control for every row on a rationale that the paper does not support; the paper designates no control group and treats the mid 37.7 degC ""medium"" arm as its reference condition, which would make merged_99-101 a cooling contrast rather than a warming one.","Methods 2a (p. 2): ""Eggs were incubated at three constant temperatures ...: high (H) = 38.4 degC, medium (M) = 37.7 degC and low (L) = 37.0 degC"" plus a fourth ""unstable"" group at 37.7 degC with five 30-min recesses. No group is called a control anywhere in the paper. The only place 37 degC appears as husbandry is post-hatching brooding: ""chicks were placed for 24 h in a larger incubator set at 37 degC"" (Methods 2a, p. 3) - i.e. a brooder temperature for hatched chicks, not a control incubation temperature. Evidence that M is the reference: the standardized sampling stage is defined off it (""we chose to euthanize and sample embryos at ... the ED13 of the medium temperature treatment (hereafter referred as stED13)"", Methods 2b, p. 3); the unstable group's baseline is 37.7 degC (""incubation temperature of this unstable group outside the recess periods was similar to the medium temperature group (37.7 degC)"", p. 3); the discussion contrasts the affected H and U groups against M and L jointly (p. 5-7); and the cited quail-incubation literature ([36] Romao et al. 2010, [46] Ben-Ezra & Burness 2017, whose control was 37.5 degC and whose low treatment of 36.0 degC the authors explicitly describe as ""lower ... than our low-temperature treatment (37.0 degC)"", p. 6).","All 6 rows have t2 = 37, with the 37.0 degC group's means/SDs in mean_t2/sd_t2; dose = 1.4 (merged_96-98) and 0.7 (merged_99-101); derived temp_direction = ""warmer"" for all 6. Extractor note: ""the 'low' temperature (37C) was used as standard husbandry temperature and is considered the control"".","Decide the reference explicitly and record the basis. Either (a) designate 37.7 degC as the control: recode merged_96-98 as 38.4 vs 37.7 (dose +0.7, using the medium group's means/SEs as mean_t2/se_t2) and merged_99-101 as 37.0 vs 37.7 (dose -0.7, temp_direction ""cooler"", with the low group becoming the treatment); or (b) keep 37.0 degC as the reference as a deliberate coolest-arm-as-baseline convention for gradient designs, but correct the note (drop the ""standard husbandry temperature"" justification, which is a misreading of the post-hatch brooder temperature) and flag s33 as a no-designated-control thermal gradient for sensitivity analysis.",,NOT_VERIFIED,,,first-pass
s34,medium,wrong-tissue,not independently verified,merged_104; merged_108,"SOD was measured in erythrocytes, not serum; the sheet records tissue = serum / tissue_sum = plasma/serum for both SOD rows.","Methods, p.222, Analyses section: ""Erythrocyte SOD activity was analyzed using commercially available kit (RANSOD, RANDOX/SD -125 supplied by Randox Lab.)."" Table 5 (p.226) prints the SOD row in U/gHb, i.e. units per gram haemoglobin, which is only definable for an erythrocyte/haemolysate preparation. Values taken are 3 wk: 96.80 +/- 7.09 (LT, Ascites-, Vit.E-) vs 102.90 +/- 13.35 (NT, Vit.E-); 5 wk: 96.90 +/- 8.07 vs 105.50 +/- 8.03; stated n = 10 per group per age; error statistic = SEM.","merged_104 and merged_108 both have tissue = ""serum"", tissue_sum = ""plasma/serum"", units = ""U/g"" - while the sheet's own measurement_methods field for these rows reads ""erythrocyte SOD activity; Ransod kit, Radnox/sd - 125"", contradicting its tissue field.","Set tissue = ""erythrocyte"" and tissue_sum = ""erythrocyte"" for merged_104 and merged_108 (and optionally units = ""U/gHb""). Means, SDs and n are all correct and need no change.",,NOT_VERIFIED,,,first-pass
s34,medium,wrong-tissue,not independently verified,merged_102; merged_106,"MDA was measured in serum, not erythrocytes; the sheet records tissue = erythrocyte / tissue_sum = erythrocyte for both MDA rows.","Methods, p.222, Analyses section: ""MDA levels in serum, as secondary oxidation product, were measured using TBARS (thiobarbituric acid reactive substances) (YAGI, 1984)."" Table 5 (p.226) prints the MDA row in nmole/ml, a per-volume unit consistent with serum (contrast the erythrocyte measures SOD and GSH-Px, both in U/gHb). Values taken are 3 wk: 2.73 +/- 0.16 (LT, Ascites-, Vit.E-) vs 1.74 +/- 0.03 (NT, Vit.E-); 5 wk: 2.99 +/- 0.12 vs 1.74 +/- 0.05; stated n = 10 per group per age; error statistic = SEM. Note the Discussion (p.225) interprets serum MDA as evidence of ""peroxidative damage in erythrocytes"", which is probably what misled the extractor - but the assayed matrix stated in Methods is serum.","merged_102 and merged_106 both have tissue = ""erythrocyte"", tissue_sum = ""erythrocyte"".","Set tissue = ""serum"" and tissue_sum = ""plasma/serum"" for merged_102 and merged_106. Combined with the SOD fix, the effect is that the MDA and SOD tissue assignments are currently swapped. Means, SDs and n need no change.",,NOT_VERIFIED,,,first-pass
s35,medium,wrong-group,not independently verified,merged_111; merged_112; merged_114; merged_116; merged_117; merged_118; merged_119; merged_120; merged_121; merged_122; merged_123; merged_124,"Twelve of the fifteen rows are the diet-pooled temperature marginal means, so each mean is half control-diet and half seaweed-supplemented fish rather than the baseline level of the crossed second factor, and their true per-group n is 12, not the 9 or 6 recorded.","Table 4, p. 835, has two separate blocks of columns: a ""Diet"" block (CD, RD) and a ""Temperature"" block (24 C, 14 C). The temperature columns are the two-way ANOVA marginal means, averaged over both diets; CD-specific cell means are printed only in the ""Simple main effects"" sub-rows, and only for the three parameters with a significant interaction (liver SOD, liver GR, intestine GST). Design: ""fish were fed with a control (CD) or a red seaweed-supplemented diet (RD) for 60 days, and then, the animals were exposed to a low temperature (14 C) and a control temperature (24 C) for 24 h"" (Abstract, p. 829); ""A two-way ANOVA was used to analyze the effects of temperature and diet and the interaction between them"" (p. 832). With n = 6 per diet x temperature cell, each temperature marginal mean rests on 12 fish, 6 of which received the Pyropia columbina supplement.","These 12 rows carry the 24 C and 14 C marginal values (e.g. merged_116 gill CAT 1.39 vs 1.03; merged_121 muscle CAT 0.85 vs 0.94; merged_114 liver TBARS 0.27 vs 0.18) with n_t1 = n_t2 = 9 (enzymes) or 6 (TBARS), and nothing in the row records that the mean is pooled across a dietary supplement.","Either (a) set n_t1 = n_t2 = 12 on these rows and recompute sd = se x sqrt(12), and add a moderator/note flagging that the mean is pooled across the CD and RD diets; or (b) if the review requires baseline-only second-factor levels, retain only merged_110 and merged_113 (the CD-only liver SOD and liver GR cells) and exclude or author-query the rest, since CD-only cell means are not published for the non-interacting parameters.",,NOT_VERIFIED,,,first-pass
s35,medium,inclusion-criteria,confirmed,merged_110; merged_111; merged_112; merged_113; merged_114; merged_115; merged_116; merged_117; merged_118; merged_119; merged_120; merged_121; merged_122; merged_123; merged_124,"The temperature manipulation is a 24-hour acute cold shock delivered after a 60-day dietary treatment, not a developmental temperature treatment, so the whole study sits at the edge of criterion 1 and of the exclusion for animals additionally given a supplement alongside the stressor.","Methods, ""Low temperature exposure"", p. 831: fish were held at 24 +/- 1 C, fed CD or RD for 60 days, then ""exposing fish fed with CD or RD (n = 18 per diet) to control (24 +/- 0.1 C) or cold temperature (14 +/- 0.1 C) ... After 24 h, animals were anesthetized"". Discussion, p. 833: ""a 24-h exposure to low temperature (or cold shock)""; title and keywords frame it as ""Cold shock"". Every animal in the experiment also received one of the two 60-day experimental diets, one of which is a bioactive seaweed supplement, and 12 of the 15 rows average over both diets (see previous finding).","post_natal_trt_start = 439, postnatal_trt_end = 440, dur_trt_postnatal = 1 day, total_trt_duration = 1 day, stage = postnatal, measure_delay = 0 days - i.e. the sheet itself encodes a single-day exposure with immediate sampling, and records no second manipulation.","Have the review team make an explicit call on whether a 1-day acute cold shock in a juvenile qualifies as a developmental temperature manipulation under criterion 1, and record the 60-day dietary treatment in the Notes/second-stressor field regardless, so this study is not silently treated as a single-stressor developmental design.",CONFIRMED: PDF Methods: fish exposed to 14 vs 24C for 24 h after dietary treatment,NOT_VERIFIED,,,first-pass
s39,medium,inclusion-criteria,not independently verified,merged_129; merged_130; merged_131; merged_132; merged_133; merged_134; merged_135; merged_136,"The temperature contrast is an acute 48 h subzero challenge (with 24 h recovery) applied to animals with identical developmental thermal histories, not a developmental temperature regime, and the -6 C treatment is inseparable from ischemic hypoxia/anoxia - so the whole study may sit outside the review's scope.","Methods, p. 876-877: all hatchlings were incubated at 28 C and cold-acclimated on the same schedule (20/15/10/4 C, Sept-Dec); the only group difference is that supercooled animals were cooled 0.5 C/h to -6.0 C, held 24 h at -6 C and rewarmed (48 h bout), then returned to 4 C for 24 h before assay, while controls stayed at 4 C throughout. The paper itself frames the treatment as an anoxia/ischemia challenge: ""Whether supercooled or frozen, an ischemic hypoxia develops because tissue perfusion is limited by low temperature"" (Abstract, p. 875), and Results p. 878 reports plasma lactate of 6.0 +/- 0.7 mmol/l in supercooled vs 0.9 +/- 0.4 mmol/l in controls (P < 0.001), ""confirming that our experimental conditions induced anaerobiosis"". Conclusions (p. 881) describe the design as ""48 h anoxia/ischemia"" during hibernation.","All 8 rows are coded as a postnatal developmental temperature treatment, t1 = -6 vs t2 = 4, dose = -10, dur_trt_postnatal = 2 days, at an estimated age of 127 days.","Flag for a lead-author scope decision. The animals are genuinely pre-sexual-maturity and the temperature was experimentally assigned, so criteria 1-2 are met on the letter; but a 48 h cold-hardiness stress test with recovery, confounded with anoxia by the authors' own account, is closer to an acute thermal/anoxic challenge than to a developmental temperature manipulation. If such acute challenges are retained, record the confound (and the shared-control non-independence across the 8 rows) as a moderator or sensitivity-analysis term; if not, drop s39.",,NOT_VERIFIED,,,first-pass
s40,medium,inclusion-criteria,not independently verified,merged_137; merged_138; merged_139; merged_140; merged_141,"The extracted treatment level is the cumulative CTmax endpoint, where 80% of larvae had died and 100% were lethargic, so the treatment pools are survivors of a near-lethal challenge and the comparison is confounded by strong selective mortality.","Results p. 7: ""The cumulative CTmax value for 12 days post-hatch larvae of S. aurata ... was 30 C (temperature at which 100% of larvae showed lethargic behavior)""; ""Larvae showed no mortality at 18 and 20 C, but at 22 C there was 30% mortality, which continued to increase up to 80% at 30 C"" (Fig. 2, p. 7). Methods p. 5: dead larvae ""were considered dead and were removed, not being used in any biochemical or histological analysis"", so each pool of 20 at 30 C is drawn from the surviving minority. Histology (p. 9) shows dystrophic skeletal muscle from 24 C upwards.",All five rows take their treatment values from this 30 C endpoint (while labelling it 24 C) with no indication in the Notes or any moderator column that 80% mortality and viability-based selection occurred in that group.,"Record the survivorship confound in the study Notes and, if the study is retained, treat the 30 C contrast as a high-mortality/near-lethal level (either flag it for sensitivity analysis or substitute a sub-lethal level such as 20 or 22 C where mortality was 0-30%).",,NOT_VERIFIED,,,first-pass
s41,medium,wrong-temperature,not independently verified,merged_142; merged_143; merged_144; merged_145; merged_146; merged_147; merged_148; merged_149; merged_150; merged_151; merged_152; merged_153; merged_154; merged_155; merged_156; merged_157,"t1 is recorded as 26.75 C (and dose as 8.75 C) for every row, but the extracted treatment data come from the group sampled at 34 C, so the treatment temperature and the control-treatment differential are both misstated - and 26.75 does not even match the averaging rationale given in the extractor note.","Methods 2.2 (p.325) and Figs. 1a-c, 3: temperature groups are discrete sampling points at 18, 22, 24, 26, 28, 30, 32, 34 C and CTMax; the bars whose means and SDs were extracted are the 34 C bars (confirmed by pixel measurement of every panel, e.g. gill CAT 108.5 at 34 C vs 11.3 at 18 C). No group in the paper corresponds to 26.75 C. 26.75 is exactly the arithmetic mean of the eight sampling levels 18-34 ((18+22+24+26+28+30+32+34)/8), whereas the time-averaged temperature actually experienced by a fish during a linear 18-34 C ramp is 26.0.","t1 = 26.75, t2 = 18, dose = 8.75, units.1 = celsius on all 16 rows; extractor note says 'averaged the temperature fish were exposed to (increased 1C/hour) equals 26.7C for treatment'.","Set t1 = 34 (the temperature at which the extracted group was sampled) and dose = 16, keeping t2 = 18, and record the 16-h ramp exposure in the duration/notes fields; alternatively keep an explicit separate column for mean-ramp-exposure temperature rather than overwriting t1, so that dose-response moderator analyses use the real 16 C differential instead of 8.75 C.",,NOT_VERIFIED,,,first-pass
s42,medium,wrong-category,not independently verified,merged_158,"measurement_category is coded ""metabolic capacity"" for a western-blot protein abundance measure, but the sheet's own category list contains ""gene/protein expression"", which is where a UCP-1 immunoblot densitometry measure belongs (metabolic capacity is reserved for mitochondrial enzyme markers such as citrate synthase and cytochrome c oxidase).","Methods 2.3.3 (p. 191) describes the measure as SDS-PAGE plus western blot with a goat polyclonal anti-UCP-1 antibody, quantified by ImageJ densitometry: ""Data are the quotient (arbitrary units, a.u.) obtained by dividing the density of the UCP-1 band by the density of the Coomasie-stained band electrophoresed in parallel."" Fig. 4c (p. 193) is labelled ""Mitochondrial UCP-1 expression"", and Results 3.4 (p. 192) reports it as ""The expression of UCP-1 in mitochondrial-enriched extracts"". No enzyme activity or respiratory flux was measured anywhere in the paper.","measurement_category = ""metabolic capacity""; measure_listed = UCP1; descrp_measure = ""UCP-1 expression""; measurement_methods = ""western blot"".","Recode measurement_category to ""gene/protein expression"" (mito_efficiency_dir = 0 is already correct for an uncoupling protein). Check the same recoding for any other UCP/western-blot rows elsewhere in the sheet so the category is applied consistently.",,NOT_VERIFIED,,,first-pass
s44,medium,wrong-category,not independently verified,merged_167; merged_168; merged_169; merged_170; merged_171; merged_172; merged_173; merged_174; merged_183; merged_184; merged_185; merged_186; merged_187; merged_188; merged_189; merged_190; merged_199; merged_200; merged_201; merged_202; merged_203; merged_204; merged_205; merged_206; merged_215; merged_216; merged_217; merged_218; merged_219; merged_220; merged_221; merged_222,"The 32 ALT/AST rows are placed in measurement_category = ""metabolic capacity"", a category the coding scheme reserves for mitochondrial markers (citrate synthase, cytochrome c oxidase); ALT and AST are amino-acid-transaminating enzymes assayed in whole-tissue homogenate (ALT predominantly cytosolic; AST split cytosolic/mitochondrial) and were used here as tissue-damage markers, not as indices of mitochondrial capacity.","Methods, Biochemical Methods, p.337, lists ALT/AST under ""Cellular damages were evaluated by measuring Alanine-aminotransferase (ALT) and Asparatate-aminotransferase (AST) activity levels by Reitman and Frankel [27]"", i.e. the classic serum/tissue leakage assay, run on the same homogenate supernatant as the carbonyl and thiol assays (no mitochondrial fraction was prepared: ""The tissue homogenates were made by using appropriate buffer and supernatant was stored at a temperature of -20 C and used for biochemical assays""). The Fig.1f/2f/3f/4f and Fig.1g/2g/3g/4g axes are ""ug of pyruvate formed/30 min (or /hr)/mg wet weight of tissue"" — activity per mg wet tissue, not a normalised mitochondrial-enzyme rate.","measurement_category = ""metabolic capacity"" with antioxidant_category and oxidative_damage_category blank; measure_listed = ""ALT"" / ""AST""; mito_preparation blank; mito_ambiguity = ""not-ambiguous"".","Re-code these 32 rows to ""non-mitochondrial metabolic pathways"" (the category the scheme assigns to cytosolic enzymes such as LDH), or exclude them as tissue-damage markers. If they are kept in ""metabolic capacity"" they will dominate that moderator level for this study (32 of 64 rows) with a non-mitochondrial, non-respiratory measure.",,NOT_VERIFIED,,,first-pass
s44,medium,description-mismatch,not independently verified,merged_159; merged_160; merged_161; merged_162; merged_163; merged_164; merged_165; merged_166; merged_167; merged_168; merged_169; merged_170; merged_171; merged_172; merged_173; merged_174; merged_175; merged_176; merged_177; merged_178; merged_179; merged_180; merged_181; merged_182; merged_183; merged_184; merged_185; merged_186; merged_187; merged_188; merged_189; merged_190; merged_191; merged_192; merged_193; merged_194; merged_195; merged_196; merged_197; merged_198; merged_199; merged_200; merged_201; merged_202; merged_203; merged_204; merged_205; merged_206; merged_207; merged_208; merged_209; merged_210; merged_211; merged_212; merged_213; merged_214; merged_215; merged_216; merged_217; merged_218; merged_219; merged_220; merged_221; merged_222,"postnatal_measure_delay is recorded as 2 days on all 64 rows, but the animals were killed at the end of the 48-h cold exposure, not 2 days after it — the 48 h has been double-counted as both treatment duration and post-treatment delay.","Methods, Experimental Protocol, p.337: ""To induce cold stress, rats were housed in an acute cold stress apparatus (Colton BOD incubator) for 48 h ... Rats were sacrificed by cervical dislocation 48 h after respective treatments and discrete regions ... were quickly separated"". Table 1 caption, p.345, states the measurements are ""in control and experimental groups at 48 h of exposure"", and the Abstract describes the co-exposure as ""in vivo for 48 h"" — i.e. sampling coincides with the end of the single 48-h exposure window, giving a post-treatment delay of 0.",dur_trt_postnatal = 2 days / total_trt_duration = 2 days AND postnatal_measure_delay = 2 days (measure_delay_units = days) on every row.,"Set postnatal_measure_delay = 0 (measure_delay_units = days) for all 64 rows, keeping dur_trt_postnatal = 2 days; otherwise this study is mis-placed on any time-since-treatment moderator and its postnatal_trt_end/measurement ages are 2 days too late.",,NOT_VERIFIED,,,first-pass
s50,medium,wrong-category,not independently verified,merged_223,"The plasma cortisol row is not a measure of mitochondrial respiratory function and carries a measurement_category (""glucocorticoids"") and a mito_efficiency_dir code (2) that are outside this review's schema, so it has no defined downstream sign.","Fig. 1A (p. 4) and Methods 2.3 (p. 2): plasma cortisol (ng/mL) measured by Cayman EIA on plasma, reported as means +/- SEM, n = 6/group; text p. 3 sec. 3.1 reports a 3.46x rise. This is the study's validation that 19 C was stressful (the paper's own framing: ""19 C is sufficient to generate thermal stress in red cusk-eels"", p. 4), i.e. an endocrine stressor-efficacy marker, not a mitochondrial, respiratory, antioxidant or oxidative-damage endpoint. The paper reports no mitochondrial respiration, no mitochondrial enzyme activity and no isolated mitochondria anywhere.","measurement_category = ""glucocorticoids"", mito_efficiency_dir = 2, tissue = plasma, mito_ambiguity = ""ambiguous"", measure_listed = ""baseline cortisol"". Across the whole 550-row temperature dataset (output/data/temp_stress_full.csv) this is the ONLY row with either value: measurement_category ""glucocorticoids"" appears once and mito_efficiency_dir = 2 appears once, versus 434 rows coded 1 and 115 coded 0. The row is also the single s50 row absent from the analysis file (output/data/temp_stress.csv has 5 of the 6 s50 rows), and the project's own output/checks/check_dir_codes.csv already flags it.","Drop merged_223 from the temperature dataset explicitly (or mark it with the sheet's exclusion flag) rather than relying on the implicit filter, since dir = 2 is not handled by the sign-flipping logic that expects 0/1. If the team wants to keep cortisol as a stressor-validation covariate, move it to a separate non-effect-size table so it cannot re-enter the meta-analytic dataset.",,NOT_VERIFIED,,,first-pass
s50,medium,other,not independently verified,merged_223; merged_224; merged_225; merged_226; merged_227; merged_228,"An in-scope effect size from this paper was not extracted: plasma LDH activity (Fig. 1C), which this review's own coding rules assign to ""non-mitochondrial metabolic pathways"".","Fig. 1C (p. 4), ""Plasma LDH activity (IU/L)"": control ~115 IU/L (SEM ~18, error-bar top ~133) vs stress ~220 IU/L (SEM ~22, error-bar top ~243), n = 6 per group, means +/- SEM per the Fig. 1 caption; text p. 3 sec. 3.1 states the increase is 1.92x control, P < 0.05. Method in Methods 2.3 (p. 2): Valtek kit, duplicate spectrophotometry. All inclusion requirements are met (control group, error statistic, sample size).","Only 6 rows for s50: cortisol, AP sites, HNE adducts, cat, sod1, gpx1. No LDH row. Yet LDH is routinely extracted elsewhere in this dataset under measurement_category = ""non-mitochondrial metabolic pathways"" with mito_efficiency_dir = 0 (studies N17, WildNew3-8, s23, s51, s92, s99), and the project schema names LDH explicitly as belonging to that category.","Add a seventh row for s50 from Fig. 1C: tissue = plasma, measure_listed = LDH, measurement_category = ""non-mitochondrial metabolic pathways"", mito_efficiency_dir = 0 (matching the LDH convention used for the other 36 rows in that category), units IU/L, t1 = 19, t2 = 14, n = 6/6, digitising the two means and SEMs from the panel and converting sd = se*sqrt(6). Plasma glucose (Fig. 1B) maps to none of the seven categories and is reasonably left out, but the decision to include LDH while excluding glucose should be recorded.",,NOT_VERIFIED,,,first-pass
s52,medium,wrong-value,not independently verified,merged_237,mean_t1 for liver Status-3 respiration in 38.8 C females is transcribed as 24.24 instead of the 25.24 printed in Table 5.,"Table 5, p. 101 (German original, rendered page 7), row ""38,8 C / weiblich / n = 4"", column ""Status 3 - Leber (ug O2/g Protein/min)"": 25,24 +/- 9,78. Confirmed at 400 dpi zoom (the adjacent male row reads 16,28 +/- 2,52, so there is no row slippage). Table title states ""Mittelwerte +/- Standardabweichungen"" (means +/- SD), n = 4.","mean_t1 = 24.24, sd_t1 = 9.78, n_t1 = 4 (sd and n are correct; only the mean is wrong)","Change mean_t1 to 25.24. The SMD against the 37.8 C female control (22.99 +/- 9.11, n = 50) roughly doubles (~0.14 -> ~0.25); direction is unchanged.",,NOT_VERIFIED,,,first-pass
s52,medium,wrong-category,not independently verified,merged_235; merged_236; merged_239; merged_240; merged_243; merged_244; merged_247; merged_248; merged_251; merged_252; merged_255; merged_256; merged_259; merged_260; merged_263; merged_264,"The 16 SDH and GLDH rows are coded mito_preparation = ""isolated"" (isolated mitochondria), but these enzyme activities were measured in whole-tissue homogenate, not in an isolated mitochondrial fraction.","Methods, p. 98, section ""Bestimmung von Succinat-Dehydrogenase (SDH) ... und Glutamat-Dehydrogenase (GLDH)"": ""Vor der photometrischen Bestimmung der Enzymaktivitat wurden die Herz- und Leberproben mittels eines Gewebehomogenisators (Ultra-Turrax) im 10-fachem Volumen eines Extraktionsmediums ... viermal fur 20 sec zerkleinert"" - i.e. Ultra-Turrax tissue homogenate, with no differential-centrifugation step. Table 5 title makes the distinction explicit: ""... die Aktivitat der SDH und GLDH im Herz- und Leberfrischgewebe (uMol/g FS/min)"" (in heart and liver FRESH TISSUE), as opposed to ""Energiestoffwechsel isolierter Herz- und Lebermitochondrien"" for the Status 3 / ADP/O columns. Table 8 (p. 102) labels the same variables ""SDH Herzgewebe"", ""GLDH Lebergewebe"" versus ""ADP/O Herzmitos."" / ""O2-Verbrauch Lebermitos."". The isolated-mitochondria protocol (600 g then 8000 g in a Sorvall, twice washed) on p. 98 applies only to the polarographic respiration measurements.","mito_preparation = ""isolated"" and mito_ambiguity = ""not-ambiguous"" on all 32 rows, including the 16 enzyme rows","Recode mito_preparation to ""homogenate"" (or the sheet's equivalent tissue-homogenate level) for the 16 SDH/GLDH rows; leave the 16 Status-3/ADP/O rows as ""isolated"".",,NOT_VERIFIED,,,first-pass
s52,medium,description-mismatch,not independently verified,merged_241; merged_242; merged_243; merged_244; merged_245; merged_246; merged_247; merged_248; merged_257; merged_258; merged_259; merged_260; merged_261; merged_262; merged_263; merged_264,"The measurement delay for males is wrong and internally inconsistent: males were killed at 17 weeks (= 119 days post-hatch), but 12 male rows record 105 days and 4 male rows record 91 days (the female value).","Methods, p. 98, ""Untersuchungstiere und Haltung"": ""Weibliche Tiere wurden im Alter von 13, mannliche im Alter von 17 Lebenswochen geschlachtet"" (females slaughtered at 13 weeks = 91 d, males at 17 weeks = 119 d). Table 5 reports only these single terminal measurements, so there is one delay per sex.",postnatal_measure_delay / prenatal_measure_delay = 105 for merged_241/242/245/246/247/248/257/258/261/262/263/264 and = 91 for merged_243/244/259/260 (male heart SDH and GLDH); female rows correctly = 91,Set the measurement delay to 119 days for all 16 male rows (keep 91 for the 16 female rows).,,NOT_VERIFIED,,,first-pass
s53,medium,description-mismatch,not independently verified,merged_265; merged_266; merged_267; merged_268; merged_269; merged_270; merged_271; merged_272; merged_273; merged_274; merged_275; merged_276,"descrp_measure (rows merged_265-272) and the study-level extractor note both assert that the extracted values are Q10 ratios (rate at 30 C / rate at 20 C) and units are recorded as ""unitless"", but the extracted means and SEs are in fact raw oxygen-flux rates read off the 30 C assay panels of Fig. 4; no Q10 value from Table 2 appears anywhere in the sheet.","Table 2 (p. 49) is the only place Q10 values appear, and they are all between 1.1 and 3.8 (e.g. thigh LEAK: cold 2.0 +/- 0.9, warm 1.9 +/- 0.4; thigh TMPD: cold 1.8 +/- 0.1, warm 2.0 +/- 0.2). The sheet's values (6.3, 14.2, 42.5, 51.4, 177.0, 220.8, ...) cannot be Q10 values. They match Fig. 4 (p. 49) panels ""Thigh at 30 C"" and ""Heart at 30 C"", whose y-axis is labelled ""Oxygen Flux (pmol O2 s-1 mg-1)"", with the caption ""reported as oxygen flux per mg of wet tissue"". Methods 2.4, p. 47: ""For all stages, results are reported as oxygen flux (pmol O2 s-1) per mg of muscle fibers (wet).""","Rows merged_265-272: units = ""unitless""; descrp_measure = ""samples were measured at 30 and 20 C and Q10 values were calculated (rate at 30/rate at 20); we used the Q10 values; ..."". Rows merged_273-276: units blank and measurement_methods blank. Study note: ""we used Q10 values and not raw respiration meaurements because it accounted for measuresments made at both temperatures"".","Set units = ""pmol O2 s^-1 mg^-1 wet tissue"" for all 12 rows, fill measurement_methods = ""oroboros"" for merged_273-276, and rewrite descrp_measure and the study note to state that values were digitised from the 30 C assay panels of Fig. 4 (chosen because 30 C was the pre-treatment/control holding temperature), retaining the substrate/state descriptions. The numbers themselves need no change. This is a provenance/metadata correction, but it matters because the current note wrongly implies the acute assay-temperature factor was averaged over rather than fixed at one level.",,NOT_VERIFIED,,,first-pass
s53,medium,other,not independently verified,merged_265; merged_266; merged_267; merged_268; merged_269; merged_270; merged_271; merged_272; merged_273; merged_274; merged_275; merged_276,"Treatment duration is coded as 90 days with a 120-day post-treatment measurement delay, but the temperature treatment was continuous for ~7 months (~210 days) and the mitochondrial measurements were taken while animals were still in treatment, so the delay should be 0.","Methods 2.1, p. 46: ""At 9 months of age, alligators were randomly assigned to three temperature treatments... After 3 months of temperature treatment (at 1 year of age), we measured body mass and metabolic rate and returned the alligators to their temperature treatments. At 1 year and 4 months of age, we euthanized and dissected the animals, removed muscle tissue for assessment of mitochondrial function"". Abstract, p. 45: ""Growth rate over the following 7 mo"". Methods 2.3, p. 46: ""After 7 months of temperature treatment (i.e., at 1 year, 4 mo of age)"". So treatment ran 9 -> 16 months of age (~210 days) without interruption; the 3-month point was only when whole-animal metabolic rate was measured, not the mitochondrial endpoints.","post_natal_trt_start = 270, postnatal_trt_end = 360, dur_trt_postnatal = 90, total_trt_duration = 90, postnatal_measure_delay = 120 (all in days) on every row.","Set postnatal_trt_end = 480, dur_trt_postnatal = 210, total_trt_duration = 210 and postnatal_measure_delay = 0 for all 12 rows (start = 270 days is correct). The current coding both understates exposure duration by a factor of ~2.3 and invents a 120-day washout that did not occur, which will bias any duration or measurement-delay moderator analysis.",,NOT_VERIFIED,,,first-pass
s58,medium,description-mismatch,not independently verified,merged_277; merged_278; merged_279; merged_280,"postnatal_measure_delay is recorded as 45 days, but the paper states measurements were taken three months (~90 days) after the temperature manipulation ended; 45 days also contradicts the sheet's own postnatal_trt_end of 315 days combined with a June sampling date.","Abstract point 2 (p. 473): ""oxidative DNA damage, enzymatic antioxidant activities and telomere length were measured three months after the termination of the temperature manipulation""; repeated in the Introduction p. 475 (""i.e., three months after the termination of the temperature manipulation"") and Results section 3.1 p. 478 (""during the reproductive season (three months after the termination of the temperature manipulation)""). Methods p. 475: control tanks were ramped back up after the February 2014 weighing and reached 14 degrees C in March, and fish were sacrificed ""In the middle of the breeding season (June 2014)"".","postnatal_measure_delay = 45, measure_delay_units = days, with postnatal_trt_start = 195, postnatal_trt_end = 315, dur_trt_postnatal = 120. Extractor note: ""sampled in June so delay of 1.5 months used between treatment and measurements"".","Set postnatal_measure_delay = 90 days (three months) for all four rows, matching the paper's own statement and the sheet's implied ages (treatment ending at ~315 days = March 2014; sampling in June 2014 at ~405 days).",,NOT_VERIFIED,,,first-pass
s79,medium,wrong-category,not independently verified,merged_458; merged_459,"Serum ALT/AST activities are classed as ""metabolic capacity"" and flagged mito_ambiguity = not-ambiguous, but they are circulating transaminase leakage markers from a cell-free tissue (serum) and are not a measure of mitochondrial respiratory function.","Methods 2.4 (p.660) measures them in serum with a clinical chemistry analyser (Hitachi 7070) under the heading ""Liver injury parameters""; no mitochondrial isolation, no respirometry, no mitochondrial enzyme marker is involved. Fig. 3 caption (p.663): ""Effect of heat stress on activity of ALT and AST in serum of pikeperch."" The project schema reserves ""metabolic capacity"" for mitochondrial markers such as citrate synthase and cytochrome c oxidase.","Both rows: tissue = serum, mito_preparation = serum, measurement_category = ""metabolic capacity"", mito_ambiguity = ""not-ambiguous"".","Exclude merged_458 and merged_459 from the mitochondrial dataset; if the team wants to keep them, recode measurement_category to ""non-mitochondrial metabolic pathways"" and mito_ambiguity to ambiguous, and fix the direction code.",,NOT_VERIFIED,,,first-pass
s79,medium,derived-statistic,not independently verified,merged_454,"The treatment-group error term for CAT at 48 h is not recoverable from the figure: se_t1 was digitised as exactly the same value as mean_t1, implying the error-bar cap was clicked at precisely twice the bar height on a bar only a few pixels tall, and the resulting sd_t1 (larger than the mean) drives an SMDH of about -14 that will dominate the analysis.","Fig. 2c (p.662): the 48 h CAT bar is a near-zero sliver (~0.05 U/mgprot on a 0-4.5 axis, letter ""c""); at 220 dpi the bar plus whisker together span only a handful of pixels and no error bar can be resolved. Control bar ~2.85 with a clearly readable whisker to ~3.01. Caption states mean +/- SEM, n = 3.","mean_t1 = 0.0435483870967748 and se_t1 = 0.0435483870967741 (identical to 13 dp); sd_t1 = 0.0754 (1.73x the mean) vs mean_t2 = 2.8742, sd_t2 = 0.2766.","Re-digitise panel 2c at high magnification, or impute the treatment SD (e.g. from the control CV or the study-mean CV) rather than using an unreadable error bar; flag this row as influential and run the meta-analysis with and without it.",,NOT_VERIFIED,,,first-pass
s98,medium,wrong-category,not independently verified,merged_332; merged_333; merged_334; merged_335; merged_336; merged_337; merged_338; merged_339; merged_344; merged_345; merged_346; merged_347; merged_348; merged_349; merged_350; merged_351,"The 16 qPCR relative-mRNA-expression rows are coded measurement_category = ""metabolic capacity"" even though the sheet has a dedicated ""gene/protein expression"" category, leaving only 8 of 24 rows (the enzyme activities) in the category they were intended for.","Methods, Gene expression, p. R2316: quantitative RT-PCR of COX1, Atp5b, PGC-1alpha and PPARgamma, normalised to POLR2E and Cytb, with ""Relative gene expression ... calculated according to Pfaffl et al. (43)""; adult samples (n=6) as the reference. Figs 2A/B, 3A/B (pp. R2317-R2318) and 5A/B, 6A/B (p. R2319) all plot ""Relative mRNA expression"" on an axis ""Relative expression of ..."", with the caption ""Data are expressed as relative to adult mRNA levels"". These are transcript abundances, not enzyme activities or respiration fluxes. Only Figs 3C/D and 6C/D report actual enzyme activity (units gram wet tissue^-1).","All 24 rows have measurement_category = ""metabolic capacity""; the 16 rows listed here have measure_listed = ""PGC-1alpha mRNA expression"" / ""PPARgamma mRNA expression"" / ""Atp5b mRNA expression"" / ""COX mRNA expression"", units = ""relative to adult levels (control)"" and measurement_methods = ""qPCR"".","Recode the 16 mRNA rows to measurement_category = ""gene/protein expression"", keeping the 8 enzyme-activity rows (merged_340-343, merged_352-355) as ""metabolic capacity"" per the CS/COX rule. If the project's convention is instead that mRNA markers of mitochondrial biogenesis stay in ""metabolic capacity"", record that decision explicitly in the study notes so this study is not inconsistent with other studies whose western/qPCR rows were binned as gene/protein expression.",,NOT_VERIFIED,,,first-pass
s98,medium,wrong-category,not independently verified,merged_334; merged_335; merged_346; merged_347,"PPARgamma mRNA is treated as an unambiguous mitochondrial respiratory-function measure (mito_ambiguity = ""not-ambiguous"", mito_efficiency_dir = 1, category ""metabolic capacity""), but the authors themselves interpret PPARgamma as a lipid/glucose-metabolism transcription factor that is statistically dissociated from every mitochondrial marker they measured, so these four rows contribute a signed mitochondrial-function effect that the paper does not support.","Results, liver, p. R2318: ""there were no significant relationships between PPARgamma gene expression and PGC-1alpha gene expression, COX gene expression or COX activity"" (all F1,4 < 5.00, P > 0.1). Results, muscle, p. R2319: ""there were no significant relationships between PPARgamma and COX gene expression, COX activity or CS activity"". Discussion, pp. R2318-R2319: ""PPARgamma is involved directly in the glucose-sensing apparatus in liver by stimulating transcription of glucosetransporter 2 and glucokinase, two key proteins in hepatic glucose metabolism and lipogenesis in liver (26-28). Hence, the increase in PPARgamma gene expression after hatching would confirm its role in hepatic glucose metabolism in birds"", and ""gene expression patterns of PPARgamma differ from those of PGC-1alpha, which indicates that it is unlikely that these molecules interact during development in liver."" Values are from Fig 2B (liver) and Fig 5B (muscle).","merged_334/335 (liver) and merged_346/347 (muscle): measurement_category = ""metabolic capacity"", mito_ambiguity = ""not-ambiguous"", mito_efficiency_dir = 1, descrp_measure = ""peroxisome proliferator-activated receptor gamma, nuclear encoded"".","At minimum set mito_ambiguity to ambiguous for the four PPARgamma rows and record the paper's own dissociation result in the notes. Preferably move them to ""non-mitochondrial metabolic pathways"" (or drop them), or plan a sensitivity analysis excluding PPARgamma, since the liver PPARgamma effect is one of the largest cold-increases in the study (12.97 vs 4.65 at +4 days) and with dir = 1 it will pull the pooled estimate toward ""cold raises mitochondrial function"".",,NOT_VERIFIED,,,first-pass
s99,medium,other,not independently verified,merged_359,The LDH error bars digitised from Fig 6B are irreconcilable with the paper's own Table 1 LDH statistics - they imply a within-group SD roughly 6x smaller than the ANOVA does - so this row's SMD of ~10.8 is an artefact of a figure that contradicts the paper's analysis.,"Fig 6B (p.73) dark bars: 28 degC 93 (bar to ~96, SD ~2.8) and 31 degC 136 (bar to ~141, SD ~4.9), i.e. pooled SD ~3.4 across the four cells. Table 1 (p.4) LDH row: temperature F = 1.883, p = 0.207 (not significant), MPs F = 2.131, p = 0.183, T x MPs F = 8.612, p = 0.019. Reconstructing the 2x2 ANOVA from the Fig 6B cell means with those bars as SDs and n = 3 predicts F_T = 65, F_MP = 61, F_int = 186 - about 30x the reported values; the MSE implied by the reported F_T is ~405 (pooled SD ~20), which would give SMD ~2.1, not 10.8. The same reconstruction reproduces Table 1 closely for ALP (979 vs 925), ETS (0.162 vs 0.151) and CS (17.3 vs 13.9), so the discrepancy is specific to LDH and not a digitising or method artefact. A treatment/control SMD of 10.8 is also flatly incompatible with the paper's statement that LDH was 'significantly influenced by the interaction' only, with no significant temperature main effect (Results 3.6, p.6).","mean_t1 = 136.018, sd_t1 = 4.9015, mean_t2 = 93.129, sd_t2 = 2.7571 (with n = 60), giving SMD ~10.8 - the autoflagged 'EXTREME effect'.","Do not accept this row at face value. Either exclude merged_359, or retain it only with a sensitivity analysis / a variance taken from the Table 1 error term (pooled SD ~20 U/mg, SMD ~2.1), and record in the study note that Fig 6B's error bars contradict Table 1 for LDH specifically. The mean difference (93 -> 136) is not in doubt; only the SD is.",,NOT_VERIFIED,,,first-pass
N13,low,shared-control,not independently verified,merged_422; merged_423; merged_424,"The UCP1 mRNA rows share sample_depend IDs (1, 2, 3) with the electron-microscopy rows at the same age, but the mRNA and EM data came from different, non-overlapping sets of animals, so independent observations are coded as sharing a sample.","Methods p. 569: ""Six young animals from each age group were killed: 3 for morphology/electron microscopy studies and 3 for mRNA essays."" Table 2 (EM morphometry) and Table 3 (mRNA) therefore rest on separate triplets of animals within each age; only rows within Table 2 at a given age share animals.","merged_422 (UCP1 mRNA, 7 d) has sample_depend = 1, the same value as merged_425/428/431/434 (EM morphometry, 7 d); likewise sample_depend = 2 and 3 are shared between Table 3 and Table 2 rows at 14 and 30 days.","Give the mRNA (Table 3) rows their own sample_depend/cohort IDs, distinct from the EM (Table 2) rows at the same age, so the covariance structure links only rows that truly share animals. Effect is conservative rather than anti-conservative, hence low severity; control_multiple_comparisons = ""yes"" is correct because the 20°C control group is reused across the four Table 2 morphometric outcomes within each age.",,n/a (low),,,first-pass
N13,low,non-independence,not independently verified,merged_422; merged_423; merged_424; merged_425; merged_426; merged_427; merged_428; merged_429; merged_430; merged_431; merged_432; merged_433; merged_434; merged_435; merged_436,"sample_depend (1/2/3 by age) treats the UCP1 mRNA rows and the EM morphometry rows at the same age as coming from the same animals, but the paper explicitly used two separate cohorts of three animals per age group.","Methods, 'Animals', p. 569: 'Six young animals from each age group were killed: 3 for morphology/electron microscopy studies and 3 for mRNA essays.' Methods, 'Determination of LPL mRNA and UCP1 mRNA', p. 569: 'Three animals per age group (7-, 14- and 30-day-old rats) were killed by cervical dislocation' - a different, non-perfused cohort from the transcardially perfused EM animals ('Three animals per age group in deep anesthesia were perfused transcardially'). In the sheet, merged_422 (UCP1 mRNA, Table 3) and merged_425/428/431/434 (Table 2 morphometry) all carry sample_depend 1, and the same pattern holds at 14 d (sample_depend 2) and 30 d (sample_depend 3).",,"Split the shared-sample identifier by cohort: give the three Table 3 UCP1 mRNA rows their own sample_depend ids (e.g. 1a/2a/3a or 4/5/6) distinct from the Table 2 morphometry rows (1/2/3), so the variance-covariance matrix does not impose a shared-animal correlation between the mRNA and EM measurements. The current coding over-clusters rather than under-clusters, so it is conservative, but it is factually wrong and cheap to fix.",,VERIFIER_ONLY,,,verifier
N13,low,data-quality,not independently verified,merged_431; merged_432; merged_433,"The mitochondrial-volume rows reproduce Table 2 faithfully but carry internally implausible SDs (CV > 100%) and the paper's own text contradicts the table value for the 30-d 33degC group, so these three rows need a data-quality note or sensitivity check before they are trusted in the model.","Table 2, p. 572, row 'Adipocyte average mitochondrial volume (um3)': 0.38+/-0.1 | 0.34+/-0.4 | 0.37+/-0.5 | 0.40+/-0.4 | 0.43+/-0.1 | 0.47+/-0.1. The +/-0.4 and +/-0.5 values exceed or nearly equal their own means and are 4-5x the +/-0.1 reported for the identical measure at 30 days - almost certainly typos for 0.04 and 0.05. Separately, Discussion/Results p. 575 states 'As the average thermoneutral brown adipocyte mitochondrion had a volume of 0.60 um3 (Table 2), there were approximately 160 UCP1-gold particles per mitochondrion', whereas Table 2 gives 0.47 um3 for that cell (and the 270 x 0.6 = 162 arithmetic shows the text really used 0.60); p. 573 also says the 33degC mitochondria were 'slightly larger (0.47 um3 vs. 0.43 um3)', agreeing with the table. The sheet used the Table 2 values (0.34/0.4, 0.40/0.4, 0.47/0.1), which is the correct source choice.",,"Do not change the numbers - Table 2 is the primary source and the extraction matches it. Add a study note recording (i) that sd_t1 0.4 (merged_431) and sd_t2 0.5 (merged_432) are likely typographic errors in the paper for 0.04/0.05, and (ii) the 0.60 vs 0.47 um3 text/table discrepancy on p. 575. Run a leave-out sensitivity analysis on merged_431/432, since these near-zero-precision SDs dominate the lnRR/SMD sampling variance for the mitochondrial-volume measure. Also record that the autoflag on merged_433 (sd_t1 == sd_t2 == 0.1) is a FALSE ALARM: Table 2 genuinely reports +/-0.1 for both 30-d groups.",,VERIFIER_ONLY,,,verifier
N13,low,missing-data,not independently verified,merged_422; merged_423; merged_424,"LPL mRNA from Table 3 (three ages, mean+/-SD, n=3) was not extracted, although the sheet maintains a 'non-mitochondrial metabolic pathways' category for exactly this kind of measure.","Table 3, p. 574: 'LPL mRNA (%)' 100+/-20 (7-d 20degC) | 68+/-21 (7-d 33degC) | 78+/-19 (14-d 20degC) | 44+/-26 (14-d 33degC) | 58+/-15 (30-d 20degC) | 11+/-9 (30-d 33degC); footnote 'Data are the mean+/-SD from three animals in each group.' Lipoprotein lipase is an extramitochondrial, endothelial-surface lipid-handling enzyme (Introduction p. 567: 'LPL is transferred to the surface of endothelial cells where it hydrolyzes triglycerides'). The analysis file already contains 36 rows coded 'non-mitochondrial metabolic pathways', and the protocol names cytosolic LDH as the exemplar for that category.",,"Make the decision explicit rather than silent. Either add the three LPL mRNA effect sizes (t1=33/t2=20; 68/21 vs 100/20; 44/26 vs 78/19; 11/9 vs 58/15; n=3; measurement_category 'non-mitochondrial metabolic pathways'; mito_efficiency_dir 1; sample_depend matched to the mRNA cohort per the fix above), or record in the study note that non-mitochondrial lipid-handling enzymes were deliberately excluded for this study - and apply that rule consistently to the other 'non-mitochondrial metabolic pathways' rows already in the sheet.",,VERIFIER_ONLY,,,verifier
N13,low,category-coding,not independently verified,merged_422; merged_423; merged_424,"UCP1 mRNA is coded measurement_category 'metabolic capacity' rather than the protocol's 'gene/protein expression' level - but this is consistent with sheet-wide practice, so it is probably not actionable for this study alone.","Table 3, p. 574, and Methods p. 569 ('The amount of LPL mRNA and UCP1 mRNA was determined... quantified by the Slot-Blot technique') establish these as transcript-abundance measurements, i.e. gene expression. I checked the analysis file (output/data/temp_stress_full.csv): the 'gene/protein expression' level is used by ZERO of 550 rows, and every other transcript/protein-abundance measure in the dataset is coded 'metabolic capacity' - s42 'UCP1 expression' (category 'metabolic capacity', dir 0, identical to N13) and s98 PGC-1alpha, PPARgamma, Atp5b and COX mRNA expression (all 'metabolic capacity'). N13's mito_efficiency_dir = 0 for UCP1 is correct per the protocol rule that uncoupling-protein expression codes as 0.",,"Leave N13 as-is unless the whole sheet is recoded. If the protocol's 'gene/protein expression' category is meant to be live, handle it as a dataset-wide pass covering N13 (UCP1 mRNA), s42 and s98 together, not a single-study edit that would create a new inconsistency. Worth noting separately in the manuscript's coding-decisions section that, in brown adipose tissue specifically, dir=0 for UCP1 inverts the sign relative to the authors' own interpretation (reduced UCP1 at 33degC = unrecruited, non-thermogenic BAT, Abstract p. 567 and Fig. 4 p. 577), so this study's UCP1 rows will enter the model as '33degC increased mitochondrial function'; the protocol rule is explicit and was followed, but the interpretation should be flagged.",,VERIFIER_ONLY,,,verifier
N17,low,description-mismatch,not independently verified,merged_445; merged_446,"The `ref` for the two liver CCO rows points to figure4b, but Fig. 4B is muscle LDH; liver CCO is Fig. 4C. The values themselves came from the right panel.","Fig. 4 caption, p. 738: ""Activities (units g-1 wet tissue) of lactate dehydrogenase (LDH) in liver (A) and caudal muscle (B) and activities (units g-1 wet tissue) of cytochrome c oxidase (CCO) in liver (C) and caudal muscle (D)"". Panel C at the 22 degC test temperature shows ~6.2 (14 degC-accl), ~5.3 (17 degC-accl) and ~3.6 (22 degC-accl) units/g - matching the sheet - on a linear 0-12 axis. Panel B is the muscle LDH panel with a 0-350 axis, correctly cited by merged_449/450.","ref = ""figure4b"" on merged_445 and merged_446, colliding with merged_449/450 which legitimately cite figure4b; mean_t1 6.146 / 5.215, mean_t2 3.580, units/g wet tissue, liver.","Change ref to ""figure4c"" on merged_445 and merged_446. No change to the means, SEs, SDs or n.",,n/a (low),,,first-pass
N17,low,other,not independently verified,merged_437; merged_438; merged_439; merged_440; merged_441; merged_442; merged_443; merged_444; merged_445; merged_446; merged_447; merged_448; merged_449; merged_450,"The postnatal treatment timing fields are internally inconsistent: postnatal_trt_start = 66.5 plus dur_trt_postnatal = 28 days gives 94.5, not the recorded postnatal_trt_end = 91.5.","Acclimation Treatments, p. 734: ""Fish were acclimated for 28 d"" (ramp days at 2 degC/d excluded from the acclimation period). The paper gives no absolute ages, so start/end are the extractor's imputation from a median sexual-maturity age; the 28 d duration is firm and matches the sheet's total_trt_duration.","postnatal_trt_start = 66.5, postnatal_trt_end = 91.5, dur_trt_postnatal = 28, total_trt_duration = 28 (identical on all 14 rows). 91.5 - 66.5 = 25 days.","Set postnatal_trt_end = 94.5 (= 66.5 + 28) on all 14 rows, or correct postnatal_trt_start to 63.5 if 91.5 was the intended end. Duration fields need no change.",,n/a (low),,,first-pass
N17,low,other,not independently verified,merged_437; merged_438; merged_439; merged_440; merged_441; merged_442; merged_443; merged_444; merged_445; merged_446; merged_447; merged_448; merged_449; merged_450,"postnatal_measure_delay = 17 days is not supported by the paper: it appears to be taken from the extractor note's claim that fish were held at 22 degC for 17 days before allocation, but the paper says 14 days, and in any case a pre-treatment holding period is not a post-treatment measurement delay - measurements began immediately after the 28 d acclimation.","Animal Husbandry, p. 734: ""All animals were held in these conditions for a period of 14 d before acclimation treatments"" (not 17 d). Acclimation Treatments, p. 734: ""Following acclimation, performance of each fish was measured at 12, 14, 17, 22, and 26 degC"", i.e. assays started straight after the 28 d treatment ended (swimming trials were spaced at least 24 h apart and tissues were taken afterwards, so a delay of only a few days is implied for the mitochondrial/enzyme samples).","postnatal_measure_delay = 17, measure_delay_units = days, on all 14 rows; the extractor note states ""kept at 22C for 17 days before being allocated to acclimation treatment groups"".","Set postnatal_measure_delay to ~0 (or to the few days over which the staggered assays ran) on all 14 rows, and correct the study note to say fish were held at 22 degC for 14 d, not 17 d, before allocation. The 14 d pre-treatment holding period should not be entered as a measurement delay.",,n/a (low),,,first-pass
N5,low,description-mismatch,not independently verified,merged_421,"Sex is coded ""both"" but every animal in the study was male.","Abstract, p. 449: ""Male rats were exposed to cold (14 degrees C) for the first 3 weeks"". Methods, p. 452: ""Experiments were performed on pathogen-free male Sprague-Dawley rats"" and ""the litter was culled to 6 pups/litter, giving preference to the male gender, since measurements had to be performed only on male rats.""","sex = ""both""","Change sex to ""male"". This matters only if sex is used as a moderator, but it is an unambiguous factual error.",,n/a (low),,,first-pass
N5,low,wrong-category,not independently verified,merged_421,"measurement_category is ""metabolic capacity"", but this row is a Western-blot protein abundance and fits the sheet's ""gene/protein expression"" category; this is a judgement call, flagged for cross-study consistency rather than as a clear-cut error.","Methods 2.4, p. 452: ""After the determination of protein concentration, the proteins were separated by gel-electrophoresis and the uncoupling protein (UCP) was determined by standard Western blot analysis... UCP was expressed as ratio of the cytoskeleton protein actin, and as percentage of a reference load (prepared by combining subsamples of all the rats of the Control group)"". There is no enzyme-activity or respirometry assay behind this number - it is protein abundance per unit wet tissue, reported in Table 1 as % of Control.","measurement_category = ""metabolic capacity""; measure_listed = ""UCP""; descrp_measure = ""uncoupling protein""; units = ""protein/wet mass (% of control)""; mito_efficiency_dir = 0 (this part is correct per the schema's rule for uncoupling protein).","Reassign to ""gene/protein expression"" unless the project has decided that UCP protein content counts as a thermogenic-capacity marker alongside citrate synthase and cytochrome c oxidase. Either way, apply the same rule to every UCP/protein-abundance row in the dataset so the category is used consistently.",,n/a (low),,,first-pass
N5,low,missing-effect-size,not independently verified,merged_421,"Table 1 reports a second, independently eligible UCP measure (UCP/actin) that was not extracted, and the study note does not record why only one of the two was taken.","Table 1, p. 454, BAT block, two adjacent rows: ""UCP/actin (% of Control) 100+/-16 | 153+/-10 | <0.01"" and ""UCP/wet tissue (% of Control) 100+/-8 | 161+/-6 | <0.001"". Only the wet-tissue normalisation was entered (units = ""protein/wet mass (% of control)"", which correctly matches that row, so the right row of the table was used). Deliberately picking one normalisation to avoid a dependent duplicate is defensible - other files in the sheet do include several expression measures per study and handle dependence via sample_depend - but the choice is undocumented, and the extractor note for N5 mentions only the sample-size decision.",,"Either record in the study note that UCP/actin was deliberately dropped as a redundant normalisation of the same Western blot, or add it as a second row (t1 = 14, mean 153, se 10; t2 = 23, mean 100, se 16; n = 20) sharing sample_depend with merged_421 and setting control_multiple_comparisons = ""yes"" on both.",,VERIFIER_ONLY,,,verifier
Recio8,low,wrong-value,not independently verified,merged_381; merged_382; merged_383; merged_384; merged_385; merged_386; merged_387; merged_388; merged_389; merged_390,"The treatment temperature is coded 1 degree C too low on every row, so the temperature differential (dose) is 6 instead of 7 degrees C.","Experimental Procedure, p. 3: turtles were acclimated and the control group held at ""a fluctuating temperature of 28 +/- 4 C"", while the treatment group was ""exposure to a simulated heat wave (35 +/- 4 C ...)""; the Abstract (p. 1) likewise states ""a simulated heat wave (1 week, 35 +/- 4 C), followed by a recovery period (1 week, 28 +/- 4 C)"". The Discussion (p. 7) adds that during the heat wave the turtles ""experienced 37-39 C for nearly 5 h daily"". The nominal means are therefore 35 C (treatment) and 28 C (control), a 7 C differential.","t1 = 34, t2 = 28, dose = 6 (celsius) on all 10 rows.","Set t1 = 35 and dose = 7 on all 10 rows (t2 = 28 is correct). If the intent was instead to use the arithmetic mean of the ten-step ramp in Supplementary Table 1, that table is not in this PDF and the same logic would have to be applied to the control group as well, which was coded at its nominal 28 C.",,n/a (low),,,first-pass
Wild7,low,description-mismatch,not independently verified,merged_403,"measure_listed says ""CCO:CS ratio"" but this row is the CI:CIII (NADH:cytochrome c oxidoreductase) effect size; every other field in the row is correct for CI:CIII.","Fig 1c (p.1113, polar cod CI:CIII). Pixel measurement of the 8 C control bar: mean = 0.714 U mg FW-1, error cap = 0.938, SEM = 0.224 - matching this row exactly; the Fig 3a 8 C polar cod CCO:CS value is 0.521 (which is correctly held by merged_405). The row's ref (figure1c), descrp_measure and verbatim assay text (imidazole/HCl 25 mM, cytochrome c ox 0.08 mM, NADH 0.2 mM) are all the CI:CIII assay.","merged_403: measure_listed = ""CCO:CS ratio"", descrp_measure = ""NADH:cytochrome c oxidoreductase"", ref = figure1c, units = ""U mg / FW"", mean_t1 = 0.724184, se_t1 = 0.216130.","Change measure_listed for merged_403 to ""CI:CIII"" so it matches the other CI:CIII rows (merged_393, merged_398, merged_408, merged_413, merged_418) and does not group with the CCO:CS ratio rows.",,n/a (low),,,first-pass
WildNew1,low,se-as-sd,not independently verified,kris_n_468; kris_n_469,"On the two damage rows the se columns contain the SD, not the SE (sd == se). The automated flag's interpretation is inverted: the sd values are correctly converted SDs, so effect sizes are unaffected, but the se columns are wrong.","Statistical analysis, p. 587: 'Data are presented as means +/- standard error of the mean (SEM)'; all Fig. 5-7 captions repeat 'Values are expressed as mean +/- SEM'. Measured SEMs of the matching Fig. 5 bars: winter 28 C UV MDA bar SEM 0.187 (x sqrt(7) = 0.495, sheet sd 0.48993); winter 18 C control carbonyl bar SEM 0.819 (x sqrt(7) = 2.168, sheet sd 2.15580); the row-469 t1 sd 2.35178 implies SEM 0.889, consistent with the 0.79-0.90 SEMs plotted in Fig. 5a/b.",kris_n_468: sd_t1 = se_t1 = 0.16331; sd_t2 = se_t2 = 0.48993. kris_n_469: sd_t1 = se_t1 = 2.35178; sd_t2 = se_t2 = 2.15580. All eight enzyme rows correctly satisfy sd = se*sqrt(7).,Recompute se_* = sd_*/sqrt(n) (or blank the se columns) for these two rows; leave sd_* as is. No change to the effect sizes.,,n/a (low),,,first-pass
WildNew1,low,shared-control,not independently verified,kris_n_460; kris_n_461; kris_n_462; kris_n_463; kris_n_464; kris_n_465; kris_n_466; kris_n_467,"Four control cells are each re-used by two rows (genuine shared controls in the paper), but control_multiple_comparisons is coded 'no' on every row, so the statistical dependency is not flagged.","Design, Methods p. 585 and Figs 6-7: there is only ONE no-UV control group per cohort x acclimation temperature (three replicate tanks, 15 fish each, subsampled 6-8 fish per assay). The summer 28 C control group is therefore the reference for both the summer 18 C and 32 C contrasts, and the winter 18 C control group for both the winter 28 C and 32 C contrasts.","mean_t2/sd_t2/n_t2 identical for kris_n_460+461 (SOD 1.36/0.3175/7), 462+463 (SOD 1.3470/0.6375/7), 464+465 (CAT 0.5720/0.1546/7), 466+467 (CAT 0.4822/0.1288/7); control_multiple_comparisons = 'no' on all rows; sample_depend = 1 on all rows.",Set control_multiple_comparisons = 'yes' (or the sheet's equivalent) for these eight rows and give each shared control group a common identifier so the shared-control covariance can be modelled.,,n/a (low),,,first-pass
WildNew1,low,description-mismatch,not independently verified,kris_n_463; kris_n_467; kris_n_468; kris_n_469,The ref column points at the wrong panels for two rows and is cohort-ambiguous for the two damage rows.,"Fig. 6 and Fig. 7 panel layout (pp. 592-593): a-c = summer at 18/28/32 C acclimation, d-f = winter at 18/28/32 C. A winter 32-vs-18 C contrast therefore lies in panels f and d, not e and f. Fig. 5 (p. 591): a = summer carbonyl, b = winter carbonyl, c = summer MDA, d = winter MDA - so 'Figure 5c,d' and 'Figure 5a,b' each span both cohorts.","kris_n_463 ref = 'figure 7e,f' but t2 (1.3470) is panel 7d; kris_n_467 ref = 'figure 6e,f' but t2 (0.4822) is panel 6d; kris_n_468 ref = 'Figure 5c,d' and kris_n_469 ref = 'Figure 5a,b' (both cohorts cited, no bar identified).","Correct to 'Fig. 7d,f' and 'Fig. 6d,f', and for the damage rows record cohort, acclimation temperature, UV level and panel letter explicitly (this ambiguity is the likely origin of the two high-severity damage-row errors above).",,n/a (low),,,first-pass
WildNew2,low,wrong-units,not independently verified,kris_n_470; kris_n_471; kris_n_472; kris_n_473,"The recorded units are per minute, but the values were digitised from a figure whose y-axis is per hour; the paper is internally inconsistent and the sheet followed the Methods text rather than the axis the numbers came from.","Methods p.1327: ""Specific Na+,K+-ATPase activities are expressed in mumol liberated inorganic phosphate per min per mg protein."" But the Fig. 2 y-axis labels (p.1332, verified on a 600-dpi crop) read ""Na+,K+-ATPase activity in gills (mumol Pi/h/mg protein)"" and ""...in kidney (mumol Pi/h/mg protein)"". The sheet's values (about 3-21 in gill, about 2-14 in kidney) are the figure's plotted magnitudes, i.e. the per-hour axis.","units = ""umol inorganic phosphate/min/mg protein"" on all four rows.","Change units to ""umol inorganic phosphate/h/mg protein"" to match the axis the values were read off, and add a note that the paper's Methods text contradicts its own figure axis. No effect on lnRR or SMD (both groups share the units), so this is bookkeeping only - but it would matter if these values were ever pooled on an absolute scale with another study.",,n/a (low),,,first-pass
WildNew2,low,units-mismatch,not independently verified,kris_n_470; kris_n_471; kris_n_472; kris_n_473,"The `units` field ('umol inorganic phosphate/min/mg protein') contradicts the axis of the figure the numbers were actually digitised from, which is per HOUR, not per minute.","Methods p.1327 states activities 'are expressed in umol liberated inorganic phosphate per min per mg protein', but the y-axis of Fig. 2a and Fig. 2b (p.1332) reads 'Na+,K+-ATPase activity in gills / in kidney (umol P_i/h/mg protein)' - I zoomed the rendered axis label to confirm the 'h'. The paper is internally inconsistent by a factor of 60, and the sheet's `ref` column ('figure2a'/'figure2b') shows the values came from the per-hour figure while the `units` string was copied from the per-minute Methods text.",,"Record units as they appear on Fig. 2 ('umol Pi/h/mg protein') and add a note that Methods p.1327 states per-min, so the absolute scale in this paper is ambiguous. No numerical consequence for a within-study standardised or ratio effect size, but it matters if anyone ever pools raw magnitudes or compares units across studies.",,VERIFIER_ONLY,,,verifier
WildNew2,low,unsupported-metadata,not independently verified,kris_n_470; kris_n_471; kris_n_472; kris_n_473,"sex = 'both' is an assumption, not a reported fact - the paper never mentions the sex of any fish.","A full-text search for 'sex', 'male', 'female', 'gonad' and 'maturit' returns no hits anywhere in the Methods, Results or Discussion; the only 'male' hits are in reference titles (p.1334-1335). Animals are described only as 'Juvenile Senegalese sole (n = 40, 69 +/- 2 g body weight)' (Methods, p.1326). Juvenile flatfish of this size are typically not sexed.",,"Change sex to the sheet's code for unknown/unreported (NA or 'unknown') on all four rows rather than 'both', so a sex moderator is not fed an invented value. The first pass noticed this but left it as narrative rather than a finding.",,VERIFIER_ONLY,,,verifier
WildNew2,low,duration-coding,not independently verified,kris_n_470; kris_n_471; kris_n_472; kris_n_473,"dur_trt_postnatal = total_trt_duration = 28 days over-states the exposure the paper reports, and it is asymmetric between the treatment and control groups because only the 26C group experienced the 7-day ramp.","Methods p.1326-1327: fish 'were transferred to tanks with a nominal water temperature of 19 C. Two tanks were maintained at 19 C. In the two other tanks, temperature changed gradually by 1 C per day from 19 to 12 or 26 C... Following the 7-day acclimation period, fish were exposed for 3 weeks to the different ambient temperatures and feeding regimes.' The paper labels the exposure as 21 days/3 weeks in four separate places: Fig. 2 legend p.1332 ('after 21 days of exposure'), Table 1 p.1329, Table 2 p.1330 and Table 3 p.1331 ('during an experimental period of 3 weeks'). So the 26C group spent 7 days ramping plus 21 days at 26C, while the 19C control had 0 ramp days and 21 days at its temperature; 28 describes the treatment arm's tank time, not the exposure the paper reports.",,"Code 21 days as the treatment duration (the paper's own figure/table labelling), and if the ramp is to be counted, apply the same convention across every ramped study in the dataset and note in the Notes field that the control arm was not ramped. Currently the coding is defensible but inconsistent with the paper's stated exposure.",,VERIFIER_ONLY,,,verifier
WildNew2,low,digitising-false-alarm,not independently verified,kris_n_470,"Adjudicating the automated flag 'mean_t1 == mean_t2 exactly (20.6612)': substantively a FALSE ALARM, but the two means were evidently entered from a single digitised value, and the true (tiny) difference runs the opposite way to zero.","My pixel digitisation of Fig. 2a (p.1332), calibrated on the y-axis ticks at 0/5/10/15/20/25/30, gives gill SAopt 19C(+) = 20.92 with SEM 0.93 and 26C(+) = 20.81 with SEM 1.49. The sheet has 20.6612 for BOTH groups with different SEMs (1.074 and 1.570), so the SEMs were digitised separately but one mean value was used twice. The discrepancy is ~0.5%, well inside digitising tolerance, and the paper reports this contrast as non-significant (Table 1, p.1329: Gills Na+,K+-ATPase SAopt, Temperature NS, Feeding NS; Results p.1330: 'Maximum branchial Na+,K+-ATPase activities assayed at the optimum temperature of 37 C (SAopt) were not significantly affected by feeding regime or acclimation temperature'). For completeness, my digitisation of every other extracted value matches the sheet within a few percent: gill SAamb 26C 13.51/19C 7.28 (sheet 13.306/7.107); kidney SAopt 26C 11.63/19C 14.30 (sheet 11.309/14.057); kidney SAamb 26C 6.56/19C 3.89 (sheet 6.180/3.544). SD = SEM x 3 exactly on all eight cells, matching the n = 9 convention (Fig. 2 legend and Table 2: 'mean +/- SEM (n = 9-10 per group)'), so there is no un-converted SEM.",,"No substantive change needed - do not treat the exact tie as an error. If tidying, re-enter mean_t2 = ~20.9 and mean_t1 = ~20.8 so the row is not a hard zero, and record in Notes that the contrast is NS in the source. The flag should be closed as a digitising artefact, not a wrong-group or wrong-panel error.",,VERIFIER_ONLY,,,verifier
WildNew2,low,inclusion-criteria,not independently verified,kris_n_470; kris_n_471; kris_n_472; kris_n_473,"This is a 3-week thermal ACCLIMATION of large juveniles (69 g), not a manipulation over an early developmental window, and the paper gives no age - so criterion 1 ('during development, before sexual maturity') is met only on a literal reading and the row set sits at the permissive edge of the review's scope.","Methods p.1326: 'Juvenile Senegalese sole (n = 40, 69 +/- 2 g body weight) were caught by netting'; the fish had already been held 14 days in 400-l tanks 'under natural temperature (19 C) and photoperiod (May, 2007)' before treatment, and the paper's own framing throughout (title, Abstract, Discussion headings) is 'acclimation' to 'ambient temperature', with the stated rationale being the 12-26 C annual range of Spanish aquaculture ponds (Introduction, p.1326). No age, hatch date, developmental stage or maturity status is reported anywhere, so the extractor's life-history estimates (noted in the manifest as prenatal 1.75 d, maturity 1095 d, postnatal developmental period 547.5 d) are inferences the paper does not support. The first pass raised this only as an aside 'for the project rather than as a finding'.",,"Flag the study for an explicit scope decision and record the justification in study_notes: either accept it as pre-maturity (defensible, since S. senegalensis matures at roughly 3 years and a much larger size) or exclude it as adult-style thermal acclimation. Either way, add it to a sensitivity analysis on 'early-developmental-window vs juvenile-acclimation' studies, and mark the estimated age/maturity fields as imputed rather than extracted.",,VERIFIER_ONLY,,,verifier
WildNew3,low,wrong-value,not independently verified,kris_n_484,"The control (cold) standard error for muscle cytochrome c oxidase appears to have been copied from the warm bar; Fig. 5B shows the cold whisker is roughly half the warm one, so sd_t2 is inflated by about 70%.","Fig. 5B (p. 4873), muscle CCO, 20 degC pair, caption ""Activities (mean +/- s.e.m.)"". Pixel-calibrated measurement (y ticks every 2 units at 34 px, zero at y = 2228.5): open/cold bar top = 4.32 with cap at 4.79, i.e. s.e.m. ~= 0.47-0.53; solid/warm bar top = 4.91 with cap at 5.68, i.e. s.e.m. ~= 0.77. A 10x zoom of that bar pair visually confirms the open bar's whisker is about half the length of the solid bar's.","se_t1 = 0.831242199 and se_t2 = 0.8324246206 (effectively identical), giving sd_t2 = 2.3545 (= 0.83242 * sqrt(8)). A correct cold s.e.m. of ~0.50 would give sd_t2 ~= 1.41.","Re-digitise the cold (open) error bar in Fig. 5B at the chosen assay temperature and recompute sd_t2 = se_t2 * sqrt(8); as measured at 20 degC that is se_t2 ~= 0.50, sd_t2 ~= 1.41. (If the rows are moved to the 25 degC assay level per the first finding, re-read both error bars there instead.)",,n/a (low),,,first-pass
WildNew4,low,description-mismatch,not independently verified,kris_n_489; kris_n_490; kris_n_491,"descrp_measure says the measure was ""assayed at 20 and 30C"" but does not state which of the two assay temperatures the row's numbers actually come from, so the row cannot be traced to a specific pair of bars from the sheet alone.","Fig. 4 (p. R1029) plots each enzyme at both 20 C and 30 C test temperature (four bars per panel), and the two pairs differ by 2-3 fold (e.g. Fig. 4A LDH: ~169/189 at 20 C vs ~383/362 at 30 C; Fig. 4B COX: ~1.60/1.61 vs ~3.18/3.65; Fig. 4C ATPase: ~0.305/0.263 vs ~0.505/0.745). I confirmed all three rows are from the 20 C pair, and the extractor's free-text note does say ""Extracted data from 20C tests"" - but that information lives only in the note, not in the row.","descrp_measure = ""lactate dehydrogenase activity; assayed at 20 and 30C in caudofemoralis muscle"" / ""cytochrome c oxidase activity; assayed at 20 and 30C in caudofemoralis muscle"" / ""myofibrillar ATPase activity of caudofemoralis muscle; assayed at 20 and 30C""; Notes column only says ""View study_notes"".","Amend descrp_measure (or add an assay/test-temperature column) to read e.g. ""...; assayed at 20C (of 20 and 30C test temperatures)"". This is a systematic wording pattern in this extractor's rows - the sibling crocodilian studies WildNew3 (""assayed at 20, 25, and 30C"", 15 rows) and WildNew5 (""assayed at 20 and 30C"", 22 rows) have the same gap - so fix it as a batch and verify which level each of those rows used too.",,n/a (low),,,first-pass
WildNew5,low,description-mismatch,not independently verified,kris_n_492; kris_n_493; kris_n_494; kris_n_495; kris_n_496; kris_n_497; kris_n_498; kris_n_499; kris_n_500; kris_n_501; kris_n_502; kris_n_503; kris_n_504; kris_n_505; kris_n_506; kris_n_507; kris_n_508; kris_n_509; kris_n_510; kris_n_511; kris_n_512; kris_n_513,"descrp_measure says ""assayed at 20 and 30C"" on every row, but each row contains only the 20 degC assay values; the row text does not record which level of the second (assay-temperature) factor was used.","Every figure and table reports both assay temperatures separately (Figs 2, 3: ""S3 20degC / S3 30degC / S4 20degC / S4 30degC""; Tables 2, 3: separate ""30 degC"" and ""20 degC"" rows; Figs 6-9 x-axis ""Test temperature (degC)"" with 20 and 30 groups). I verified that all 22 extracted rows come from the 20 degC assay; the 30 degC values are substantially different and in liver even reverse the sign (Fig 3 S3: warm 31.4 vs cold 42.2 at 30 degC, a significant cold > warm difference, versus 17.3 vs 20.9 at 20 degC).","e.g. kris_n_492 descrp_measure = ""state 3 oxygen consumption with malate and pyruvate after addition of ADP; assayed at 20 and 30C""; measurement_methods and ref do not disambiguate either (ref = ""figure2"", ""table2"" etc.).","Change descrp_measure (or add a field) to state ""measured at 20 degC assay temperature"" on all 22 rows, so the choice of assay-temperature level is auditable and consistent with how other multi-assay-temperature studies in the sheet are coded.",,n/a (low),,,first-pass
WildNew5,low,inclusion-criteria,not independently verified,kris_n_492; kris_n_493; kris_n_494; kris_n_495; kris_n_496; kris_n_497; kris_n_498; kris_n_499; kris_n_500; kris_n_501; kris_n_502; kris_n_503; kris_n_504; kris_n_505; kris_n_506; kris_n_507; kris_n_508; kris_n_509; kris_n_510; kris_n_511; kris_n_512; kris_n_513,"The temperature contrast is confounded with photoperiod, basking duration and radiation intensity - the two treatments are simulated winter vs summer, not temperature alone. Worth a documented judgement call against exclusion criterion 3.","p. 54-55: ""The temperature and photoperiod conditions were chosen to resemble winter and summer in the alligator's natural habitat""; cold treatment = air 17.5 degC, water 18.5 degC, ""Basking opportunity was provided for 6 h day-1 at a radiation intensity of 380 W m-2""; warm treatment = air 31.2 degC, water 27.5 degC, ""basking opportunity was provided for 9 h day-1 at an intensity of 700 W m-2"". Diet and feeding regime were deliberately held constant (ad libitum live crayfish and crickets in both groups), and temperature was experimentally assigned in controlled-environment rooms, so this is not field/seasonal acclimatisation.",No field in the row set records the co-varying photoperiod/radiation difference; the study is coded as a plain 29 vs 20 degC developmental temperature contrast.,"Keep the study (temperature was experimentally assigned pre-maturity and the second factor is bundled into the treatment rather than crossed), but record the photoperiod/basking-intensity confound in the study notes so it can be used in a sensitivity analysis or risk-of-bias coding.",,n/a (low),,,first-pass
WildNew6,low,wrong-temperature,not independently verified,kris_n_522; kris_n_533,"The two '3 h' rows are coded as a 10 degC vs 20 degC contrast (dose = -10), but at 3 h the cold group was still mid-way through the 6-hour cooling ramp and had not reached 10 degC.","Methods, p. 733: 'At the start of the experiment, temperature change was initiated in the cold-acclimated group by bringing room temperature down to 10 degC over 6 h (cold-acclimated treatment).' Sampling at 3 h (Table 1, p. 735, '3 h' column) therefore occurred roughly half-way through the ramp, at an intermediate water temperature, not at 10 degC.","kris_n_522 (CS, 3 h) and kris_n_533 (CCO, 3 h): t1 = 10, t2 = 20, dose = -10, units.1 = celsius.","Either drop these two rows along with the 0 h rows, or flag them so the realised treatment temperature (~15 degC, mid-ramp) is not taken at face value; at minimum add a note that t1 = 10 is nominal and not yet attained at 3 h.",,n/a (low),,,first-pass
WildNew6,low,description-mismatch,not independently verified,kris_n_543; kris_n_544,"The liver rows' descrp_measure says the assays were 'conducted at 10, 20, and 30C' without recording which assay temperature the extracted values come from, even though Fig. 3 plots three separate assay-temperature bar pairs; the values are in fact the 20 degC bars only.","Fig. 3 (p. 736) caption: 'Activity of lactate dehydrogenase (a) and citrate synthase (b) in liver of tadpoles (L. peronii) at 10, 20 and 30 degC from cold-acclimated and control groups at 6 weeks.' Three grouped bar pairs on an 'Assay Temperature (degC)' x-axis. My pixel measurement of the 20 degC pair gives LDH cold 39.67 / control 7.98 and CS cold 8.85 / control 6.70, versus 10 degC (LDH 26.94 / ~5.4; CS 8.35 / 6.41) and 30 degC (LDH 48.77 / 13.47; CS 9.80 / 7.59). Assay temperature is a crossed second factor in the paper's analysis ('The activity of liver samples was analysed with two-way ANOVA, with assay temperature and treatment as factors', p. 734).","kris_n_543 descrp_measure: 'liver lactate dehydrogenase activity at 6 weeks; assays conducted at 10, 20, and 30C' (mean_t1 40.29, mean_t2 9.02); kris_n_544 the same wording (mean_t1 8.756, mean_t2 6.631). The same three-temperature wording also appears in measurement_methods on all 31 rows.","Amend descrp_measure on kris_n_543/544 to state '20 degC assay temperature (Fig. 3a/3b, middle bar pair)'. This makes the rows re-checkable and prevents a later extractor from adding the 10 degC or 30 degC bars as if they were new effect sizes (which would breach inclusion criterion 4 on non-baseline levels of a second factor).",,n/a (low),,,first-pass
WildNew7,low,other,confirmed,kris_n_545; kris_n_546; kris_n_547; kris_n_548,"mito_ambiguity is inconsistent within each enzyme pair: the same measure in the same tissue is coded ""ambiguous"" in one row and ""not-ambiguous"" in the other.","kris_n_545 and kris_n_546 are the identical measure (white-muscle citrate synthase, Fig. 2(a), identical measurement_methods), differing only in which acclimation group is the treatment; likewise kris_n_547/kris_n_548 (white-muscle LDH, Fig. 2(b)). Whether a measure is an ambiguous index of mitochondrial function is a property of the measure, not of the treatment temperature, so the two rows of a pair cannot legitimately differ.","kris_n_545 (t1=15, CS) = ""ambiguous""; kris_n_546 (t1=30, CS) = ""not-ambiguous""; kris_n_547 (t1=15, LDH) = ""ambiguous""; kris_n_548 (t1=30, LDH) = ""not-ambiguous"".","Set one mito_ambiguity value per measure (both CS rows the same, both LDH rows the same). Note the pattern is identical to findings 1-2 (value tracks t1 = 15 vs 30, not the measure), which points at one underlying fill/merge error across all the categorical columns of these four rows -- worth re-deriving mito_ambiguity, measurement_category and mito_efficiency_dir together from measure_listed.","CONFIRMED (sheet): ambiguity is keyed to the group (15C rows 'ambiguous', 30C rows 'not-ambiguous') rather than to the measure; both CS rows and both LDH rows use the same crude-homogenate assay (Methods p954).",n/a (low),,,first-pass
WildNew7,low,other,confirmed,kris_n_545; kris_n_547,"The extractor note is self-contradictory and, as written, asserts that the two 15 deg C rows cannot exist; the paper shows they can, so the note should be corrected before it misleads a future user into deleting valid rows.","The note states ""enzyme assays were only done on control 24.5C, warm 30C"" and then, two sentences later, ""I coded the cold comparison as 15 vs 24.5 using the stepped-cold group"". The published abstract (Crossref DOI 10.1111/j.0022-1112.2005.00795.x) settles it in favour of the rows: ""Maximal activities and thermal sensitivity of citrate synthase and lactate dehydrogenase from whitespotted bamboo shark white locomotor muscle were similar between control animals maintained at 24.5 deg C and those maintained at 15 deg C, indicating that cold-exposed animals did not compensate at the biochemical level."" So CS and LDH were assayed on the 15 deg C group, and kris_n_545 / kris_n_547 are legitimate. The note's first clause is simply wrong (the group with no enzyme data is the 20 deg C group).","Rows kris_n_545 and kris_n_547 carry t1 = 15 with full mean/sd/n, while the study note claims enzymes were assayed only at 24.5 and 30 deg C.","Amend the extractor note to ""enzyme assays were done on the 24.5 deg C control, the 15 deg C stepped-cold group and the 30 deg C warm group; the 20 deg C group has whole-animal oxygen consumption only"". Do not delete kris_n_545 or kris_n_547.","CONFIRMED (PDF) Methods p954: 'Enzyme activities were measured in four control animals maintained at 24.5C, five animals maintained at 30C and five animals from the stepped-cold group maintained at 15C' - so the note's claim that assays were done only on control and warm animals is wrong; the 15C rows are valid.",n/a (low),,,first-pass
WildNew7,low,wrong-value,confirmed,kris_n_545; kris_n_546; kris_n_547; kris_n_548,"Fig. 2 was digitised with a small y-axis calibration offset: every LDH mean is ~10 U g-tissue-1 too low and every CS mean ~0.04 too high. The offset is the same for all three groups, so mean differences and effect sizes are barely affected.","Fig. 2 p959 re-measured at 600 dpi at assay temperature 25C (axis ticks calibrated in pixels). CS: stepped-cold 1.402 (SE 0.148), control 1.940 (SE 0.171), warm 0.890 (SE 0.098). LDH: stepped-cold 119.3 (SE 24.5), control 198.4 (SE 25.0), warm 264.1 (SE 17.5). Unstandardised SMD sheet vs re-measured: CS 15 -1.51 vs -1.60; CS 30 -3.39 vs -3.66; LDH 15 -1.47 vs -1.51; LDH 30 1.42 vs 1.46.",CS 1.439 / 1.977 / 0.933; LDH 109.9 / 188.2 / 253.3 (stepped-cold / control / warm); SEs within ~0.01 (CS) and ~1 (LDH) of the re-measured values,"Optional (effect sizes barely change): replace with the values re-measured from Fig. 2 at assay 25C - CS stepped-cold 1.402 (SE 0.148), control 1.940 (SE 0.171), warm 0.890 (SE 0.098); LDH stepped-cold 119.3 (SE 24.5), control 198.4 (SE 25.0), warm 264.1 (SE 17.5) - and recompute sd = se x sqrt(n).",CONFIRMED (PDF): Tullis & Baillie 2005 J Fish Biol 67:950-968,,,,main session (PDF read 17 Sep 2026)
WildNew7,low,description-mismatch,confirmed,kris_n_545; kris_n_546; kris_n_547; kris_n_548,"descrp_measure and measurement_methods say assays at 15, 20, 25 and 30C, but every row holds the 25C assay values only, and ref cites Table II, which contains assay Q10 values rather than activities.",Fig. 2 p959 (activities at four assay temperatures); Table II p960 (assay Q10 only). Extractor note: 'Used assay temperature 25'.,"'assays at 15, 20, 25, and 30C'; ref 'Fig. 2(a) / Table II'",Record 'assayed at 25C' in descrp_measure and set ref to Fig. 2(a) or Fig. 2(b) at 25C.,CONFIRMED (PDF): Tullis & Baillie 2005 J Fish Biol 67:950-968,,,,main session (PDF read 17 Sep 2026)
WildNew7,low,other,confirmed,kris_n_545; kris_n_547,"t1 = 15 hides a two-step thermal history: the stepped-cold animals spent ~4 months at 20C before ~5 months at 15C, and 15C-exposed animals fed less readily than controls.","Methods p952 (stepped-cold group); Results p955: cold and stepped-cold animals 'did not eat as readily', but the stepped-cold group's final mass (26.9 +/- 2.9 g) did not differ from controls (28.2 +/- 1.0 g). The directly transferred cold group (n = 4) lost mass and was not assayed (p954).","t1 = 15, dose = -9.5, temp_regime not recorded",Record the stepped history (e.g. temp_regime = 'stepped') so it can be checked in sensitivity analyses.,CONFIRMED (PDF): Tullis & Baillie 2005 J Fish Biol 67:950-968,,,,main session (PDF read 17 Sep 2026)
WildNew7,low,other,confirmed,kris_n_545; kris_n_546; kris_n_547; kris_n_548,sex = 'both' is not supported: the paper does not report the sex of the sharks.,Methods p952-954: no sex reported for any animal.,sex = both,Set sex to NA / not reported.,CONFIRMED (PDF): Tullis & Baillie 2005 J Fish Biol 67:950-968,,,,main session (PDF read 17 Sep 2026)
WildNew8,low,derived-statistic,not independently verified,kris_n_549; kris_n_550,"Only the protein-normalised panel (Fig. 5A) was extracted, so the effect size is driven partly by an acclimation-induced change in the normaliser; the extractor note claims wet-mass rows that do not exist in the sheet.","Total protein concentration (p. 103): tissue protein rose with cold acclimation from 36.6 to 47.0 mg g-1 wet mass in muscle and from 23.4 to 29.7 mg g-1 in liver. Same page: ""In terms of umax (U mg-1 protein), the LDH-specific concentration was reduced under acclimation to low temperature, but in terms of final umax per tissue (U g-1 wet mass) the total LDH-specific concentration was restored by quantitative compensation after acclimation to low temperature."" Fig. 5B (p. 104) plots the same umax per g wet mass and carries ""ns"" markers for both tissues.","Both rows are units = ""U/mg protein"", ref = ""figure5a""; no Fig. 5B (U g-1 wet mass) rows exist for WildNew8, although the extractor note says ""the clean sheet rows are LDH Vmax normalized to protein and wet mass from Fig. 5"".","Either add the Fig. 5B (U g-1 wet mass) rows as originally intended, or record in the study note that the protein-normalised panel was deliberately chosen and that the sign of the temperature effect depends on the normaliser (protein-normalised: lower in the cold; wet-mass-normalised: not significant).",,n/a (low),,,first-pass
l11,low,derived-statistic,not independently verified,merged_365; merged_366; merged_371; merged_372; merged_373; merged_374,"Six of the 14 effect sizes are deterministic algebraic functions of the other eight, so the study contributes far fewer independent measurements than the row count suggests.","Methods, journal p. 16 (PDF p. 2): ""Mitochondrial aerobic scope (mtAS) was calculated as the ETSmax respiration minus the basal nonphosphorylating respiration (mtAS = ETSmax - LEAK), while the respiratory control ratio (RCR) refers to the ratio between these two entities."" Table 1 accordingly prints LEAK, ETSmax and the two quantities derived from them for the same preparations (check: 116.4 - 7.3 = 109.1 ~ mtAS 109; 116.4/7.3 = 15.9 vs printed RCR 19.5, i.e. computed per individual then averaged). Similarly the ATP/O ratio in Fig. 1C is the Fig. 1B ATP-synthesis rate divided by the Fig. 1A oxygen-consumption rate, measured in the same chamber run on the same preparations (Methods p. 17).","14 rows treated as 14 effect sizes; the only dependency markers are sample_depend = 1 (all 26-vs-22 rows) / 2 (all 18-vs-22 rows) and control_multiple_comparisons = ""yes"".","No change to the values, but flag these rows so the analysis can either drop the derived quantities (mtAS, RCR, ATP/O) or keep them under a shared-measurement random effect / sensitivity analysis. Per contrast this study has 4 primary measures (LEAK, ETSmax, phosphorylating O2, ATP synthesis) plus 3 derived ones, all on the same mitochondrial preparations.",,n/a (low),,,first-pass
l11,low,description-mismatch,not independently verified,merged_361; merged_362; merged_363; merged_364; merged_365; merged_366; merged_367; merged_368; merged_369; merged_370; merged_371; merged_372; merged_373; merged_374,"Recorded treatment duration (60 d, identical for every row) does not implement the extractor note's stated method, which says the duration includes the 1C-per-3-days ramp; the ramp length also differed substantially between acclimation groups, so a single shared duration cannot be right for both groups in a row.","Methods, journal p. 16 (PDF p. 2): fish were held at 12.6C +/- 0.6 for 6 wk, then ""progressively acclimated (1C changing every 3 d) to one of three experimental temperatures (18C, 22C, 26C)"" and ""maintained in their respective thermal condition for 2 mo"". From 12.6C the ramp is ~16 d to 18C, ~28 d to 22C and ~40 d to 26C, so time since first thermal deviation is ~76 d (18C), ~88 d (22C) and ~100 d (26C), not a common 60 d.","dur_trt_postnatal = 60, total_trt_duration = 60, postnatal_trt_start = 636, postnatal_trt_end = 696 on all 14 rows; extractor note states ""Treatment duration considered as the average duration of both treatment levels in a row, including the acclimation period in which temperatures were being raised by 1C every 3 days"" (which would give ~94 d for the 26-vs-22 rows and ~82 d for the 18-vs-22 rows).","Either keep 60 d (the paper's literal ""2 mo"" at the target temperature) and correct the extractor note so the recorded value and the documented rule agree, or implement the note's rule and enter ~94 d for the 26-vs-22 rows and ~82 d for the 18-vs-22 rows. Apply whichever convention the rest of the sheet uses for ramped-temperature designs, consistently.",,n/a (low),,,first-pass
l11,low,other,not independently verified,merged_361; merged_362; merged_363; merged_364; merged_365; merged_366; merged_367; merged_368; merged_369; merged_370; merged_371; merged_372; merged_373; merged_374,Study metadata errors: the genus is misspelled and the publication year in the sheet contradicts the study's own citation key and the journal issue.,"Title page (journal p. 15 / PDF p. 1): species is ""Dicentrarchus labrax"" (also in the abstract keywords and the Table 1 note). Same page: ""Physiological and Biochemical Zoology, volume 95, number 1, January/February 2022"", doi 10.1086/716904 (accepted 8/18/2021, electronically published 11/23/2021).","genus = ""Dichentrarchus"" (extra h); year = 2021 while the sheet's own citation key is ""Voituron_et_al_2022"".","Correct genus to ""Dicentrarchus"" on all 14 rows, and set year = 2022 to match the citation key and journal issue (or change the key to 2021) so the year moderator and the study lookup agree.",,n/a (low),,,first-pass
s16,low,wrong-category,not independently verified,merged_31; merged_32; merged_33,"The three GST rows are coded antioxidant_category = ""non-enzymatic"", but glutathione S-transferase is an enzyme; only the GSH rows are correctly non-enzymatic.","Methods 2.4 (p.3): GST is measured with a colorimetric activity assay and the figure axis (Figure 4c, p.6) is labelled ""GST (U/g tissue)"" — enzyme activity units, in contrast to Figure 4a ""Glutathione (mg/g tissue)"" which is a concentration. Discussion 4.3 (p.8): ""early- age thermal conditioning at 3 and 7 DOA markedly reduced hepatic GSH, GST, catalase and SOD enzymes activity"".","merged_31/32/33: measure_listed = GST, descrp_measure = ""glutathione S-transferase"", units = U/g, antioxidant_category = non-enzymatic (identical coding to the GSH rows merged_28/29/30)","Set antioxidant_category = ""enzymatic"" on merged_31, merged_32 and merged_33 (leave the GSH rows as non-enzymatic). measurement_category = ""antioxidant"" and mito_efficiency_dir = 1 are correct and need no change.",,n/a (low),,,first-pass
s16,low,shared-control,not independently verified,merged_25; merged_26; merged_27; merged_28; merged_29; merged_30; merged_31; merged_32; merged_33; merged_34; merged_35; merged_36; merged_37; merged_38; merged_39,"control_multiple_comparisons is ""no"", but C3, C5 and C7 are all age-matched subsamples of one and the same control rearing group, so the three sampling-age effect sizes share a control cohort at the design level even though the bird-level means differ.","Methods 2.1 (p.2): 240 chicks were ""randomly distributed into four equal groups (60 chicks each) ... The first group (Con.0) was sampled immediately at hatch and reared under the ambient temperature throughout the experimental period"", and the second/third/fourth groups were conditioned on day 3/5/7 ""and its relative control (C3) ... their relative controls were sampled as C5 and C7"". The control bars Con.0, C3, C5, C7 and CE in Figures 3-5 therefore all come from group 1; only 10 birds were sampled per bar (Methods 2.4, p.3).",control_multiple_comparisons = no for all 15 rows; sample_depend = 1/2/3 distinguishes the three sampling ages but nothing records that the three control means come from a single control cohort (5 replicate pens).,"Flag the three control cells as coming from one shared control group (e.g. control_multiple_comparisons = yes, or a shared control-cohort ID) so the variance-covariance structure can account for the non-independence of the TC3/TC5/TC7 contrasts. No change to the means, SDs or n.",,n/a (low),,,first-pass
s2,low,description-mismatch,not independently verified,merged_1; merged_2; merged_3; merged_4; merged_5; merged_6; merged_7; merged_8; merged_9; merged_10; merged_11; merged_12; merged_13; merged_14; merged_15; merged_16; merged_17; merged_18; merged_19; merged_20; merged_21; merged_22; merged_23; merged_24,"mito_preparation is recorded as 'homogenate', but respiration was measured on intact, non-permeabilised blood cells respiring on endogenous substrates.","Methods 2c, 'High-resolution respirometry analysis of mitochondrial function in intact blood cells' (p.3): 50 ul of packed blood cells were re-suspended in MiR05 and transferred whole into the Oxygraph-2k chamber; baseline (ROUTINE) respiration was recorded on the intact cells, followed by oligomycin, FCCP titration and antimycin A. No homogenisation, permeabilisation or mitochondrial isolation step is described, and no exogenous substrates were added.",mito_preparation = 'homogenate' in all 24 rows.,"Recode mito_preparation to the sheet's category for intact/whole cells (e.g. 'intact cells'), since intact-cell ROUTINE respiration is not comparable to substrate-driven homogenate or isolated-mitochondria assays.",,n/a (low),,,first-pass
s23,low,description-mismatch,not independently verified,merged_48; merged_49; merged_52; merged_53; merged_56; merged_57,"total_trt_duration is recorded as 28 days on six day-14 rows whose own dur_trt_postnatal, postnatal_trt_start and postnatal_trt_end all say 14 days, contradicting the matching day-14 ETS and ALP rows which correctly carry total_trt_duration = 14.","Methods 2.1 (p.170): ""When the experimental temperatures were reached (day 0), the fish were kept at these conditions for 28 days. On days 0, 14 and 28, 30 individuals were randomly sampled from three aquaria of each treatment."" The Fig. 4B/C/D bars used by these rows are the day-14 bars (confirmed by the means: LDH 1718/2938 vs control 1608; ALT 148/165 vs 64; AST 77/115 vs 65), i.e. 14 days at the target temperature, not 28.","merged_48/49/52/53/56/57: postnatal_trt_start = 255, postnatal_trt_end = 268, dur_trt_postnatal = 14, total_trt_duration = 28. By contrast merged_40/41 (ETS day 14) and merged_44/45 (ALP day 14) have total_trt_duration = 14.","Set total_trt_duration = 14 on these six rows so it agrees with dur_trt_postnatal and with the equivalent ETS/ALP day-14 rows; otherwise any exposure-duration moderator will misplace six of the ten day-14 effect sizes. While fixing this, consider whether the 1 C/day ramp should be added to exposure duration: the 20 C fish were cooled for 8 days and the 24 C fish for 4 days before day 0 (Methods 2.1, p.170), so actual time off 28 C differs between the two dose levels (22 vs 18 days at ""day 14""; 36 vs 32 days at ""day 28"") and is currently recorded as 14/28 for both.",,n/a (low),,,first-pass
s23,low,inclusion-criteria,not independently verified,merged_40; merged_41; merged_42; merged_43; merged_44; merged_45; merged_46; merged_47; merged_48; merged_49; merged_50; merged_51; merged_52; merged_53; merged_54; merged_55; merged_56; merged_57; merged_58; merged_59,"Only two of the paper's three sampling times were extracted: the day-0 bars of Fig. 2E and Fig. 4A-D provide ten further eligible comparisons with the same design, n and error statistic, and their omission is undocumented and directionally non-random.","Methods 2.1 (p.170) and Figs. 2E, 4A-D (pp.173-174) all show three time points (0, 14, 28 d) x three temperatures, each with n = 3 pooled replicates and an error bar. At day 0 the responses differ in sign from days 14/28 for two measures: LDH falls with cooling (Fig. 4B, 28 C ~1710, 24 C ~1400, 20 C ~770; Discussion p.174: ""the initial LDH activity (day 0) showed decreased trend with decreased temperatures""), and ETS shows its largest cold increase (Fig. 2E, 28 C ~1870 vs 20 C ~2810; Discussion p.173-174). Table 1 (p.172) shows a significant temperature x time interaction for LDH (p = 0.006), i.e. the day-0 result is not redundant with day 14/28.","20 rows = 5 measures x 2 temperatures x 2 time points (day 14, day 28 only); no day-0 rows and no Notes entry explaining their exclusion (Notes simply reads ""View study_notes"").","Either extract the day-0 comparisons (recording exposure as the 8-day and 4-day ramp respectively) so all three time points are represented, or add an explicit, rule-based exclusion note (e.g. ""day 0 = end of ramp, not a completed exposure"") and apply the same rule to every other multi-time-point study in the sheet. Otherwise the study contributes only the time points at which cooling raised the liver enzymes.",,n/a (low),,,first-pass
s29,low,wrong-value,not independently verified,merged_63,"The treatment SE for liver catalase at 29 C was transcribed with two digits transposed (4.43 instead of 4.34), so the derived SD is wrong.","Table 2, p. 1392, catalase / liver column, 29 C row: ""46.34b +/- 4.34"" (footnote: ""Data expressed as mean +/- SE, n = 6""). Verified on the rendered page image, not only the text layer. Correct SD = 4.34 * sqrt(6) = 10.629.","mean_t1 = 46.34 (correct), se_t1 = 4.43, sd_t1 = 10.8512395605 (= 4.43 * sqrt(6)).","Set se_t1 = 4.34 and sd_t1 = 10.6307 for merged_63. Consequence is small (SMD shifts by roughly 2%), but it is a table transcription slip rather than digitising noise.",,n/a (low),,,first-pass
s33,low,derived-statistic,not independently verified,merged_96; merged_99; merged_97; merged_100; merged_98; merged_101,"Per-group sample sizes are not reported for the DNA damage data; n_t1/n_t2 were derived by dividing the per-age totals in figure 4a by four, and since sd = se*sqrt(n) this assumption propagates into every SD (most visibly at D1, where 38/4 = 9.5 was rounded to 9).","Figure 4a (p. 6) brackets give one number per age, i.e. totals across all four groups: (56) at stED13, (38) at D1, (60) at D20, (60) at D60 - the caption says only ""numbers in brackets represent sample sizes"". Methods 2b (p. 3) explains the totals: blood was taken at D1, D20 and D60 from ""a subsample of 61 of the 103 birds that hatched"", and ""blood volume was too low to get enough DNA ... for 23 of these 61 chicks at D1"" (61 - 23 = 38). Per-group n is reported elsewhere in the paper but never for DNA damage (figure 2: 43/43/40/38 eggs, 8/8/8/8 embryos, 27/25/26/25 hatchlings; figure 4b CORT: 15/14/15/16), and those panels show the groups are not exactly balanced.","n_t1 = n_t2 = 9 for the D1 rows (merged_96, merged_99) and 15 for the D20/D60 rows; sd = se*sqrt(n) applied consistently (e.g. merged_96 se 0.0047747 * 3 = 0.0143241; merged_97 se 0.0056526 * sqrt(15) = 0.0218926). Extractor note documents the averaging and the round-down.","Keep the note but stop calling the round-down conservative: using n = 9 instead of 9.5 shrinks the back-calculated SD (3*se vs 3.08*se) and so inflates SMD. Either use 9.5 (or 10/9 split) at D1, or run a sensitivity check on the D1 rows; if per-group n matter, they may be recoverable from the archived dataset (figshare doi:10.6084/m9.figshare.9994829) or ESM S6/figure S5, neither of which is in this PDF.",,n/a (low),,,first-pass
s34,low,inclusion-criteria,not independently verified,merged_102; merged_103; merged_104; merged_105; merged_106; merged_107; merged_108; merged_109,"The low-temperature (treatment) group used is the outcome-conditioned ""Ascites-"" subgroup only, and this post-treatment selection is nowhere recorded in the extractor note or Notes column.","Table 5 (p.226) splits the Low Temperature arm into ""Ascites-"" and ""Ascites+"" columns; Methods p.222 states ""blood samples were collected ... from 10 healthy and 10 ascitic broilers from each treatment group (total 120 samples)"". Table 4 (p.225) shows ascites mortality reached 12.82% at low temperature (LTVE-) and 0% at normal temperature. The excluded Ascites+ birds are the strongly affected ones: 5 wk MDA 3.56 +/- 0.07 vs 2.99 +/- 0.12 for Ascites-; 5 wk SOD 64.90 +/- 7.53 vs 96.90 +/- 8.07; 5 wk CAT 28.30 +/- 8.84 vs 37.24 +/- 8.84; 5 wk GSH-Px 20.32 +/- 2.69 vs 29.63 +/- 2.05.","All 8 rows take t1 from the ""Low Temperature / Ascites- / Vit. E -"" column. The extractor note only documents the temperature averaging (""low temperature group was exposed to temperatures of 32, 28, 20 degrees for weeks 1, 2, and 3 respectively; average temp of 26.67 used"") and says nothing about the ascites split or the vitamin E arm.","Keep the Ascites- columns (it is the correct matched comparison, since the normal-temperature arm had zero ascites, and the published table does not permit pooling). But record in the study Notes that (a) t1 is the non-ascitic subgroup only and (b) both t1 and t2 come from the unsupplemented Vit.E- arm, so a reader knows the temperature effect on oxidative stress here is a conservative/downward-biased estimate.",,n/a (low),,,first-pass
s35,low,description-mismatch,not independently verified,merged_113; merged_118; merged_123,"measure_listed is ""Grx"" (glutaredoxin) on the three glutathione reductase rows, a different enzyme from the one measured.","Methods, p. 832: ""Glutathione reductase activity (GR, EC 1.6.4.2) was determined as described by Tanaka et al. (1994) by measuring the oxidation of NADPH"". Table 4 and its footnote label the parameter ""GR"" / ""GR glutathione reductase"". Glutaredoxin (Grx) is not measured anywhere in the paper.","measure_listed = ""Grx"" while descrp_measure = ""glutathione reductase activity (GR)"" and measurement_methods = ""Tanaka et al. (1994); oxidation of NADPH"" - the free-text fields are correct, only the short label is wrong.","Change measure_listed to ""GR"" on merged_113, merged_118 and merged_123 so downstream grouping by measure label does not create a spurious glutaredoxin category. mito_efficiency_dir = 1 and measurement_category = antioxidant are correct either way.",,n/a (low),,,first-pass
s35,low,other,not independently verified,merged_110; merged_111; merged_112; merged_113; merged_114; merged_115; merged_116; merged_117; merged_118; merged_119; merged_120; merged_121; merged_122; merged_123; merged_124,"Five extractable effect sizes from the intestine were omitted, including the intestine GST comparison that is one of only three CD-specific cell means the paper reports and the largest TBARS response in the study.","Table 4, p. 835, reports the full set of five measures for four tissues: liver, intestine, gills and muscle. The intestine block gives SOD (24 C 41.3 +/- 4.19, 14 C 44.47 +/- 2.88), CAT (4.56 +/- 0.38 vs 4.41 +/- 0.51), GST with a significant interaction and CD-only cell means (""Simple main effects CD 101.31 +/- 5.54, 129.39 +/- 5.95**""), GR (24.58 +/- 1.12 vs 24.9 +/- 0.87) and TBARS (0.55 +/- 0.03 vs 1.58 +/- 0.08***). None of the intestine cells is highlighted in the extractor's working PDF.","The sheet holds 15 rows covering liver, gill and skeletal muscle only; tissue = intestine appears nowhere for s35.","Confirm whether intestine is an eligible tissue for this review. If it is, add the five intestine rows (using the CD-only cell means for GST, which are the cleanest baseline-diet contrast in the paper); if it is not, record that exclusion in the study notes so the omission is not mistaken for an oversight.",,n/a (low),,,first-pass
s35,low,other,not independently verified,merged_110; merged_111; merged_112; merged_113; merged_114; merged_115; merged_116; merged_117; merged_118; merged_119; merged_120; merged_121; merged_122; merged_123; merged_124,"The recorded treatment-start age (439 days) does not match the arithmetic in the extractor's own note (359 days), so the imputed age is 80 days off from its stated derivation.","The paper gives no ages, only size at purchase (""N = 210; 7.0 +/- 0.5-cm standard length; 12.2 +/- 2.5 g"", p. 831) and the timeline of 2 weeks acclimation + 60 days feeding + 24 h exposure, so the age must be imputed from an external maturity estimate. The extractor's note does this: ""285 is midpoint in juvenile period plus 14 day acclimation plus 60 days ... for 359 days of age for treatment start"" (285 + 14 + 60 = 359). The sheet value 439 instead implies a 365-day midpoint (365 + 14 + 60 = 439).","post_natal_trt_start = 439, postnatal_trt_end = 440, against the note's stated 359.","Reconcile the two: pick one juvenile-period midpoint (285 or 365 days, given sexual maturity at ~2 years per Gelman et al. 2004) and make the note and the post_natal_trt_start / postnatal_trt_end fields agree. The elapsed timeline from the paper (14 + 60 + 1 days) is correct in both versions, so only the age offset needs fixing.",,n/a (low),,,first-pass
s39,low,wrong-units,not independently verified,merged_129; merged_130; merged_131; merged_132,"The units column is mislabelled for the three antioxidant-capacity rows (wrong metric prefix and, for tissues, wrong denominator) and for the plasma TBARS row (per-mg instead of per-ml).","Table 1 footnote, p. 879: ""Plasma values are in mmol Trolox ml-1; brain and liver tissue values are in mmol Trolox mg protein-1"" (verified in the page render, scratchpad/s39_t1.png). Table 2 footnote: ""Plasma values are in nmol ml-1; brain and liver tissue values are in nmol mg protein-1"". Methods, ""Determining antioxidant capacity"" (p. 877): ""Antioxidant capacity was expressed in millimolar Trolox equivalents per milliliter of plasma or per milligram of soluble protein"".","merged_129/130/131 (Table 1 antioxidant capacity) all carry units = ""nmol/ml""; merged_132 (Table 2 plasma TBARS) carries units = ""nmol/mg"".","merged_129 -> mmol Trolox/ml; merged_130 and merged_131 -> mmol Trolox/mg protein; merged_132 -> nmol/mg. (merged_133-136 are already correct at nmol/mg protein.) This is a labelling fix only: both groups within each row share the same units, so no mean, SD or effect size changes.",,n/a (low),,,first-pass
s41,low,other,not independently verified,merged_156,"The muscle LPO control mean (0.0029 nmol/mg) sits at the resolution limit of Fig. 3 and implies a ~31-fold increase, whereas the paper states a 17.7-fold increase, so any ratio-based effect size (lnRR) for this row is unreliable even though the digitised value faithfully matches the plotted bar.","Results 3.5 (p.328) and Table 2 (p.330): 'muscle showed its peak at 34 C, with a 17.7-fold (Post-hoc 18 vs. 34 p = 0.03) increase in comparison to the controls (18 C)'. In Fig. 3 the muscle bar at 18 C is ~3 px tall on a 260-dpi render (measured 0.0030 nmol/mg, cap 0.0030) against 0.0891 at 34 C; reconciling the stated 17.7-fold with mean_t1 = 0.0911 requires a control mean of ~0.0052.","mean_t2 = 0.00290 (sd_t2 = 0.00344), mean_t1 = 0.09106 (sd_t1 = 0.04310), giving a 31.4-fold ratio rather than the paper's 17.7-fold.","Either back-calculate mean_t2 = 0.0911/17.7 = 0.0052 from the paper's stated fold-change, or keep the digitised value but flag the row as ratio-unreliable so it can be down-weighted/excluded in any lnRR analysis. No action needed for SMD, where the difference is immaterial (pooled SD is dominated by sd_t1).",,n/a (low),,,first-pass
s44,low,other,not independently verified,merged_159; merged_160; merged_161; merged_162; merged_163; merged_164; merged_165; merged_166; merged_167; merged_168; merged_169; merged_170; merged_171; merged_172; merged_173; merged_174; merged_175; merged_176; merged_177; merged_178; merged_179; merged_180; merged_181; merged_182; merged_183; merged_184; merged_185; merged_186; merged_187; merged_188; merged_189; merged_190; merged_191; merged_192; merged_193; merged_194; merged_195; merged_196; merged_197; merged_198; merged_199; merged_200; merged_201; merged_202; merged_203; merged_204; merged_205; merged_206; merged_207; merged_208; merged_209; merged_210; merged_211; merged_212; merged_213; merged_214; merged_215; merged_216; merged_217; merged_218; merged_219; merged_220; merged_221; merged_222,"Treatment-start ages (14 d for the neonatal rows, 28 d for the juvenile rows) were derived by adding the 1-week acclimation period to the paper's stated ages, but the paper labels and doses the groups by the ages 7 d and 21 d, so the recorded ages are probably 7 days too old.","Methods, Animals, p.336: ""different age groups viz., neonatal (7-day old, 10-12 g wt), juvenile (21-day old, 35-40 g wt) and adult (90-day old, 160-180 g wt) were used throughout the experiment. Rats were procured ... and acclimatized to laboratory conditions (12 h dark/light cycle at 28 +/- 1 C) for 1 week prior to commencement of the experiment."" The same ages are used to define the exposure doses (Experimental Protocol, p.337: ""observed values were found to be 15, 242 and 510 mg per kg body weight for 7-day old, 21-day old and 90-day old age groups, respectively""), and ""The neonatal and juvenile animals were kept along with the dam and other littermates"", which is consistent with 7 d and 21 d (pre-weaning) rather than 14 d and 28 d. The paper never states the age at the start of cold exposure explicitly, so this is genuinely ambiguous — the 1-week acclimation most plausibly applies to the animals/dams before the age-defined groups were assembled.","postnatal_trt_start = 14 (neonatal rows, sample_depend 1 and 3) and 28 (juvenile rows, sample_depend 2 and 4), postnatal_trt_end 16 and 30; extractor note: ""neonates were 7 days old at beginning of experiment and juveniles were 21 days old, both groups had a 7 day acclimation period before the experiment started"".","Either change postnatal_trt_start/end to 7-9 d and 21-23 d to match the ages the paper uses to label and dose the groups, or keep 14/28 and record the assumption in the Notes field so it is auditable. Inclusion is unaffected either way (all included animals are well short of sexual maturity).",,n/a (low),,,first-pass
s51,low,derived-statistic,not independently verified,merged_232,"The LDH/CS ratio row is an algebraic function of the CS and LDH rows already extracted from the same three homogenates, so it adds no independent information and double-counts those data.","Section 4.3, p.9: 'The LDH/CS enzyme activity ratio was then determined in order to understand which type of metabolism is prevalent' - i.e. Table 2 (p.5) is computed from the same CS and LDH assays plotted in Figs 3 and 4, on the same three replicates per treatment (Section 4.3). Table 2 reports 18 C pH 8.0 = 1.12 +/- 0.22 and 22 C pH 8.0 = 1.36 +/- 0.19.","merged_232 records mean_t1 1.36 / sd_t1 0.19 / n 3 vs mean_t2 1.12 / sd_t2 0.22 / n 3, measurement_category 'metabolic capacity', mito_efficiency_dir 0, alongside merged_229 (CS) and merged_230 (LDH) from the identical animals.","Either drop merged_232 as redundant with merged_229 + merged_230, or keep it and make sure the shared-data structure is modelled (sample_depend = 1 is already set, but a ratio of two other retained effect sizes is a stronger dependency than a shared-sample correlation). If retained, reconsider measurement_category: the ratio mixes a cytosolic (LDH) and a mitochondrial (CS) enzyme, so 'metabolic capacity' is only a partial fit.",,n/a (low),,,first-pass
s52,low,description-mismatch,not independently verified,merged_233; merged_234; merged_235; merged_236; merged_237; merged_238; merged_239; merged_240; merged_241; merged_242; merged_243; merged_244; merged_245; merged_246; merged_247; merged_248; merged_249; merged_250; merged_251; merged_252; merged_253; merged_254; merged_255; merged_256; merged_257; merged_258; merged_259; merged_260; merged_261; merged_262; merged_263; merged_264,"Treatment duration is recorded as 26.5 days (prenatal_trt_end / prenatal_dur / total_trt_duration), but the differential incubation temperature was applied only during the setter phase (days 1-24); from day 25 to hatch all three groups were held at an identical 37.2 C, so exposure was ~24 days and ended before hatching.","Methods, p. 98: ""Die Eier wurden zufallig in 3 Gruppen aufgeteilt und bei unterschiedlichen Temperaturen zur VORBRUT bebrutet (36,8, 37,8 und 38,8 C ...). Die Bedingungen fur die SCHLUPFBRUT waren identisch (25.-28. Tag, 37,2 C, 55-60% ab 27. Tag 80-85%)."" The ""25.-28. Tag"" range is the common hatcher period at 37.2 C, not the hatch-date distribution. The extractor note bases 26.5 on ""60% of eggs hatched between 25-28 days so 26.5 is median value"", which mis-reads that sentence as a hatching window.","prenatal_trt_start = 0, prenatal_trt_end = 26.5, prenatal_dur = 26.5, total_trt_duration = 26.5 days on all 32 rows",Set prenatal_trt_end / prenatal_dur / total_trt_duration to 24 days (treatment day 1-24) and correct the study note; measurement delay should then be counted from hatch as before. Effect sizes are unaffected - this is a moderator/duration field only.,,n/a (low),,,first-pass
s52,low,wrong-category,not independently verified,merged_234; merged_238; merged_242; merged_246; merged_250; merged_254; merged_258; merged_262,"measure_listed is coded ""RCR"" for rows whose values are the ADP/O quotient; these are two distinct measures and the paper tabulates only ADP/O.","Table 5, p. 101, columns are headed ""ADP/O-Quotient Herz"" and ""ADP/O-Quotient Leber"" - no respiratory control ratio is tabulated anywhere. Methods p. 98 state that both were computed (""... der ADP/O-Quotienten und des Atmungskontrollquotienten nach Chance und Williams (1956) sowie Estabrook (1967)""), so RCR exists in the study but was not reported; only ADP/O (phosphorylation efficiency) appears in Table 5. descrp_measure correctly says ""ADP/O ratio"".","measure_listed = ""RCR"", respiration_category = ""mitochondrial efficiency"", descrp_measure = ""ADP/O ratio""","Change measure_listed to ""ADP/O"" (or the sheet's ADP:O level) so these rows are not pooled with true state3/state4 RCR effect sizes. mito_efficiency_dir = 1 is correct either way.",,n/a (low),,,first-pass
s52,low,wrong-units,not independently verified,merged_235; merged_236; merged_239; merged_240; merged_243; merged_244; merged_247; merged_248; merged_251; merged_252; merged_255; merged_256; merged_259; merged_260; merged_263; merged_264,"Units for the SDH/GLDH rows are recorded as ""umol/g"" (an amount), dropping the rate denominator and the fresh-tissue basis reported by the paper.","Table 5 title, p. 101: ""... die Aktivitat der SDH und GLDH im Herz- und Leberfrischgewebe (uMol/g FS/min) ..."" - i.e. umol per g fresh tissue per minute (the in-table column stubs abbreviate this to ""uMol/g"", which is what the extractor copied). For completeness the Status-3 rows are recorded as ""ug/g/min"" where the table says ""ug O2/g Protein/min"" (protein basis omitted).","units = ""umol/g"" on the 16 enzyme rows; units = ""ug/g/min"" on the 8 Status-3 rows","Record ""umol/g fresh tissue/min"" for the enzyme rows and ""ug O2/g protein/min"" for the Status-3 rows. No effect on SMD/lnRR since both groups share units; fix for units-consistency checks only.",,n/a (low),,,first-pass
s59,low,other,not independently verified,merged_451,"The 10 sampled chicks were not a random subsample: they were deliberately drawn from the five families showing the LARGEST treatment difference in body-temperature response, so this effect size is selected on a trait the authors expect to correlate with the outcome and is likely biased away from zero.","Methods p. 1641: ""In each of the five families having the largest differences between N and T chicks for average Tb variation, 1 T chick and 1 N chick were selected for UCP mRNA measurements."" Results p. 1642: ""The difference of Tb variation from 2 to 7 d of age for T chicks compared with N chicks was greater in sampled chicks (-0.78 C on average) than in the entire group (-0.13 C on average)."" Discussion p. 1643: ""Thus the sampling procedure might have amplified the reduction of avUCP expression if both effects of TC (reduction of Tb and avUCP expression) are correlated"", and ""This preliminary evaluation done with a low number of chicks has to be confirmed by further research.""","Row is entered as an ordinary treatment-vs-control comparison with no note of the extreme-family selection (Notes column only points to ""View study_notes""; the extractor note records only the 30 C / 40 C temperatures).","Do not drop the row, but record the extreme-family selection in the Notes/study_notes field and consider it in sensitivity analyses (e.g. leave-one-out or a flag for non-random subsampling). Also note the design is paired full sibs (1 T and 1 N per family), which the sheet treats as two independent groups.",,n/a (low),,,first-pass
s62,low,derived-statistic,not independently verified,merged_294; merged_295,se_t1 in these two rows was copy-pasted from the corresponding 14 °C rows and is internally inconsistent with sd_t1 (the sd values are the correct digitised SDs).,"Fig. 2a, p. 1010 (caption: ""Error bars represent mean ± SD (n = 8)""). Measured from the rendered panel: 1-month juveniles at 12 °C, mean 15.11 with SD cap at 18.43 (half-length 3.32); 3-month juveniles at 12 °C, mean 15.96 with SD cap at 19.11 (half-length 3.16). Both agree with sd_t1, so sd_t1 is right and se_t1 must be sd_t1/sqrt(8).","merged_294: sd_t1 = 3.38100 but se_t1 = 1.35379 (should be 1.19536); 1.35379 is exactly the se_t1 of merged_288, the 1-month 14 °C CAT row. merged_295: sd_t1 = 3.17732 but se_t1 = 0.59048 (should be 1.12335); 0.59048 is exactly the se_t1 of merged_289, the 3-month 14 °C CAT row. Every one of the other 25 rows satisfies sd = se*sqrt(8) to machine precision.","Set se_t1 = 1.19536 for merged_294 and se_t1 = 1.12335 for merged_295 (or recompute the whole se_* column as sd_*/sqrt(n_*)). No impact if the pipeline uses sd_*, which is correct in both rows.",,n/a (low),,,first-pass
s62,low,other,not independently verified,merged_281; merged_282; merged_283; merged_284; merged_285; merged_286; merged_287; merged_288; merged_289; merged_290; merged_291; merged_292; merged_293; merged_294; merged_295; merged_296; merged_297; merged_298; merged_299; merged_300; merged_301; merged_302; merged_303; merged_304; merged_305; merged_306; merged_307,"Treatment duration is recorded as 4 days for every row, ignoring the temperature ramp, so the true duration of elevated temperature differs systematically between the 12, 14 and 16 °C contrasts and is understated by 1-3 days.","""Exposure of organisms to experimental temperatures"", p. 1007: ""Temperature in the other three aquaria was increased at a rate of 1 °C every 12 h until temperatures of 12, 14 and 16 °C, respectively, were attained. The organisms were kept at these temperatures for 96 h before the measurement of oxygen consumption."" A +2/+4/+6 °C ramp at 1 °C per 12 h takes 24/48/72 h, so total time above the 10 °C control was 5, 6 and 7 days for the 12, 14 and 16 °C groups respectively, not 4 days for all.","dur_trt_postnatal = 4 and total_trt_duration = 4 (days) on all 27 rows, identical across t1 = 12, 14 and 16.","Either record total exposure as 5/6/7 days for the 12/14/16 °C rows, or keep 4 days as ""days at target temperature"" and note the ramp in the study notes. Matters only if treatment duration is used as a moderator, where the current coding hides a duration-by-dose correlation.",,n/a (low),,,first-pass
s75,low,description-mismatch,not independently verified,merged_310; merged_311; merged_312; merged_313; merged_314; merged_315; merged_316; merged_317,"mito_preparation is coded ""homogenate"" for the eight glutathione/GR rows, but the paper measured those parameters in the post-mitochondrial supernatant, i.e. a fraction from which mitochondria have been removed.","Methods 2.5, p. 379: ""For analyses of the remaining parameters (CAT, GST, GR, TG and GSSG), the liver homogenate was centrifuged at 10,000 g for 20 min at 4 C, where post-mitochondrial supernatant was isolated"". GSH was then derived as TG - GSSG (p. 380), so GSH and the GSH/GSSG ratio inherit that fraction. Only the LPO/TBARS assay (merged_308/309) used the crude liver homogenate directly (""2.5 ul BHT ... was added to 150 ul of liver solution""), so ""homogenate"" is correct for those two rows only.","mito_preparation = ""homogenate"" and mito_ambiguity = ""not-ambiguous"" on all 10 rows, including the eight post-mitochondrial-supernatant rows.","Recode mito_preparation for merged_310 through merged_317 to whatever level the codebook uses for a mitochondria-depleted cytosolic fraction (the temperature dataset currently only has homogenate/isolated/permeabilized/serum, so a level may need adding, or the field set to NA with a note). Also reconsider mito_ambiguity for these eight rows, since the assayed fraction explicitly excludes mitochondria - relevant if any moderator or sensitivity analysis distinguishes mitochondrial from whole-tissue/cytosolic preparations.",,n/a (low),,,first-pass
s75,low,derived-statistic,not independently verified,merged_314; merged_315,"The GSH/GSSG rows are a deterministic function of the GSH and GSSG rows from the same 12 fish per group, so the same measurements are counted three times; meanwhile the TG panel, which is deterministic in exactly the same way, was dropped without a note - the handling of derived glutathione measures is internally inconsistent.","Methods 2.5, p. 380: total and oxidised glutathione were assayed, then ""GSH content was calculated by the subtraction of the calculated GSSG to the TG"", i.e. TG = GSH + GSSG and GSH/GSSG is a ratio of the two extracted variables. Figure 2 (p. 381) plots TG, GSH, GSSG, GSH/GSSG and GR from the same 12 fish/treatment, and the Results note the ratio is simply a consequence of the GSH pattern (""as a result, the GSH/GSSG ratio corresponded to the variation in the GSH"", p. 381). TG showed a significant temperature effect (Table 3, p. 382) and has fully plotted per-group means +/- SEM.","Rows for GSH (merged_310/311), GSSG (merged_312/313) and GSH/GSSG (merged_314/315) are all present, all from the same control-diet fish; no row exists for the TG panel, and the extractor note explains the omission of CAT and GST but says nothing about TG.","Decide one rule and apply it: either keep only the two independently assayed quantities (GSSG and TG, or GSSG and GSH) and drop the ratio rows, or keep the ratio and record explicitly in the study note that TG was omitted as redundant. Either way add the note about TG so the omission is auditable, and make sure the sample_depend / shared-control structure keeps these glutathione rows in one dependence cluster since they are recomputations of the same measurements.",,n/a (low),,,first-pass
s79,low,derived-statistic,not independently verified,merged_452; merged_453; merged_454; merged_455; merged_456; merged_457; merged_458; merged_459,"The paper contradicts itself about its error statistic; the extractor assumed SEM and multiplied by sqrt(3) throughout, so if the Methods statement (SD) is the correct one every sd_* in this study is inflated by 73% and all 8 effect sizes are attenuated.","Methods 2.8 (p.661): ""All data were presented as mean +/- standard deviation (SD) and subjected to one-way analysis of variance..."". But the captions of Fig. 2 (p.662), Fig. 3 (p.663) and Fig. 4 (p.664) all read: ""The values were expressed as mean +/- SEM (n = 3)."" There is no way to resolve the contradiction from the paper itself.","All 8 rows have sd_t1/se_t1 = sd_t2/se_t2 = 1.7321 exactly, i.e. the plotted bars were treated as SEM with n = 3 and converted to SD. No un-converted SEM remains.","Record the ambiguity in the study notes (figure caption says SEM, Methods says SD) and justify following the figure captions, since they are the legend for the digitised error bars; optionally run a sensitivity analysis treating the bars as SD.",,n/a (low),,,first-pass
s79,low,inclusion-criteria,not independently verified,merged_452; merged_453; merged_454; merged_455; merged_456; merged_457; merged_458; merged_459,"This is a 48 h acute heat-shock challenge on large juveniles, not a developmental thermal regime, so its eligibility under criterion 1 is a judgement call the team should make explicitly.","Methods 2.1-2.2 (p.660): juveniles of 143.2 +/- 27.9 g and 23.2 +/- 1.4 cm were held at 23 degC for one week, then ""the water temperature was increased from 23 degC to 29 degC at increments of +1 degC per hour, and finally maintained at 29 degC for 48 h; controls were maintained at 23 degC."" Exposure is 48 h (plus a 6 h ramp) in animals whose age is never stated. The paper frames it purely as acute ""heat stress"" (title, abstract), and the introduction notes that at 30 degC some individuals did not survive 48 h.","stage = postnatal, dur_trt_postnatal = 2 days, total_trt_duration = 2 days, post_natal_trt_start = 755.25 days (~2.07 y, an imputed value), postnatal_measure_delay = 0.","Decide and document whether 2-day acute thermal challenges qualify as ""developmental temperature manipulation""; if they do, treat exposure duration as a moderator so this study is not pooled with multi-week/whole-of-development thermal regimes.",,n/a (low),,,first-pass
s92,low,description-mismatch,not independently verified,merged_318; merged_319; merged_320; merged_321; merged_322; merged_323; merged_324; merged_325; merged_326; merged_327,"measurement_methods is recorded as ""ELISA"" for all 10 rows, but no immunoassay was used: all five enzymes were measured as maximal catalytic activities by kinetic spectrophotometry.","""Enzyme assays"", p. 1379: activities were assayed ""by measuring absorbance at 340 nm (HOAD and PK) or 412 nm (CS) for 5 min"", COX ""by measuring absorbance at 550 nm"", LDH at 340 nm, with substrate-omission blanks and empirically determined extinction coefficients, ""measured in triplicate on a SpectraMax Plus 384 microplate reader with temperature control"". Vmax is a kinetic activity measurement, not an antigen quantification.","measurement_methods = ""ELISA"" on all 10 rows.","Change measurement_methods to ""spectrophotometric enzyme activity assay (Vmax, kinetic absorbance)"" for all 10 rows.",,n/a (low),,,first-pass
s92,low,description-mismatch,not independently verified,merged_318; merged_319; merged_320; merged_321; merged_322; merged_323; merged_324; merged_325; merged_326; merged_327,"prenatal_measure_delay is recorded as 90 days, but the fish sampled for the Fig. 2A enzyme measurements were killed at ~4 months (~120 days) post-fertilisation, after a 30-day acclimation period.","Methods, ""Experiment 3"", p. 1379: ""Once fish reached 3 months of age they were acclimated to either 27 or 32 degC for 30 days ... Fish were euthanized ... and then sampled at the end of the 30 day acclimation period."" Discussion, p. 1374: ""zebrafish were sampled at 4 months of age"". (The Results sentence on p. 1371, ""sampled for enzyme measurements at 3 months after fertilization"", is the paper's own internal inconsistency and is presumably where the 90 came from, but Methods and Discussion agree on ~4 months.)","prenatal_measure_delay = 90, measure_delay_units = days, for all 10 rows.","Set prenatal_measure_delay to ~120 days (4 months post-fertilisation), and note in the study notes that the paper's Results section misstates this as 3 months.",,n/a (low),,,first-pass
s92,low,description-mismatch,not independently verified,merged_318; merged_319; merged_320; merged_321; merged_322; merged_323; merged_324; merged_325; merged_326; merged_327,"A single treatment duration of 58.5 h (prenatal_dur / total_trt_duration) is applied to all three TE groups, but because the temperature treatment ran until hatching, exposure length differed roughly 2.3-fold between the 22 and 32 degC groups.","Results, p. 1371: ""Temperature had a strong effect on the rate of embryonic development (Fig. 1A), which increased 2.33-fold from 22 to 32 degC (i.e. Q10=2.33)"". Methods, ""Experiment 2"", p. 1379: embryos were raised at 22, 27 or 32 degC and ""After hatching, larvae were maintained at a common temperature of 27±0.5 degC"", so the exposure ends at hatching and its duration is set by the group-specific developmental rate. Scaling the extractor's 58.5 h midpoint by sqrt(2.33) gives ~89 h at 22 degC and ~38 h at 32 degC.","prenatal_trt_start = 1.5, prenatal_trt_end = 60, prenatal_dur = 58.5, total_trt_duration = 58.5 hours — identical for the 22 degC rows and the 32 degC rows.","Either record group-specific durations (~89 h for the 22 degC rows, ~38 h for the 32 degC rows, ~58 h for the 27 degC reference) read off Fig. 1A's developmental-rate curve, or flag duration as approximate in the study notes so it is not used as a precise moderator.",,n/a (low),,,first-pass
s92,low,duplicate,not independently verified,merged_321,"mean_t1 for the 32 degC CS row is byte-identical to mean_t2 (1.686164726909491 to 16 digits), i.e. the control mean was copied rather than the 32 degC bar being digitised independently.","Fig. 2A (p. 1372): the 27 degC and 32 degC TE bars for CS are genuinely indistinguishable — pixel measurement puts them at 0.2441 and 0.2433 µmol mg-1 protein min-1, a 1-pixel (0.3%) difference — and Fig. 6 (p. 1375) shows the 27 degC-acclimation points at a 27 degC assay temperature at ~0.24 for both TE groups. Table 3 (p. 1373) likewise shows no significant CS variation between TE groups after mass correction (F=1.93, P=0.165). So the value is essentially right, but it was not independently read: the accompanying error bar was digitised separately (sd_t1 3.3612 vs sd_t2 3.4056).","merged_321 mean_t1 = 1.686164726909491 = mean_t2 = 1.686164726909491, giving SMD exactly 0.000.","Re-digitise the 32 degC CS bar independently (expected ~0.243 after the log-scale fix, versus ~0.244 for the 27 degC control) so the row carries a genuinely measured value rather than a copy; the resulting effect size will remain near zero.",,n/a (low),,,first-pass
s95,low,description-mismatch,not independently verified,merged_328; merged_329; merged_330; merged_331,"The extractor's study note states ""only hatchlings exposed to constant temperatures included"", but none of the four extracted rows come from a constant-temperature incubation; all three Experiment 3 groups experienced daily sinusoidal temperature fluctuations of +-2 C around the recorded means.","Methods, p. 563: ""Eggs within each clutch were then randomly assigned to one of three fluctuating temperature incubation regimes, all of which experienced a 'normal' 24 h fluctuation cycle: (1) 26.5+-2 C (low, n=76 eggs), (2) 27.1+-2 C (medium, n=78 eggs) or (3) 27.7+-2 C (high, n=76 eggs)... The CTE of these treatments were 26.9, 27.5 and 28.0 C, respectively."" Fig. 1C legend (p. 563) likewise: ""eggs (n=214) from 21 clutches experienced one of three sinusoidal fluctuating incubation temperature regimes: 27.7+-2 C (high), 27.1+-2 C (medium) or 26.5+-2 C (low)"". The only constant-temperature group in the paper is the 29.5 C arm of Experiment 1 (Fig. 2A / Table 1), from which no rows were extracted.","extractor_note: ""...only hatchlings exposed to constant temperatures included; extracted from high (27.7), medium (27.1), and low (26.5) groups"" - internally contradictory. t1/t2 are recorded as bare point temperatures 27.7 / 27.1 / 26.5 celsius with no indication of the +-2 C daily cycle.","Correct the note to say the rows come from Experiment 3 (mean-temperature experiment), in which all groups received a 24 h sinusoidal +-2 C fluctuation around the stated mean, and that Experiments 1 (constant vs fluctuating) and 2 (fluctuation frequency) were excluded. If the meta-analysis codes a constant-vs-fluctuating or thermal-variability moderator, code these four rows as fluctuating (amplitude +-2 C, 24 h period); optionally record the paper's constant temperature equivalents (26.9 / 27.5 / 28.0 C) alongside the nominal means.",,n/a (low),,,first-pass
s98,low,other,not independently verified,merged_340; merged_341; merged_342; merged_343; merged_352; merged_353; merged_354; merged_355,"The eight COX/CS enzyme-activity rows cannot be attributed to a baseline level of the study's second (acute assay-temperature) factor, because the paper assayed at two acute temperatures but the figures collapse them without saying how; the sheet records no assay temperature and marks these rows mito_ambiguity = ""not-ambiguous"".","Methods, Enzyme assays, p. R2316: ""Assays for COX and citrate synthase (CS) were determined in duplicate at 35 degrees C and 40 degrees C"" and ""Different stages and treatments were compared by using ANOVA with repeated measures (RM-ANOVA), where experimental assay temperatures were set as repeated measure and environmental temperature treatment and stages of development as factors"". Figs 3C/3D (p. R2318) and 6C/6D (p. R2319) nevertheless show a single point per incubation group per age (legend distinguishes only 38 C and 35 C incubation), and neither caption states which assay temperature is plotted or whether the two were averaged. I re-rendered all four panels at 500 dpi to confirm there is only one series per treatment, not two.","merged_340-343 and merged_352-355: mito_ambiguity = ""not-ambiguous"", measurement_methods = ""references Seebacher et al. (2003)"", units = ""units/g"", with no field recording the 35 C vs 40 C assay temperature.","Add a note on these eight rows that the acute assay temperature plotted in Figs 3C/D and 6C/D is unspecified (35 C and 40 C were both run as a repeated measure), and consider flagging mito_ambiguity accordingly. n = 6 birds per group is unaffected either way, so no value needs changing; this is a provenance/inclusion-criterion-4 caveat, not a numeric error.",,n/a (low),,,first-pass
