"exclude_missing_info","study","author","year","class","order","family","genus","species","common_name","prenatal_dev_time","postnatal_dev_time","age_sexual_maturity","life_expectancy","unit_dev_time","stage","sex","prenatal_trt_start","prenatal_trt_end","prenatal_dur","prenatal_unit","post_natal_trt_start","postnatal_trt_end","dur_trt_postnatal","postnatal_unit","total_trt_duration","total_trt_unit","relative_prenatal_start","relative_prenatal_end","relative_prenatal_duration","relative_postnatal_start","relative_postnatal_end","relative_postnatal_duration","relative_total_duration","prenatal_measure_delay","postnatal_measure_delay","measure_delay_units","relative_treatment_delay","envirn_type","admin","tissue_sum","tissue","mito_preparation","mito_ambiguity","mito_efficiency_dir","respiration_category","antioxidant_category","oxidative_damage_category","measurement_category","measure_listed","descrp_measure","units","measurement_methods","ref","t1","t2","dose","units_dose","mean_t1","sd_t1","n_t1","se_t1","mean_t2","sd_t2","n_t2","se_t2","sample_depend","control_multiple_comparisons","type","Notes","source_file","row_key","observation","temp_regime","temp_diff","temp_direction","temp_magnitude","flag_missing_info","flag_non_mito","flag_bad_stats","species_phylo","species_phylo2","SMDH","v_SMDH","inv_n","sqrt_inv_n","ef_n","depend"
"1","s2","Stier","2022","Aves","Galliformes","Phasianidae","Cortunix","japonica","japanese quail","16.5","17.5","35","1642.5","days","prenatal","both","0","16.5","16.5","days","NA","NA","NA","NA","16.5","days","0","1","1","NA","NA","NA","0.48529411764705882","20","NA","days","1.2121212121212122","temp","ambient","erythrocyte","erythrocyte","homogenate","not-ambiguous","1","total oxphos","NA","NA","respiration","Routine","baseline - background; as per Stier et al. 2017","pmolO2/s/ml","oroboros","figure1a",38.4,37,"1.4","celsius",35.6489165508304,7.95508150442927,16,"1.9887703761073201",31.8986638415994,4.5740836312599,20,"1.0227961934266201","1","yes","raw","View study_notes","merged_03072025","merged_03072025_1",1,"constant",1.4,"warmer",1.4,FALSE,FALSE,FALSE,"Coturnix_japonica","Coturnix_japonica",0.565110067710223,0.132889978692961,0.1125,0.335410196624968,35.5555555555556,"1.s2"
"1","s2","Stier","2022","Aves","Galliformes","Phasianidae","Cortunix","japonica","japanese quail","16.5","17.5","35","1642.5","days","prenatal","both","0","16.5","16.5","days","NA","NA","NA","NA","16.5","days","0","1","1","NA","NA","NA","0.48529411764705882","20","NA","days","1.2121212121212122","temp","ambient","erythrocyte","erythrocyte","homogenate","not-ambiguous","1","atp-linked oxphos","NA","NA","respiration","OXPHOS","oxygen consumption linked to ATP synthesis; as per Stier et al. 2017","pmolO2/s/ml","oroboros","figure1b",38.4,37,"1.4","celsius",30.5692307692308,7.01538461538459,16,"1.7538461538461501",27.8,3.92171922207656,20,"0.87692307692307703","1","yes","raw","View study_notes","merged_03072025","merged_03072025_2",2,"constant",1.4,"warmer",1.4,FALSE,FALSE,FALSE,"Coturnix_japonica","Coturnix_japonica",0.476431983914494,0.13138078200867,0.1125,0.335410196624968,35.5555555555556,"1.s2"
"1","s2","Stier","2022","Aves","Galliformes","Phasianidae","Cortunix","japonica","japanese quail","16.5","17.5","35","1642.5","days","prenatal","both","0","16.5","16.5","days","NA","NA","NA","NA","16.5","days","0","1","1","NA","NA","NA","0.48529411764705882","20","NA","days","1.2121212121212122","temp","ambient","erythrocyte","erythrocyte","homogenate","ambiguous","0","leak","NA","NA","respiration","Leak","oxygen consumption linked to proton leak following the addition of oligomycin","pmolO2/s/ml","oroboros","figure1c",38.4,37,"1.4","celsius",5.03482587064677,2.02985074626866,16,"0.50746268656716398",3.76119402985075,1.46846255238792,20,"0.328358208955224","1","yes","raw","View study_notes","merged_03072025","merged_03072025_3",3,"constant",1.4,"warmer",1.4,FALSE,FALSE,FALSE,"Coturnix_japonica","Coturnix_japonica",-0.702945967321964,0.132322223641186,0.1125,0.335410196624968,35.5555555555556,"1.s2"
"1","s2","Stier","2022","Aves","Galliformes","Phasianidae","Cortunix","japonica","japanese quail","16.5","17.5","35","1642.5","days","prenatal","both","0","16.5","16.5","days","NA","NA","NA","NA","16.5","days","0","1","1","NA","NA","NA","0.48529411764705882","20","NA","days","1.2121212121212122","temp","ambient","erythrocyte","erythrocyte","homogenate","not-ambiguous","1","ets","NA","NA","respiration","ETS","maximal oxygen consumption of the ETS; Stier et al. 2017","pmolO2/s/ml","oroboros","figure1d",38.4,37,"1.4","celsius",50.242214532872,7.50920859629374,14,"2.0069204152249198",47.0588235294118,7.48701297726933,18,"1.76470588235294","1","yes","raw","View study_notes","merged_03072025","merged_03072025_4",4,"constant",1.4,"warmer",1.4,FALSE,FALSE,FALSE,"Coturnix_japonica","Coturnix_japonica",0.413840366944694,0.138708564028261,0.126984126984127,0.356348322549899,31.5,"1.s2"
"1","s2","Stier","2022","Aves","Galliformes","Phasianidae","Cortunix","japonica","japanese quail","16.5","17.5","35","1642.5","days","prenatal","both","0","16.5","16.5","days","NA","NA","NA","NA","16.5","days","0","1","1","NA","NA","NA","0.48529411764705882","20","NA","days","1.2121212121212122","temp","ambient","erythrocyte","erythrocyte","homogenate","not-ambiguous","1","mitochondrial efficiency","NA","NA","respiration","OxCE","OXPHOS coupling efficiency (OXPHOS/Routine); proportion of respiration linked to ATP synthesis","unitless","oroboros","figure1e",38.4,37,"1.4","celsius",0.856227758007117,0.0520996441281136,16,"1.3024911032028399E-2",0.879288256227758,0.0525197460907423,20,"1.1743772241992899E-2","1","yes","raw","View study_notes","merged_03072025","merged_03072025_5",5,"constant",1.4,"warmer",1.4,FALSE,FALSE,FALSE,"Coturnix_japonica","Coturnix_japonica",-0.431033376599521,0.121951023496117,0.1125,0.335410196624968,35.5555555555556,"1.s2"
"1","s2","Stier","2022","Aves","Galliformes","Phasianidae","Cortunix","japonica","japanese quail","16.5","17.5","35","1642.5","days","prenatal","both","0","16.5","16.5","days","NA","NA","NA","NA","16.5","days","0","1","1","NA","NA","NA","0.48529411764705882","20","NA","days","1.2121212121212122","temp","ambient","erythrocyte","erythrocyte","homogenate","not-ambiguous","1","mitochondrial capacity","NA","NA","respiration","FCR(R/ETS)","routine/ETS; proportion of maximal capacity used under endogenous conditions; Stier et al. 2017","unitless","oroboros","figure1f",38.4,37,"1.4","celsius",0.689153439153439,0.0989856451527496,14,"2.6455026455026402E-2",0.675925925925926,0.0785674201318385,18,"1.85185185185185E-2","1","yes","raw","View study_notes","merged_03072025","merged_03072025_6",6,"constant",1.4,"warmer",1.4,FALSE,FALSE,FALSE,"Coturnix_japonica","Coturnix_japonica",0.144285396309739,0.140247928463523,0.126984126984127,0.356348322549899,31.5,"1.s2"
"1","s2","Stier","2022","Aves","Galliformes","Phasianidae","Cortunix","japonica","japanese quail","16.5","17.5","35","1642.5","days","prenatal","both","0","16.5","16.5","days","NA","NA","NA","NA","16.5","days","0","1","1","NA","NA","NA","0.48529411764705882","60","NA","days","3.6363636363636362","temp","ambient","erythrocyte","erythrocyte","homogenate","not-ambiguous","1","total oxphos","NA","NA","respiration","Routine","baseline - background; as per Stier et al. 2017","pmolO2/s/ml","oroboros","figure1a",38.4,37,"1.4","celsius",30.2508255299676,6.36406520354343,16,"1.59101630088586",31.444087755632,3.81173635938326,20,"0.85233016118885296","1","yes","raw","View study_notes","merged_03072025","merged_03072025_7",7,"constant",1.4,"warmer",1.4,FALSE,FALSE,FALSE,"Coturnix_japonica","Coturnix_japonica",-0.22242133058641,0.126906150118963,0.1125,0.335410196624968,35.5555555555556,"1.s2"
"1","s2","Stier","2022","Aves","Galliformes","Phasianidae","Cortunix","japonica","japanese quail","16.5","17.5","35","1642.5","days","prenatal","both","0","16.5","16.5","days","NA","NA","NA","NA","16.5","days","0","1","1","NA","NA","NA","0.48529411764705882","60","NA","days","3.6363636363636362","temp","ambient","erythrocyte","erythrocyte","homogenate","not-ambiguous","1","atp-linked oxphos","NA","NA","respiration","OXPHOS","oxygen consumption linked to ATP synthesis; as per Stier et al. 2017","pmolO2/s/ml","oroboros","figure1b",38.4,37,"1.4","celsius",25.0307692307692,5.16923076923078,16,"1.2923076923076899",25.4923076923077,3.09609412269202,20,"0.69230769230769296","1","yes","raw","View study_notes","merged_03072025","merged_03072025_8",8,"constant",1.4,"warmer",1.4,FALSE,FALSE,FALSE,"Coturnix_japonica","Coturnix_japonica",-0.105914919326871,0.126145298299413,0.1125,0.335410196624968,35.5555555555556,"1.s2"
"1","s2","Stier","2022","Aves","Galliformes","Phasianidae","Cortunix","japonica","japanese quail","16.5","17.5","35","1642.5","days","prenatal","both","0","16.5","16.5","days","NA","NA","NA","NA","16.5","days","0","1","1","NA","NA","NA","0.48529411764705882","20","NA","days","1.2121212121212122","temp","ambient","erythrocyte","erythrocyte","homogenate","not-ambiguous","0","leak","NA","NA","respiration","Leak","oxygen consumption linked to proton leak following the addition of oligomycin","pmolO2/s/ml","oroboros","figure1c",38.4,37,"1.4","celsius",5.08457711442786,2.50746268656716,16,"0.62686567164178997",5.29353233830846,0.711981843582011,20,"0.15920398009949999","1","yes","raw","View study_notes","merged_03072025","merged_03072025_9",9,"constant",1.4,"warmer",1.4,FALSE,FALSE,FALSE,"Coturnix_japonica","Coturnix_japonica",0.110847061023766,0.131591565922284,0.1125,0.335410196624968,35.5555555555556,"1.s2"
"1","s2","Stier","2022","Aves","Galliformes","Phasianidae","Cortunix","japonica","japanese quail","16.5","17.5","35","1642.5","days","prenatal","both","0","16.5","16.5","days","NA","NA","NA","NA","16.5","days","0","1","1","NA","NA","NA","0.48529411764705882","60","NA","days","3.6363636363636362","temp","ambient","erythrocyte","erythrocyte","homogenate","not-ambiguous","1","ets","NA","NA","respiration","ETS","maximal oxygen consumption of the ETS; Stier et al. 2017","pmolO2/s/ml","oroboros","figure1d",38.4,37,"1.4","celsius",53.3910034602076,10.6164673257946,14,"2.8373702422145302",47.3702422145329,4.40412528074667,18,"1.0380622837370299","1","yes","raw","View study_notes","merged_03072025","merged_03072025_10",10,"constant",1.4,"warmer",1.4,FALSE,FALSE,FALSE,"Coturnix_japonica","Coturnix_japonica",0.72210578276339,0.163460262400026,0.126984126984127,0.356348322549899,31.5,"1.s2"
"1","s2","Stier","2022","Aves","Galliformes","Phasianidae","Cortunix","japonica","japanese quail","16.5","17.5","35","1642.5","days","prenatal","both","0","16.5","16.5","days","NA","NA","NA","NA","16.5","days","0","1","1","NA","NA","NA","0.48529411764705882","60","NA","days","3.6363636363636362","temp","ambient","erythrocyte","erythrocyte","homogenate","not-ambiguous","1","mitochondrial efficiency","NA","NA","respiration","OxCE","OXPHOS coupling efficiency (OXPHOS/Routine); proportion of respiration linked to ATP synthesis","unitless","oroboros","figure1e",38.4,37,"1.4","celsius",0.831672597864769,0.0512455516014239,16,"1.2811387900356E-2",0.813523131672598,0.0315118476544456,20,"7.0462633451957597E-3","1","yes","raw","View study_notes","merged_03072025","merged_03072025_11",11,"constant",1.4,"warmer",1.4,FALSE,FALSE,FALSE,"Coturnix_japonica","Coturnix_japonica",0.417163479271843,0.129030620482052,0.1125,0.335410196624968,35.5555555555556,"1.s2"
"1","s2","Stier","2022","Aves","Galliformes","Phasianidae","Cortunix","japonica","japanese quail","16.5","17.5","35","1642.5","days","prenatal","both","0","16.5","16.5","days","NA","NA","NA","NA","16.5","days","0","1","1","NA","NA","NA","0.48529411764705882","60","NA","days","3.6363636363636362","temp","ambient","erythrocyte","erythrocyte","homogenate","not-ambiguous","1","mitochondrial capacity","NA","NA","respiration","FCR(R/ETS)","routine/ETS; proportion of maximal capacity used under endogenous conditions; Stier et al. 2017","unitless","oroboros","figure1f",38.4,37,"1.4","celsius",0.571869488536155,0.122082295688391,14,"3.26278659611993E-2",0.599647266313933,0.0710848086907108,18,"1.6754850088183344E-2","1","yes","raw","View study_notes","merged_03072025","merged_03072025_12",12,"constant",1.4,"warmer",1.4,FALSE,FALSE,FALSE,"Coturnix_japonica","Coturnix_japonica",-0.271055717738825,0.14639525739477,0.126984126984127,0.356348322549899,31.5,"1.s2"
"1","s2","Stier","2022","Aves","Galliformes","Phasianidae","Cortunix","japonica","japanese quail","16.5","17.5","35","1642.5","days","prenatal","both","0","16.5","16.5","days","NA","NA","NA","NA","16.5","days","0","1","1","NA","NA","NA","0.48529411764705882","20","NA","days","1.2121212121212122","temp","ambient","erythrocyte","erythrocyte","homogenate","not-ambiguous","1","total oxphos","NA","NA","respiration","Routine","baseline - background; as per Stier et al. 2017","pmolO2/s/ml","oroboros","figure1a",37.7,37,"0.7","celsius",30.3527217111024,4.7605668040919,20,"1.0644950985378401",31.8986638415994,4.5740836312599,20,"1.0227961934266201","2","yes","raw","View study_notes","merged_03072025","merged_03072025_13",13,"constant",0.700000000000003,"warmer",0.700000000000003,FALSE,FALSE,FALSE,"Coturnix_japonica","Coturnix_japonica",-0.324573845842533,0.106651529284796,0.1,0.316227766016838,40,"2.s2"
"1","s2","Stier","2022","Aves","Galliformes","Phasianidae","Cortunix","japonica","japanese quail","16.5","17.5","35","1642.5","days","prenatal","both","0","16.5","16.5","days","NA","NA","NA","NA","16.5","days","0","1","1","NA","NA","NA","0.48529411764705882","20","NA","days","1.2121212121212122","temp","ambient","erythrocyte","erythrocyte","homogenate","not-ambiguous","1","atp-linked oxphos","NA","NA","respiration","OXPHOS","oxygen consumption linked to ATP synthesis; as per Stier et al. 2017","pmolO2/s/ml","oroboros","figure1b",37.7,37,"0.7","celsius",26.7241246478272,3.96593277484606,20,"0.88680952787501599",27.8,3.92171922207656,20,"0.87692307692307703","2","yes","raw","View study_notes","merged_03072025","merged_03072025_14",14,"constant",0.700000000000003,"warmer",0.700000000000003,FALSE,FALSE,FALSE,"Coturnix_japonica","Coturnix_japonica",-0.2673698227775,0.106203889555207,0.1,0.316227766016838,40,"2.s2"
"1","s2","Stier","2022","Aves","Galliformes","Phasianidae","Cortunix","japonica","japanese quail","16.5","17.5","35","1642.5","days","prenatal","both","0","16.5","16.5","days","NA","NA","NA","NA","16.5","days","0","1","1","NA","NA","NA","0.48529411764705882","20","NA","days","1.2121212121212122","temp","ambient","erythrocyte","erythrocyte","homogenate","not-ambiguous","0","leak","NA","NA","respiration","Leak","oxygen consumption linked to proton leak following the addition of oligomycin","pmolO2/s/ml","oroboros","figure1c",37.7,37,"0.7","celsius",3.66169154228856,1.29046709149242,20,"0.288557213930348",3.76119402985075,1.46846255238792,20,"0.328358208955224","2","yes","raw","View study_notes","merged_03072025","merged_03072025_15",15,"constant",0.700000000000003,"warmer",0.700000000000003,FALSE,FALSE,FALSE,"Coturnix_japonica","Coturnix_japonica",0.0705498904926501,0.105329729867668,0.1,0.316227766016838,40,"2.s2"
"1","s2","Stier","2022","Aves","Galliformes","Phasianidae","Cortunix","japonica","japanese quail","16.5","17.5","35","1642.5","days","prenatal","both","0","16.5","16.5","days","NA","NA","NA","NA","16.5","days","0","1","1","NA","NA","NA","0.48529411764705882","20","NA","days","1.2121212121212122","temp","ambient","erythrocyte","erythrocyte","homogenate","not-ambiguous","1","ets","NA","NA","respiration","ETS","maximal oxygen consumption of the ETS; Stier et al. 2017","pmolO2/s/ml","oroboros","figure1d",37.7,37,"0.7","celsius",43.4256055363322,5.57855868894576,18,"1.31487889273356",47.0588235294118,7.48701297726933,18,"1.76470588235294","2","yes","raw","View study_notes","merged_03072025","merged_03072025_16",16,"constant",0.700000000000003,"warmer",0.700000000000003,FALSE,FALSE,FALSE,"Coturnix_japonica","Coturnix_japonica",-0.538067407323931,0.122252987527103,0.111111111111111,0.333333333333333,36,"2.s2"
"1","s2","Stier","2022","Aves","Galliformes","Phasianidae","Cortunix","japonica","japanese quail","16.5","17.5","35","1642.5","days","prenatal","both","0","16.5","16.5","days","NA","NA","NA","NA","16.5","days","0","1","1","NA","NA","NA","0.48529411764705882","20","NA","days","1.2121212121212122","temp","ambient","erythrocyte","erythrocyte","homogenate","not-ambiguous","1","mitochondrial efficiency","NA","NA","respiration","OxCE","OXPHOS coupling efficiency (OXPHOS/Routine); proportion of respiration linked to ATP synthesis","unitless","oroboros","figure1e",37.7,37,"0.7","celsius",0.881209964412811,0.0420157968725939,20,"9.3950177935943104E-3",0.879288256227758,0.0525197460907423,20,"1.1743772241992899E-2","2","yes","raw","View study_notes","merged_03072025","merged_03072025_17",17,"constant",0.700000000000003,"warmer",0.700000000000003,FALSE,FALSE,FALSE,"Coturnix_japonica","Coturnix_japonica",0.0396034384978072,0.105284789581582,0.1,0.316227766016838,40,"2.s2"
"1","s2","Stier","2022","Aves","Galliformes","Phasianidae","Cortunix","japonica","japanese quail","16.5","17.5","35","1642.5","days","prenatal","both","0","16.5","16.5","days","NA","NA","NA","NA","16.5","days","0","1","1","NA","NA","NA","0.48529411764705882","20","NA","days","1.2121212121212122","temp","ambient","erythrocyte","erythrocyte","homogenate","not-ambiguous","1","mitochondrial capacity","NA","NA","respiration","FCR(R/ETS)","routine/ETS; proportion of maximal capacity used under endogenous conditions; Stier et al. 2017","unitless","oroboros","figure1f",37.7,37,"0.7","celsius",0.713403880070547,0.0823087258524021,18,"1.9400352733686E-2",0.675925925925926,0.0785674201318385,18,"1.85185185185185E-2","2","yes","raw","View study_notes","merged_03072025","merged_03072025_18",18,"constant",0.700000000000003,"warmer",0.700000000000003,FALSE,FALSE,FALSE,"Coturnix_japonica","Coturnix_japonica",0.455433228503345,0.120703936141767,0.111111111111111,0.333333333333333,36,"2.s2"
"1","s2","Stier","2022","Aves","Galliformes","Phasianidae","Cortunix","japonica","japanese quail","16.5","17.5","35","1642.5","days","prenatal","both","0","16.5","16.5","days","NA","NA","NA","NA","16.5","days","0","1","1","NA","NA","NA","0.48529411764705882","60","NA","days","3.6363636363636362","temp","ambient","erythrocyte","erythrocyte","homogenate","not-ambiguous","1","total oxphos","NA","NA","respiration","Routine","baseline - background; as per Stier et al. 2017","pmolO2/s/ml","oroboros","figure1a",37.7,37,"0.7","celsius",29.861416281008,5.98122495898724,20,"1.3374425597013899",31.444087755632,3.81173635938326,20,"0.85233016118885296","2","yes","raw","View study_notes","merged_03072025","merged_03072025_19",19,"constant",0.700000000000003,"warmer",0.700000000000003,FALSE,FALSE,FALSE,"Coturnix_japonica","Coturnix_japonica",-0.309298521924203,0.106746444867935,0.1,0.316227766016838,40,"2.s2"
"1","s2","Stier","2022","Aves","Galliformes","Phasianidae","Cortunix","japonica","japanese quail","16.5","17.5","35","1642.5","days","prenatal","both","0","16.5","16.5","days","NA","NA","NA","NA","16.5","days","0","1","1","NA","NA","NA","0.48529411764705882","60","NA","days","3.6363636363636362","temp","ambient","erythrocyte","erythrocyte","homogenate","not-ambiguous","1","atp-linked oxphos","NA","NA","respiration","OXPHOS","oxygen consumption linked to ATP synthesis; as per Stier et al. 2017","pmolO2/s/ml","oroboros","figure1b",37.7,37,"0.7","celsius",24.5071008281397,4.6599710104441,20,"1.0420011952531401",25.4923076923077,3.09609412269202,20,"0.69230769230769296","2","yes","raw","View study_notes","merged_03072025","merged_03072025_20",20,"constant",0.700000000000003,"warmer",0.700000000000003,FALSE,FALSE,FALSE,"Coturnix_japonica","Coturnix_japonica",-0.244082940496684,0.106164773287775,0.1,0.316227766016838,40,"2.s2"
"1","s2","Stier","2022","Aves","Galliformes","Phasianidae","Cortunix","japonica","japanese quail","16.5","17.5","35","1642.5","days","prenatal","both","0","16.5","16.5","days","NA","NA","NA","NA","16.5","days","0","1","1","NA","NA","NA","0.48529411764705882","20","NA","days","1.2121212121212122","temp","ambient","erythrocyte","erythrocyte","homogenate","not-ambiguous","0","leak","NA","NA","respiration","Leak","oxygen consumption linked to proton leak following the addition of oligomycin","pmolO2/s/ml","oroboros","figure1c",37.7,37,"0.7","celsius",5.2636815920398,2.00244893507443,20,"0.44776119402984998",5.29353233830846,0.711981843582011,20,"0.15920398009949999","2","yes","raw","View study_notes","merged_03072025","merged_03072025_21",21,"constant",0.700000000000003,"warmer",0.700000000000003,FALSE,FALSE,FALSE,"Coturnix_japonica","Coturnix_japonica",0.0194685501659187,0.105271144626579,0.1,0.316227766016838,40,"2.s2"
"1","s2","Stier","2022","Aves","Galliformes","Phasianidae","Cortunix","japonica","japanese quail","16.5","17.5","35","1642.5","days","prenatal","both","0","16.5","16.5","days","NA","NA","NA","NA","16.5","days","0","1","1","NA","NA","NA","0.48529411764705882","60","NA","days","3.6363636363636362","temp","ambient","erythrocyte","erythrocyte","homogenate","not-ambiguous","1","ets","NA","NA","respiration","ETS","maximal oxygen consumption of the ETS; Stier et al. 2017","pmolO2/s/ml","oroboros","figure1d",37.7,37,"0.7","celsius",50.7958477508651,6.31257956907025,18,"1.48788927335641",47.3702422145329,4.40412528074667,18,"1.0380622837370299","2","yes","raw","View study_notes","merged_03072025","merged_03072025_22",22,"constant",0.700000000000003,"warmer",0.700000000000003,FALSE,FALSE,FALSE,"Coturnix_japonica","Coturnix_japonica",0.615395724517078,0.123880068499059,0.111111111111111,0.333333333333333,36,"2.s2"
"1","s2","Stier","2022","Aves","Galliformes","Phasianidae","Cortunix","japonica","japanese quail","16.5","17.5","35","1642.5","days","prenatal","both","0","16.5","16.5","days","NA","NA","NA","NA","16.5","days","0","1","1","NA","NA","NA","0.48529411764705882","60","NA","days","3.6363636363636362","temp","ambient","erythrocyte","erythrocyte","homogenate","not-ambiguous","1","mitochondrial efficiency","NA","NA","respiration","OxCE","OXPHOS coupling efficiency (OXPHOS/Routine); proportion of respiration linked to ATP synthesis","unitless","oroboros","figure1e",37.7,37,"0.7","celsius",0.825693950177936,0.0429707013469709,20,"9.6085409252668601E-3",0.813523131672598,0.0315118476544456,20,"7.0462633451957597E-3","2","yes","raw","View study_notes","merged_03072025","merged_03072025_23",23,"constant",0.700000000000003,"warmer",0.700000000000003,FALSE,FALSE,FALSE,"Coturnix_japonica","Coturnix_japonica",0.316585157585489,0.106701069876189,0.1,0.316227766016838,40,"2.s2"
"1","s2","Stier","2022","Aves","Galliformes","Phasianidae","Cortunix","japonica","japanese quail","16.5","17.5","35","1642.5","days","prenatal","both","0","16.5","16.5","days","NA","NA","NA","NA","16.5","days","0","1","1","NA","NA","NA","0.48529411764705882","60","NA","days","3.6363636363636362","temp","ambient","erythrocyte","erythrocyte","homogenate","not-ambiguous","1","mitochondrial capacity","NA","NA","respiration","FCR(R/ETS)","routine/ETS; proportion of maximal capacity used under endogenous conditions; Stier et al. 2017","unitless","oroboros","figure1f",37.7,37,"0.7","celsius",0.604056437389771,0.0879206844332475,18,"2.0723104056437298E-2",0.599647266313933,0.0710848086907108,18,"1.6754850088183344E-2","2","yes","raw","View study_notes","merged_03072025","merged_03072025_24",24,"constant",0.700000000000003,"warmer",0.700000000000003,FALSE,FALSE,FALSE,"Coturnix_japonica","Coturnix_japonica",0.0539239644691343,0.117691695831508,0.111111111111111,0.333333333333333,36,"2.s2"
"1","s16","Madkour","2022","Aves","Galliformes","Phasianidae","Gallus","gallus","broiler chicken","20","67.5","135","912.5","days","postnatal","both","NA","NA","NA","NA","3","3","6","hours","6","hours","NA","NA","NA","4.4444444444444446E-2","4.4444444444444446E-2","3.7037037037037038E-3","2.8571428571428571E-3","NA","32","days","0.47407407407407409","temp","ambient","liver","liver","NA","not-ambiguous","0","NA","NA","lipids","oxidative damage","MDA","malondialdehyde levels, lipid peroxidation","nmol/g","BioDiagnositic kits","figure3a",39,30,"9","celsius",5.21825396825396,0.439205230578942,10,"0.13888888888888901",1.46825396825397,0.25097441747368,10,"7.9365079365079097E-2","1","no","raw","View study_notes","merged_03072025","merged_03072025_25",25,"constant",9,"warmer",9,FALSE,FALSE,FALSE,"Gallus_gallus","Gallus_gallus",-10.039805892606,3.74384609038431,0.2,0.447213595499958,20,"1.s16"
"1","s16","Madkour","2022","Aves","Galliformes","Phasianidae","Gallus","gallus","broiler chicken","20","67.5","135","912.5","days","postnatal","both","NA","NA","NA","NA","5","5","6","hours","6","hours","NA","NA","NA","7.407407407407407E-2","7.407407407407407E-2","3.7037037037037038E-3","2.8571428571428571E-3","NA","30","days","0.44444444444444442","temp","ambient","liver","liver","NA","not-ambiguous","0","NA","NA","lipids","oxidative damage","MDA","malondialdehyde levels, lipid peroxidation","nmol/g","BioDiagnositic kits","figure3a",39,30,"9","celsius",7.55952380952381,0.941154065526298,10,"0.29761904761904601",2.59920634920635,0.752923252421042,10,"0.238095238095238","2","no","raw","View study_notes","merged_03072025","merged_03072025_26",26,"constant",9,"warmer",9,FALSE,FALSE,FALSE,"Gallus_gallus","Gallus_gallus",-5.57374397724049,1.12676627387433,0.2,0.447213595499958,20,"2.s16"
"1","s16","Madkour","2022","Aves","Galliformes","Phasianidae","Gallus","gallus","broiler chicken","20","67.5","135","912.5","days","postnatal","both","NA","NA","NA","NA","7","7","6","hours","6","hours","NA","NA","NA","0.1037037037037037","0.1037037037037037","3.7037037037037038E-3","2.8571428571428571E-3","NA","48","days","0.71111111111111114","temp","ambient","liver","liver","NA","not-ambiguous","0","NA","NA","lipids","oxidative damage","MDA","malondialdehyde levels, lipid peroxidation","nmol/g","BioDiagnositic kits","figure3a",39,30,"9","celsius",8.57142857142857,1.38035929610525,10,"0.43650793650793701",2.91666666666666,1.19212848299998,10,"0.37698412698412598","3","no","raw","View study_notes","merged_03072025","merged_03072025_27",27,"constant",9,"warmer",9,FALSE,FALSE,FALSE,"Gallus_gallus","Gallus_gallus",-4.19891125695016,0.722345116649862,0.2,0.447213595499958,20,"3.s16"
"1","s16","Madkour","2022","Aves","Galliformes","Phasianidae","Gallus","gallus","broiler chicken","20","67.5","135","912.5","days","postnatal","both","NA","NA","NA","NA","3","3","6","hours","6","hours","NA","NA","NA","4.4444444444444446E-2","4.4444444444444446E-2","3.7037037037037038E-3","2.8571428571428571E-3","NA","32","days","0.47407407407407409","temp","ambient","liver","liver","NA","not-ambiguous","1","NA","non-enzymatic","NA","antioxidant","GSH","reduced glutathione","mg/g","BioDiagnositic kits","figure4a",39,30,"9","celsius",12.7777777777778,3.22083835757891,10,"1.0185185185185199",22.6851851851852,4.39205230578945,10,"1.3888888888888999","1","no","raw","View study_notes","merged_03072025","merged_03072025_28",28,"constant",9,"warmer",9,FALSE,FALSE,FALSE,"Gallus_gallus","Gallus_gallus",-2.46357574021603,0.406042801969082,0.2,0.447213595499958,20,"1.s16"
"1","s16","Madkour","2022","Aves","Galliformes","Phasianidae","Gallus","gallus","broiler chicken","20","67.5","135","912.5","days","postnatal","both","NA","NA","NA","NA","5","5","6","hours","6","hours","NA","NA","NA","7.407407407407407E-2","7.407407407407407E-2","3.7037037037037038E-3","2.8571428571428571E-3","NA","30","days","0.44444444444444442","temp","ambient","liver","liver","NA","not-ambiguous","1","NA","non-enzymatic","NA","antioxidant","GSH","reduced glutathione","mg/g","BioDiagnositic kits","figure4a",39,30,"9","celsius",27.4074074074074,3.51364184463153,10,"1.1111111111111101",40.7407407407407,2.92803487052627,10,"0.92592592592592404","2","no","raw","View study_notes","merged_03072025","merged_03072025_29",29,"constant",9,"warmer",9,FALSE,FALSE,FALSE,"Gallus_gallus","Gallus_gallus",-3.94809659262294,0.669287281490818,0.2,0.447213595499958,20,"2.s16"
"1","s16","Madkour","2022","Aves","Galliformes","Phasianidae","Gallus","gallus","broiler chicken","20","67.5","135","912.5","days","postnatal","both","NA","NA","NA","NA","7","7","6","hours","6","hours","NA","NA","NA","0.1037037037037037","0.1037037037037037","3.7037037037037038E-3","2.8571428571428571E-3","NA","48","days","0.71111111111111114","temp","ambient","liver","liver","NA","not-ambiguous","1","NA","non-enzymatic","NA","antioxidant","GSH","reduced glutathione","mg/g","BioDiagnositic kits","figure4a",39,30,"9","celsius",28.8888888888889,2.34242789642102,10,"0.74074074074074003",42.3148148148148,5.27046276694728,10,"1.6666666666666601","3","no","raw","View study_notes","merged_03072025","merged_03072025_30",30,"constant",9,"warmer",9,FALSE,FALSE,FALSE,"Gallus_gallus","Gallus_gallus",-3.15262510727311,0.622279320165084,0.2,0.447213595499958,20,"3.s16"
"1","s16","Madkour","2022","Aves","Galliformes","Phasianidae","Gallus","gallus","broiler chicken","20","67.5","135","912.5","days","postnatal","both","NA","NA","NA","NA","3","3","6","hours","6","hours","NA","NA","NA","4.4444444444444446E-2","4.4444444444444446E-2","3.7037037037037038E-3","2.8571428571428571E-3","NA","32","days","0.47407407407407409","temp","ambient","liver","liver","NA","not-ambiguous","1","NA","non-enzymatic","NA","antioxidant","GST","glutathione S-transferase","U/g","BioDiagnositic kits","figure4c",39,30,"9","celsius",23.8059701492537,3.77585392258915,10,"1.1940298507462801",24.1791044776119,3.77585392258911,10,"1.1940298507462701","1","no","raw","View study_notes","merged_03072025","merged_03072025_31",31,"constant",9,"warmer",9,FALSE,FALSE,FALSE,"Gallus_gallus","Gallus_gallus",-0.0946357469536594,0.222470997905597,0.2,0.447213595499958,20,"1.s16"
"1","s16","Madkour","2022","Aves","Galliformes","Phasianidae","Gallus","gallus","broiler chicken","20","67.5","135","912.5","days","postnatal","both","NA","NA","NA","NA","5","5","6","hours","6","hours","NA","NA","NA","7.407407407407407E-2","7.407407407407407E-2","3.7037037037037038E-3","2.8571428571428571E-3","NA","30","days","0.44444444444444442","temp","ambient","liver","liver","NA","not-ambiguous","1","NA","non-enzymatic","NA","antioxidant","GST","glutathione S-transferase","U/g","BioDiagnositic kits","figure4c",39,30,"9","celsius",26.2686567164179,1.65193609113275,10,"0.52238805970149804",35.2238805970149,2.35990870161823,10,"0.74626865671643094","2","no","raw","View study_notes","merged_03072025","merged_03072025_32",32,"constant",9,"warmer",9,FALSE,FALSE,FALSE,"Gallus_gallus","Gallus_gallus",-4.21025405032294,0.772305281357701,0.2,0.447213595499958,20,"2.s16"
"1","s16","Madkour","2022","Aves","Galliformes","Phasianidae","Gallus","gallus","broiler chicken","20","67.5","135","912.5","days","postnatal","both","NA","NA","NA","NA","7","7","6","hours","6","hours","NA","NA","NA","0.1037037037037037","0.1037037037037037","3.7037037037037038E-3","2.8571428571428571E-3","NA","48","days","0.71111111111111114","temp","ambient","liver","liver","NA","not-ambiguous","1","NA","non-enzymatic","NA","antioxidant","GST","glutathione S-transferase","U/g","BioDiagnositic kits","figure4c",39,30,"9","celsius",26.7910447761194,3.06788131210365,10,"0.97014925373134298",36.5671641791045,1.65193609113275,10,"0.52238805970149804","3","no","raw","View study_notes","merged_03072025","merged_03072025_33",33,"constant",9,"warmer",9,FALSE,FALSE,FALSE,"Gallus_gallus","Gallus_gallus",-3.7998218815814,0.744822928910166,0.2,0.447213595499958,20,"3.s16"
"1","s16","Madkour","2022","Aves","Galliformes","Phasianidae","Gallus","gallus","broiler chicken","20","67.5","135","912.5","days","postnatal","both","NA","NA","NA","NA","3","3","6","hours","6","hours","NA","NA","NA","4.4444444444444446E-2","4.4444444444444446E-2","3.7037037037037038E-3","2.8571428571428571E-3","NA","32","days","0.47407407407407409","temp","ambient","liver","liver","NA","not-ambiguous","1","NA","enzymatic","NA","antioxidant","CAT","catalase (CAT) activity","U/g","BioDiagnositic kits","figure5a",39,30,"9","celsius",2.43307086614173,0.186748680718605,10,"5.9055118110236102E-2",4.99606299212598,0.448196833724656,10,"0.14173228346456801","1","no","raw","View study_notes","merged_03072025","merged_03072025_34",34,"constant",9,"warmer",9,FALSE,FALSE,FALSE,"Gallus_gallus","Gallus_gallus",-7.14885637698392,2.34570532606754,0.2,0.447213595499958,20,"1.s16"
"1","s16","Madkour","2022","Aves","Galliformes","Phasianidae","Gallus","gallus","broiler chicken","20","67.5","135","912.5","days","postnatal","both","NA","NA","NA","NA","5","5","6","hours","6","hours","NA","NA","NA","7.407407407407407E-2","7.407407407407407E-2","3.7037037037037038E-3","2.8571428571428571E-3","NA","30","days","0.44444444444444442","temp","ambient","liver","liver","NA","not-ambiguous","1","NA","enzymatic","NA","antioxidant","CAT","catalase (CAT) activity","U/g","BioDiagnositic kits","figure5a",39,30,"9","celsius",1.87795275590551,0.336147625293489,10,"0.10629921259842499",2.50393700787402,0.261448153006047,10,"8.2677165354330603E-2","2","no","raw","View study_notes","merged_03072025","merged_03072025_35",35,"constant",9,"warmer",9,FALSE,FALSE,FALSE,"Gallus_gallus","Gallus_gallus",-1.99078511062592,0.338982332829239,0.2,0.447213595499958,20,"2.s16"
"1","s16","Madkour","2022","Aves","Galliformes","Phasianidae","Gallus","gallus","broiler chicken","20","67.5","135","912.5","days","postnatal","both","NA","NA","NA","NA","7","7","6","hours","6","hours","NA","NA","NA","0.1037037037037037","0.1037037037037037","3.7037037037037038E-3","2.8571428571428571E-3","NA","48","days","0.71111111111111114","temp","ambient","liver","liver","NA","not-ambiguous","1","NA","enzymatic","NA","antioxidant","CAT","catalase (CAT) activity","U/g","BioDiagnositic kits","figure5a",39,30,"9","celsius",1.46456692913386,0.298797889149766,10,"9.4488188976377299E-2",2.07874015748032,0.261448153006047,10,"8.2677165354330603E-2","3","no","raw","View study_notes","merged_03072025","merged_03072025_36",36,"constant",9,"warmer",9,FALSE,FALSE,FALSE,"Gallus_gallus","Gallus_gallus",-2.09500137517995,0.346288027691858,0.2,0.447213595499958,20,"3.s16"
"1","s16","Madkour","2022","Aves","Galliformes","Phasianidae","Gallus","gallus","broiler chicken","20","67.5","135","912.5","days","postnatal","both","NA","NA","NA","NA","3","3","6","hours","6","hours","NA","NA","NA","4.4444444444444446E-2","4.4444444444444446E-2","3.7037037037037038E-3","2.8571428571428571E-3","NA","32","days","0.47407407407407409","temp","ambient","liver","liver","NA","not-ambiguous","1","NA","enzymatic","NA","antioxidant","SOD","superoxide disumtase (SOD) activity","U/g","BioDiagnositic kits","figure5c",39,30,"9","celsius",8.41121495327103,1.18215987296013,10,"0.37383177570093201",18.411214953271,3.54647961888041,10,"1.1214953271028001","1","no","raw","View study_notes","merged_03072025","merged_03072025_37",37,"constant",9,"warmer",9,FALSE,FALSE,FALSE,"Gallus_gallus","Gallus_gallus",-3.62279681152234,0.820123251378484,0.2,0.447213595499958,20,"1.s16"
"1","s16","Madkour","2022","Aves","Galliformes","Phasianidae","Gallus","gallus","broiler chicken","20","67.5","135","912.5","days","postnatal","both","NA","NA","NA","NA","5","5","6","hours","6","hours","NA","NA","NA","7.407407407407407E-2","7.407407407407407E-2","3.7037037037037038E-3","2.8571428571428571E-3","NA","30","days","0.44444444444444442","temp","ambient","liver","liver","NA","not-ambiguous","1","NA","enzymatic","NA","antioxidant","SOD","superoxide disumtase (SOD) activity","U/g","BioDiagnositic kits","figure5c",39,30,"9","celsius",27.8504672897196,3.25093965064042,10,"1.02803738317758",33.4579439252336,6.20633933304076,10,"1.9626168224299101","2","no","raw","View study_notes","merged_03072025","merged_03072025_38",38,"constant",9,"warmer",9,FALSE,FALSE,FALSE,"Gallus_gallus","Gallus_gallus",-1.08393510808391,0.265439872785839,0.2,0.447213595499958,20,"2.s16"
"1","s16","Madkour","2022","Aves","Galliformes","Phasianidae","Gallus","gallus","broiler chicken","20","67.5","135","912.5","days","postnatal","both","NA","NA","NA","NA","7","7","6","hours","6","hours","NA","NA","NA","0.1037037037037037","0.1037037037037037","3.7037037037037038E-3","2.8571428571428571E-3","NA","48","days","0.71111111111111114","temp","ambient","liver","liver","NA","not-ambiguous","1","NA","enzymatic","NA","antioxidant","SOD","superoxide disumtase (SOD) activity","U/g","BioDiagnositic kits","figure5c",39,30,"9","celsius",16.4485981308411,5.0241794600806,10,"1.5887850467289699",41.8691588785047,7.97957914248093,10,"2.5233644859813","3","no","raw","View study_notes","merged_03072025","merged_03072025_39",39,"constant",9,"warmer",9,FALSE,FALSE,FALSE,"Gallus_gallus","Gallus_gallus",-3.65102835241194,0.661673397627687,0.2,0.447213595499958,20,"3.s16"
"1","s23","Wen","2017","Actinopterygii","Cichliformes","Cichlidae","Symphysodon","aequifasciatus","blue discus fish","3.5","225","450","3285","days","postnatal","both","NA","NA","NA","NA","255","268","14","days","14","days","NA","NA","NA","0.56666666666666665","0.5955555555555555","3.111111111111111E-2","3.0871003307607496E-2","NA","0","days","0","temp","ambient","muscle","lateral muscle","NA","not-ambiguous","1","NA","NA","NA","metabolic capacity","ETS","electron transport system activity","(Ec)J/g","formation of formazan to estimate oxygen consumption; methods by De Coen and Janseen (1997)","figure2e",20,28,"-8","celsius",2146.85314685315,307.692307692309,3,"177.64623667373101",1552.44755244755,293.706293706294,3,"169.57140773401599","1","yes","raw","View study_notes","merged_03072025","merged_03072025_40",40,"constant",-8,"cooler",8,FALSE,FALSE,FALSE,"Symphysodon_aequifasciata","Symphysodon_aequifasciata",1.57678733511921,1.31145388600426,0.666666666666667,0.816496580927726,6,"1.s23"
"1","s23","Wen","2017","Actinopterygii","Cichliformes","Cichlidae","Symphysodon","aequifasciatus","blue discus fish","3.5","225","450","3285","days","postnatal","both","NA","NA","NA","NA","255","268","14","days","14","days","NA","NA","NA","0.56666666666666665","0.5955555555555555","3.111111111111111E-2","3.0871003307607496E-2","NA","0","days","0","temp","ambient","muscle","lateral muscle","NA","not-ambiguous","1","NA","NA","NA","metabolic capacity","ETS","electron transport system activity","(Ec)J/g","formation of formazan to estimate oxygen consumption; methods by De Coen and Janseen (1997)","figure2e",24,28,"-4","celsius",1972.02797202797,433.566433566433,3,"250.31969713116601",1552.44755244755,293.706293706294,3,"169.57140773401599","2","yes","raw","View study_notes","merged_03072025","merged_03072025_41",41,"constant",-4,"cooler",4,FALSE,FALSE,FALSE,"Symphysodon_aequifasciata","Symphysodon_aequifasciata",0.904070518447774,1.11622275777419,0.666666666666667,0.816496580927726,6,"2.s23"
"1","s23","Wen","2017","Actinopterygii","Cichliformes","Cichlidae","Symphysodon","aequifasciatus","blue discus fish","3.5","225","450","3285","days","postnatal","both","NA","NA","NA","NA","255","282","28","days","28","days","NA","NA","NA","0.56666666666666665","0.62666666666666671","6.222222222222222E-2","6.1742006615214992E-2","NA","0","days","0","temp","ambient","muscle","lateral muscle","NA","not-ambiguous","1","NA","NA","NA","metabolic capacity","ETS","electron transport system activity","(Ec)J/g","formation of formazan to estimate oxygen consumption; methods by De Coen and Janseen (1997)","figure2e",20,28,"-8","celsius",2097.9020979021,412.587412587412,3,"238.20745372159399",1825.17482517482,363.636363636363,3,"209.945552432591","3","yes","raw","View study_notes","merged_03072025","merged_03072025_42",42,"constant",-8,"cooler",8,FALSE,FALSE,FALSE,"Symphysodon_aequifasciata","Symphysodon_aequifasciata",0.559564062266765,1.0397566848918,0.666666666666667,0.816496580927726,6,"3.s23"
"1","s23","Wen","2017","Actinopterygii","Cichliformes","Cichlidae","Symphysodon","aequifasciatus","blue discus fish","3.5","225","450","3285","days","postnatal","both","NA","NA","NA","NA","255","282","28","days","28","days","NA","NA","NA","0.56666666666666665","0.62666666666666671","6.222222222222222E-2","6.1742006615214992E-2","NA","0","days","0","temp","ambient","muscle","lateral muscle","NA","not-ambiguous","1","NA","NA","NA","metabolic capacity","ETS","electron transport system activity","(Ec)J/g","formation of formazan to estimate oxygen consumption; methods by De Coen and Janseen (1997)","figure2e",24,28,"-4","celsius",2139.86013986014,118.881118881119,3,"68.636045987577802",1825.17482517482,363.636363636363,3,"209.945552432591","4","yes","raw","View study_notes","merged_03072025","merged_03072025_43",43,"constant",-4,"cooler",4,FALSE,FALSE,FALSE,"Symphysodon_aequifasciata","Symphysodon_aequifasciata",0.928141549052791,1.17778750216999,0.666666666666667,0.816496580927726,6,"4.s23"
"1","s23","Wen","2017","Actinopterygii","Cichliformes","Cichlidae","Symphysodon","aequifasciatus","blue discus fish","3.5","225","450","3285","days","postnatal","both","NA","NA","NA","NA","255","268","14","days","14","days","NA","NA","NA","0.56666666666666665","0.5955555555555555","3.111111111111111E-2","3.0871003307607496E-2","NA","0","days","0","temp","ambient","liver","liver","NA","not-ambiguous","1","NA","NA","NA","metabolic capacity","ALP","alkaline phosphatase, plays role in phosphorus metabolism in aquatic animals, increases phophorylation and dephosphorylation mechanisms, might help mitochondrial function by liberating phosphates from organic molecules","U/mg","methods use disodium phenyle phosphate as per King (1965)","figure4a",20,28,"-8","celsius",5666.66666666667,625,3,"360.84391824351599",4097.22222222222,875.000000000002,3,"505.18148554092397","1","yes","raw","View study_notes","merged_03072025","merged_03072025_44",44,"constant",-8,"cooler",8,FALSE,FALSE,FALSE,"Symphysodon_aequifasciata","Symphysodon_aequifasciata",1.64692997304784,1.37471041111711,0.666666666666667,0.816496580927726,6,"1.s23"
"1","s23","Wen","2017","Actinopterygii","Cichliformes","Cichlidae","Symphysodon","aequifasciatus","blue discus fish","3.5","225","450","3285","days","postnatal","both","NA","NA","NA","NA","255","268","14","days","14","days","NA","NA","NA","0.56666666666666665","0.5955555555555555","3.111111111111111E-2","3.0871003307607496E-2","NA","0","days","0","temp","ambient","liver","liver","NA","not-ambiguous","1","NA","NA","NA","metabolic capacity","ALP","alkaline phosphatase, plays role in phosphorus metabolism in aquatic animals, increases phophorylation and dephosphorylation mechanisms, might help mitochondrial function by liberating phosphates from organic molecules","U/mg","methods use disodium phenyle phosphate as per King (1965)","figure4a",24,28,"-4","celsius",5222.22222222222,958.333333333334,3,"553.29400797339201",4097.22222222222,875.000000000002,3,"505.18148554092397","2","yes","raw","View study_notes","merged_03072025","merged_03072025_45",45,"constant",-4,"cooler",4,FALSE,FALSE,FALSE,"Symphysodon_aequifasciata","Symphysodon_aequifasciata",0.978211932907385,1.12059678259062,0.666666666666667,0.816496580927726,6,"2.s23"
"1","s23","Wen","2017","Actinopterygii","Cichliformes","Cichlidae","Symphysodon","aequifasciatus","blue discus fish","3.5","225","450","3285","days","postnatal","both","NA","NA","NA","NA","255","282","28","days","28","days","NA","NA","NA","0.56666666666666665","0.62666666666666671","6.222222222222222E-2","6.1742006615214992E-2","NA","0","days","0","temp","ambient","liver","liver","NA","not-ambiguous","1","NA","NA","NA","metabolic capacity","ALP","alkaline phosphatase, plays role in phosphorus metabolism in aquatic animals, increases phophorylation and dephosphorylation mechanisms, might help mitochondrial function by liberating phosphates from organic molecules","U/mg","methods use disodium phenyle phosphate as per King (1965)","figure4a",20,28,"-8","celsius",5416.66666666667,1027.77777777778,3,"593.38777666711599",3611.11111111111,347.222222222223,3,"200.46884346862001","3","yes","raw","View study_notes","merged_03072025","merged_03072025_46",46,"constant",-8,"cooler",8,FALSE,FALSE,FALSE,"Symphysodon_aequifasciata","Symphysodon_aequifasciata",1.87800999423334,1.71958402247915,0.666666666666667,0.816496580927726,6,"3.s23"
"1","s23","Wen","2017","Actinopterygii","Cichliformes","Cichlidae","Symphysodon","aequifasciatus","blue discus fish","3.5","225","450","3285","days","postnatal","both","NA","NA","NA","NA","255","282","28","days","28","days","NA","NA","NA","0.56666666666666665","0.62666666666666671","6.222222222222222E-2","6.1742006615214992E-2","NA","0","days","0","temp","ambient","liver","liver","NA","not-ambiguous","1","NA","NA","NA","metabolic capacity","ALP","alkaline phosphatase, plays role in phosphorus metabolism in aquatic animals, increases phophorylation and dephosphorylation mechanisms, might help mitochondrial function by liberating phosphates from organic molecules","U/mg","methods use disodium phenyle phosphate as per King (1965)","figure4a",24,28,"-4","celsius",4055.55555555556,194.444444444443,3,"112.26255234242601",3611.11111111111,347.222222222223,3,"200.46884346862001","4","yes","raw","View study_notes","merged_03072025","merged_03072025_47",47,"constant",-4,"cooler",4,FALSE,FALSE,FALSE,"Symphysodon_aequifasciata","Symphysodon_aequifasciata",1.26018254280087,1.25270824331456,0.666666666666667,0.816496580927726,6,"4.s23"
"1","s23","Wen","2017","Actinopterygii","Cichliformes","Cichlidae","Symphysodon","aequifasciatus","blue discus fish","3.5","225","450","3285","days","postnatal","both","NA","NA","NA","NA","255","268","14","days","28","days","NA","NA","NA","0.56666666666666665","0.5955555555555555","3.111111111111111E-2","6.1742006615214992E-2","NA","0","days","0","temp","ambient","liver","liver","NA","not-ambiguous","1","NA","NA","NA","metabolic capacity","ALT","alanine aminotransferase, enzyme that catalyzes the formation of pyruvate and glutamate","U/mg","methods as per Reitman and Frankel (1957)","figure4c",20,28,"-8","celsius",164.918414918415,3.49650349650346,3,"2.01870723492874",64.1025641025641,19.8135198135198,3,"11.439340997929699","1","yes","raw","View study_notes","merged_03072025","merged_03072025_52",52,"constant",-8,"cooler",8,FALSE,FALSE,FALSE,"Symphysodon_aequifasciata","Symphysodon_aequifasciata",5.65409413450655,8.52402477885169,0.666666666666667,0.816496580927726,6,"1.s23"
"1","s23","Wen","2017","Actinopterygii","Cichliformes","Cichlidae","Symphysodon","aequifasciatus","blue discus fish","3.5","225","450","3285","days","postnatal","both","NA","NA","NA","NA","255","268","14","days","28","days","NA","NA","NA","0.56666666666666665","0.5955555555555555","3.111111111111111E-2","6.1742006615214992E-2","NA","0","days","0","temp","ambient","liver","liver","NA","not-ambiguous","1","NA","NA","NA","metabolic capacity","ALT","alanine aminotransferase, enzyme that catalyzes the formation of pyruvate and glutamate","U/mg","methods as per Reitman and Frankel (1957)","figure4c",24,28,"-4","celsius",148.018648018648,25.0582750582751,3,"14.467401850322799",64.1025641025641,19.8135198135198,3,"11.439340997929699","2","yes","raw","View study_notes","merged_03072025","merged_03072025_53",53,"constant",-4,"cooler",4,FALSE,FALSE,FALSE,"Symphysodon_aequifasciata","Symphysodon_aequifasciata",2.96411680255308,2.15665733521232,0.666666666666667,0.816496580927726,6,"2.s23"
"1","s23","Wen","2017","Actinopterygii","Cichliformes","Cichlidae","Symphysodon","aequifasciatus","blue discus fish","3.5","225","450","3285","days","postnatal","both","NA","NA","NA","NA","255","282","28","days","28","days","NA","NA","NA","0.56666666666666665","0.62666666666666671","6.222222222222222E-2","6.1742006615214992E-2","NA","0","days","0","temp","ambient","liver","liver","NA","not-ambiguous","1","NA","NA","NA","metabolic capacity","ALT","alanine aminotransferase, enzyme that catalyzes the formation of pyruvate and glutamate","U/mg","methods as per Reitman and Frankel (1957)","figure4c",20,28,"-8","celsius",199.88344988345,67.0163170163171,3,"38.691888669468",88.5780885780886,33.7995337995338,3,"19.514169937644699","3","yes","raw","View study_notes","merged_03072025","merged_03072025_54",54,"constant",-8,"cooler",8,FALSE,FALSE,FALSE,"Symphysodon_aequifasciata","Symphysodon_aequifasciata",1.67331738420036,1.47366996605873,0.666666666666667,0.816496580927726,6,"3.s23"
"1","s23","Wen","2017","Actinopterygii","Cichliformes","Cichlidae","Symphysodon","aequifasciatus","blue discus fish","3.5","225","450","3285","days","postnatal","both","NA","NA","NA","NA","255","282","28","days","28","days","NA","NA","NA","0.56666666666666665","0.62666666666666671","6.222222222222222E-2","6.1742006615214992E-2","NA","0","days","0","temp","ambient","liver","liver","NA","not-ambiguous","1","NA","NA","NA","metabolic capacity","ALT","alanine aminotransferase, enzyme that catalyzes the formation of pyruvate and glutamate","U/mg","methods as per Reitman and Frankel (1957)","figure4c",24,28,"-4","celsius",121.794871794872,9.90675990675993,3,"5.7196704989648399",88.5780885780886,33.7995337995338,3,"19.514169937644699","4","yes","raw","View study_notes","merged_03072025","merged_03072025_55",55,"constant",-4,"cooler",4,FALSE,FALSE,FALSE,"Symphysodon_aequifasciata","Symphysodon_aequifasciata",1.06415546298286,1.24185569653879,0.666666666666667,0.816496580927726,6,"4.s23"
"1","s23","Wen","2017","Actinopterygii","Cichliformes","Cichlidae","Symphysodon","aequifasciatus","blue discus fish","3.5","225","450","3285","days","postnatal","both","NA","NA","NA","NA","255","268","14","days","28","days","NA","NA","NA","0.56666666666666665","0.5955555555555555","3.111111111111111E-2","6.1742006615214992E-2","NA","0","days","0","temp","ambient","liver","liver","NA","not-ambiguous","1","NA","NA","NA","metabolic capacity","AST","aspartate aminotransferase, helps produce oxaloacetate and glutamate, mitotchondrial AST helps transport NADH from the cytoplasma into the mitochondria, provides oxaloacetate for krebs cycle","U/mg","methods as per Reitman and Frankel (1957)","figure4d",20,28,"-8","celsius",115.275142314991,36.0531309297912,3,"20.815284847443799",65.4648956356736,7.11574952561674,3,"4.1082799041007698","1","yes","raw","View study_notes","merged_03072025","merged_03072025_56",56,"constant",-8,"cooler",8,FALSE,FALSE,FALSE,"Symphysodon_aequifasciata","Symphysodon_aequifasciata",1.52944035477615,1.54258868053129,0.666666666666667,0.816496580927726,6,"1.s23"
"1","s23","Wen","2017","Actinopterygii","Cichliformes","Cichlidae","Symphysodon","aequifasciatus","blue discus fish","3.5","225","450","3285","days","postnatal","both","NA","NA","NA","NA","255","268","14","days","28","days","NA","NA","NA","0.56666666666666665","0.5955555555555555","3.111111111111111E-2","6.1742006615214992E-2","NA","0","days","0","temp","ambient","liver","liver","NA","not-ambiguous","1","NA","NA","NA","metabolic capacity","AST","aspartate aminotransferase, helps produce oxaloacetate and glutamate, mitotchondrial AST helps transport NADH from the cytoplasma into the mitochondria, provides oxaloacetate for krebs cycle","U/mg","methods as per Reitman and Frankel (1957)","figure4d",24,28,"-4","celsius",76.8500948766603,9.01328273244781,3,"5.2038212118609497",65.4648956356736,7.11574952561674,3,"4.1082799041007698","2","yes","raw","View study_notes","merged_03072025","merged_03072025_57",57,"constant",-4,"cooler",4,FALSE,FALSE,FALSE,"Symphysodon_aequifasciata","Symphysodon_aequifasciata",1.11870992998765,1.16486510734399,0.666666666666667,0.816496580927726,6,"2.s23"
"1","s23","Wen","2017","Actinopterygii","Cichliformes","Cichlidae","Symphysodon","aequifasciatus","blue discus fish","3.5","225","450","3285","days","postnatal","both","NA","NA","NA","NA","255","282","28","days","28","days","NA","NA","NA","0.56666666666666665","0.62666666666666671","6.222222222222222E-2","6.1742006615214992E-2","NA","0","days","0","temp","ambient","liver","liver","NA","not-ambiguous","1","NA","NA","NA","metabolic capacity","AST","aspartate aminotransferase, helps produce oxaloacetate and glutamate, mitotchondrial AST helps transport NADH from the cytoplasma into the mitochondria, provides oxaloacetate for krebs cycle","U/mg","methods as per Reitman and Frankel (1957)","figure4d",20,28,"-8","celsius",123.339658444023,27.5142314990512,3,"15.885348962522899",57.8747628083491,12.3339658444023,3,"7.1210185004413296","3","yes","raw","View study_notes","merged_03072025","merged_03072025_58",58,"constant",-8,"cooler",8,FALSE,FALSE,FALSE,"Symphysodon_aequifasciata","Symphysodon_aequifasciata",2.44987238958111,2.08235258836488,0.666666666666667,0.816496580927726,6,"3.s23"
"1","s23","Wen","2017","Actinopterygii","Cichliformes","Cichlidae","Symphysodon","aequifasciatus","blue discus fish","3.5","225","450","3285","days","postnatal","both","NA","NA","NA","NA","255","282","28","days","28","days","NA","NA","NA","0.56666666666666665","0.62666666666666671","6.222222222222222E-2","6.1742006615214992E-2","NA","0","days","0","temp","ambient","liver","liver","NA","not-ambiguous","1","NA","NA","NA","metabolic capacity","AST","aspartate aminotransferase, helps produce oxaloacetate and glutamate, mitotchondrial AST helps transport NADH from the cytoplasma into the mitochondria, provides oxaloacetate for krebs cycle","U/mg","methods as per Reitman and Frankel (1957)","figure4d",24,28,"-4","celsius",49.3358633776091,26.0910815939279,3,"15.0636929817028",57.8747628083491,12.3339658444023,3,"7.1210185004413296","4","yes","raw","View study_notes","merged_03072025","merged_03072025_59",59,"constant",-4,"cooler",4,FALSE,FALSE,FALSE,"Symphysodon_aequifasciata","Symphysodon_aequifasciata",-0.333862792714931,1.01954577256086,0.666666666666667,0.816496580927726,6,"4.s23"
"1","s29","Akhtar","2013","Actinopterygii","Cypriniformes","Cyprinidae","Tor","putitora","golden mahseer","3.7","821.25","1642.5","7300","days","postnatal","both","NA","NA","NA","NA","843.25","873.25","30","days","30","days","NA","NA","NA","0.51339421613394221","0.53165905631659061","1.8264840182648401E-2","1.8223788118090146E-2","NA","0","days","0","temp","ambient","liver","liver","NA","not-ambiguous","1","NA","enzymatic","NA","antioxidant","CAT","catalase","mmol/min/mg","Takahara et al. (1960)","table2",32,20,"12","celsius",66.52,1.42070405081424,6,"0.57999999999999996",18.4,5.92776517753529,6,"2.42","1","yes","raw","View study_notes","merged_03072025","merged_03072025_60",60,"constant",12,"warmer",12,FALSE,FALSE,FALSE,"Tor_putitora","Tor_putitora",10.3015707808846,9.92192727983962,0.333333333333333,0.577350269189626,12,"1.s29"
"1","s29","Akhtar","2013","Actinopterygii","Cypriniformes","Cyprinidae","Tor","putitora","golden mahseer","3.7","821.25","1642.5","7300","days","postnatal","both","NA","NA","NA","NA","843.25","873.25","30","days","30","days","NA","NA","NA","0.51339421613394221","0.53165905631659061","1.8264840182648401E-2","1.8223788118090146E-2","NA","0","days","0","temp","ambient","gill","gill","NA","not-ambiguous","1","NA","enzymatic","NA","antioxidant","CAT","catalase","mmol/min/mg","Takahara et al. (1960)","table2",32,20,"12","celsius",17.95,3.52726522960778,6,"1.44",5.26,3.11085197333464,6,"1.27","1","yes","raw","View study_notes","merged_03072025","merged_03072025_61",61,"constant",12,"warmer",12,FALSE,FALSE,FALSE,"Tor_putitora","Tor_putitora",3.52107975607423,1.02958134324394,0.333333333333333,0.577350269189626,12,"1.s29"
"1","s29","Akhtar","2013","Actinopterygii","Cypriniformes","Cyprinidae","Tor","putitora","golden mahseer","3.7","821.25","1642.5","7300","days","postnatal","both","NA","NA","NA","NA","843.25","873.25","30","days","30","days","NA","NA","NA","0.51339421613394221","0.53165905631659061","1.8264840182648401E-2","1.8223788118090146E-2","NA","0","days","0","temp","ambient","kidney","kidney","NA","not-ambiguous","1","NA","enzymatic","NA","antioxidant","CAT","catalase","mmol/min/mg","Takahara et al. (1960)","table2",32,20,"12","celsius",41.21,4.26211215244273,6,"1.74",9.52,2.89039789648415,6,"1.18","1","yes","raw","View study_notes","merged_03072025","merged_03072025_62",62,"constant",12,"warmer",12,FALSE,FALSE,FALSE,"Tor_putitora","Tor_putitora",8.03031282802297,4.06559440011116,0.333333333333333,0.577350269189626,12,"1.s29"
"1","s29","Akhtar","2013","Actinopterygii","Cypriniformes","Cyprinidae","Tor","putitora","golden mahseer","3.7","821.25","1642.5","7300","days","postnatal","both","NA","NA","NA","NA","843.25","873.25","30","days","30","days","NA","NA","NA","0.51339421613394221","0.53165905631659061","1.8264840182648401E-2","1.8223788118090146E-2","NA","0","days","0","temp","ambient","liver","liver","NA","not-ambiguous","1","NA","enzymatic","NA","antioxidant","CAT","catalase","mmol/min/mg","Takahara et al. (1960)","table2",29,20,"9","celsius",46.34,10.8512395605295,6,"4.43",18.4,5.92776517753529,6,"2.42","2","yes","raw","View study_notes","merged_03072025","merged_03072025_63",63,"constant",9,"warmer",9,FALSE,FALSE,FALSE,"Tor_putitora","Tor_putitora",2.94874332444493,0.961687212691922,0.333333333333333,0.577350269189626,12,"2.s29"
"1","s29","Akhtar","2013","Actinopterygii","Cypriniformes","Cyprinidae","Tor","putitora","golden mahseer","3.7","821.25","1642.5","7300","days","postnatal","both","NA","NA","NA","NA","843.25","873.25","30","days","30","days","NA","NA","NA","0.51339421613394221","0.53165905631659061","1.8264840182648401E-2","1.8223788118090146E-2","NA","0","days","0","temp","ambient","gill","gill","NA","not-ambiguous","1","NA","enzymatic","NA","antioxidant","CAT","catalase","mmol/min/mg","Takahara et al. (1960)","table2",29,20,"9","celsius",15.59,2.44948974278318,6,"1",5.26,3.11085197333464,6,"1.27","2","yes","raw","View study_notes","merged_03072025","merged_03072025_64",64,"constant",9,"warmer",9,FALSE,FALSE,FALSE,"Tor_putitora","Tor_putitora",3.40455446676974,1.01143733271798,0.333333333333333,0.577350269189626,12,"2.s29"
"1","s29","Akhtar","2013","Actinopterygii","Cypriniformes","Cyprinidae","Tor","putitora","golden mahseer","3.7","821.25","1642.5","7300","days","postnatal","both","NA","NA","NA","NA","843.25","873.25","30","days","30","days","NA","NA","NA","0.51339421613394221","0.53165905631659061","1.8264840182648401E-2","1.8223788118090146E-2","NA","0","days","0","temp","ambient","kidney","kidney","NA","not-ambiguous","1","NA","enzymatic","NA","antioxidant","CAT","catalase","mmol/min/mg","Takahara et al. (1960)","table2",29,20,"9","celsius",31.85,4.06615297302007,6,"1.66",9.52,2.89039789648415,6,"1.18","2","yes","raw","View study_notes","merged_03072025","merged_03072025_65",65,"constant",9,"warmer",9,FALSE,FALSE,FALSE,"Tor_putitora","Tor_putitora",5.84104710531208,2.29013544862523,0.333333333333333,0.577350269189626,12,"2.s29"
"1","s29","Akhtar","2013","Actinopterygii","Cypriniformes","Cyprinidae","Tor","putitora","golden mahseer","3.7","821.25","1642.5","7300","days","postnatal","both","NA","NA","NA","NA","843.25","873.25","30","days","30","days","NA","NA","NA","0.51339421613394221","0.53165905631659061","1.8264840182648401E-2","1.8223788118090146E-2","NA","0","days","0","temp","ambient","liver","liver","NA","not-ambiguous","1","NA","enzymatic","NA","antioxidant","CAT","catalase","mmol/min/mg","Takahara et al. (1960)","table2",26,20,"6","celsius",46.18,3.1598417681903,6,"1.29",18.4,5.92776517753529,6,"2.42","3","yes","raw","View study_notes","merged_03072025","merged_03072025_66",66,"constant",6,"warmer",6,FALSE,FALSE,FALSE,"Tor_putitora","Tor_putitora",5.39672443668755,2.30875588655589,0.333333333333333,0.577350269189626,12,"3.s29"
"1","s29","Akhtar","2013","Actinopterygii","Cypriniformes","Cyprinidae","Tor","putitora","golden mahseer","3.7","821.25","1642.5","7300","days","postnatal","both","NA","NA","NA","NA","843.25","873.25","30","days","30","days","NA","NA","NA","0.51339421613394221","0.53165905631659061","1.8264840182648401E-2","1.8223788118090146E-2","NA","0","days","0","temp","ambient","gill","gill","NA","not-ambiguous","1","NA","enzymatic","NA","antioxidant","CAT","catalase","mmol/min/mg","Takahara et al. (1960)","table2",26,20,"6","celsius",13.42,7.83836717690617,6,"3.2",5.26,3.11085197333464,6,"1.27","3","yes","raw","View study_notes","merged_03072025","merged_03072025_67",67,"constant",6,"warmer",6,FALSE,FALSE,FALSE,"Tor_putitora","Tor_putitora",1.26269717253802,0.521952907128078,0.333333333333333,0.577350269189626,12,"3.s29"
"1","s29","Akhtar","2013","Actinopterygii","Cypriniformes","Cyprinidae","Tor","putitora","golden mahseer","3.7","821.25","1642.5","7300","days","postnatal","both","NA","NA","NA","NA","843.25","873.25","30","days","30","days","NA","NA","NA","0.51339421613394221","0.53165905631659061","1.8264840182648401E-2","1.8223788118090146E-2","NA","0","days","0","temp","ambient","kidney","kidney","NA","not-ambiguous","1","NA","enzymatic","NA","antioxidant","CAT","catalase","mmol/min/mg","Takahara et al. (1960)","table2",26,20,"6","celsius",18.72,1.83711730708738,6,"0.75",9.52,2.89039789648415,6,"1.18","3","yes","raw","View study_notes","merged_03072025","merged_03072025_68",68,"constant",6,"warmer",6,FALSE,FALSE,FALSE,"Tor_putitora","Tor_putitora",3.50547531690629,1.12514810649891,0.333333333333333,0.577350269189626,12,"3.s29"
"1","s29","Akhtar","2013","Actinopterygii","Cypriniformes","Cyprinidae","Tor","putitora","golden mahseer","3.7","821.25","1642.5","7300","days","postnatal","both","NA","NA","NA","NA","843.25","873.25","30","days","30","days","NA","NA","NA","0.51339421613394221","0.53165905631659061","1.8264840182648401E-2","1.8223788118090146E-2","NA","0","days","0","temp","ambient","liver","liver","NA","not-ambiguous","1","NA","enzymatic","NA","antioxidant","CAT","catalase","mmol/min/mg","Takahara et al. (1960)","table2",23,20,"3","celsius",24.22,7.76488248462267,6,"3.17",18.4,5.92776517753529,6,"2.42","4","yes","raw","View study_notes","merged_03072025","merged_03072025_69",69,"constant",3,"warmer",3,FALSE,FALSE,FALSE,"Tor_putitora","Tor_putitora",0.777451689297987,0.432321362786545,0.333333333333333,0.577350269189626,12,"4.s29"
"1","s29","Akhtar","2013","Actinopterygii","Cypriniformes","Cyprinidae","Tor","putitora","golden mahseer","3.7","821.25","1642.5","7300","days","postnatal","both","NA","NA","NA","NA","843.25","873.25","30","days","30","days","NA","NA","NA","0.51339421613394221","0.53165905631659061","1.8264840182648401E-2","1.8223788118090146E-2","NA","0","days","0","temp","ambient","gill","gill","NA","not-ambiguous","1","NA","enzymatic","NA","antioxidant","CAT","catalase","mmol/min/mg","Takahara et al. (1960)","table2",23,20,"3","celsius",8.89,3.0863570759068,6,"1.26",5.26,3.11085197333464,6,"1.27","4","yes","raw","View study_notes","merged_03072025","merged_03072025_70",70,"constant",3,"warmer",3,FALSE,FALSE,FALSE,"Tor_putitora","Tor_putitora",1.08098350922662,0.458429918375186,0.333333333333333,0.577350269189626,12,"4.s29"
"1","s29","Akhtar","2013","Actinopterygii","Cypriniformes","Cyprinidae","Tor","putitora","golden mahseer","3.7","821.25","1642.5","7300","days","postnatal","both","NA","NA","NA","NA","843.25","873.25","30","days","30","days","NA","NA","NA","0.51339421613394221","0.53165905631659061","1.8264840182648401E-2","1.8223788118090146E-2","NA","0","days","0","temp","ambient","kidney","kidney","NA","not-ambiguous","1","NA","enzymatic","NA","antioxidant","CAT","catalase","mmol/min/mg","Takahara et al. (1960)","table2",23,20,"3","celsius",11.82,1.83711730708738,6,"0.75",9.52,2.89039789648415,6,"1.18","4","yes","raw","View study_notes","merged_03072025","merged_03072025_71",71,"constant",3,"warmer",3,FALSE,FALSE,FALSE,"Tor_putitora","Tor_putitora",0.876368829226573,0.445321756656182,0.333333333333333,0.577350269189626,12,"4.s29"
"1","s29","Akhtar","2013","Actinopterygii","Cypriniformes","Cyprinidae","Tor","putitora","golden mahseer","3.7","821.25","1642.5","7300","days","postnatal","both","NA","NA","NA","NA","843.25","873.25","30","days","30","days","NA","NA","NA","0.51339421613394221","0.53165905631659061","1.8264840182648401E-2","1.8223788118090146E-2","NA","0","days","0","temp","ambient","liver","liver","NA","not-ambiguous","1","NA","enzymatic","NA","antioxidant","SOD","superoxide dismutase","umol/mg","Misra and Fridovich (1972)","table2",32,20,"12","celsius",20.36,6.49114781837542,6,"2.65",9,1.17575507653593,6,"0.48","1","yes","raw","View study_notes","merged_03072025","merged_03072025_72",72,"constant",12,"warmer",12,FALSE,FALSE,FALSE,"Tor_putitora","Tor_putitora",2.24721096859997,0.87393091595037,0.333333333333333,0.577350269189626,12,"1.s29"
"1","s29","Akhtar","2013","Actinopterygii","Cypriniformes","Cyprinidae","Tor","putitora","golden mahseer","3.7","821.25","1642.5","7300","days","postnatal","both","NA","NA","NA","NA","843.25","873.25","30","days","30","days","NA","NA","NA","0.51339421613394221","0.53165905631659061","1.8264840182648401E-2","1.8223788118090146E-2","NA","0","days","0","temp","ambient","gill","gill","NA","not-ambiguous","1","NA","enzymatic","NA","antioxidant","SOD","superoxide dismutase","umol/mg","Misra and Fridovich (1972)","table2",32,20,"12","celsius",21.26,1.0042907945411,6,"0.41",16.12,0.930806102257608,6,"0.38","1","yes","raw","View study_notes","merged_03072025","merged_03072025_73",73,"constant",12,"warmer",12,FALSE,FALSE,FALSE,"Tor_putitora","Tor_putitora",4.89845888961781,1.60664555455314,0.333333333333333,0.577350269189626,12,"1.s29"
"1","s29","Akhtar","2013","Actinopterygii","Cypriniformes","Cyprinidae","Tor","putitora","golden mahseer","3.7","821.25","1642.5","7300","days","postnatal","both","NA","NA","NA","NA","843.25","873.25","30","days","30","days","NA","NA","NA","0.51339421613394221","0.53165905631659061","1.8264840182648401E-2","1.8223788118090146E-2","NA","0","days","0","temp","ambient","kidney","kidney","NA","not-ambiguous","1","NA","enzymatic","NA","antioxidant","SOD","superoxide dismutase","umol/mg","Misra and Fridovich (1972)","table2",32,20,"12","celsius",19.25,0.808331615118449,6,"0.33",13.45,1.6166632302369,6,"0.66","1","yes","raw","View study_notes","merged_03072025","merged_03072025_74",74,"constant",12,"warmer",12,FALSE,FALSE,FALSE,"Tor_putitora","Tor_putitora",4.18745748729267,1.59236641413607,0.333333333333333,0.577350269189626,12,"1.s29"
"1","s29","Akhtar","2013","Actinopterygii","Cypriniformes","Cyprinidae","Tor","putitora","golden mahseer","3.7","821.25","1642.5","7300","days","postnatal","both","NA","NA","NA","NA","843.25","873.25","30","days","30","days","NA","NA","NA","0.51339421613394221","0.53165905631659061","1.8264840182648401E-2","1.8223788118090146E-2","NA","0","days","0","temp","ambient","liver","liver","NA","not-ambiguous","1","NA","enzymatic","NA","antioxidant","SOD","superoxide dismutase","umol/mg","Misra and Fridovich (1972)","table2",29,20,"9","celsius",16.23,3.2333264604738,6,"1.32",9,1.17575507653593,6,"0.48","2","yes","raw","View study_notes","merged_03072025","merged_03072025_75",75,"constant",9,"warmer",9,FALSE,FALSE,FALSE,"Tor_putitora","Tor_putitora",2.74231997516517,0.996889497851197,0.333333333333333,0.577350269189626,12,"2.s29"
"1","s29","Akhtar","2013","Actinopterygii","Cypriniformes","Cyprinidae","Tor","putitora","golden mahseer","3.7","821.25","1642.5","7300","days","postnatal","both","NA","NA","NA","NA","843.25","873.25","30","days","30","days","NA","NA","NA","0.51339421613394221","0.53165905631659061","1.8264840182648401E-2","1.8223788118090146E-2","NA","0","days","0","temp","ambient","gill","gill","NA","not-ambiguous","1","NA","enzymatic","NA","antioxidant","SOD","superoxide dismutase","umol/mg","Misra and Fridovich (1972)","table2",29,20,"9","celsius",21.65,4.06615297302007,6,"1.66",16.12,0.930806102257608,6,"0.38","2","yes","raw","View study_notes","merged_03072025","merged_03072025_76",76,"constant",9,"warmer",9,FALSE,FALSE,FALSE,"Tor_putitora","Tor_putitora",1.73000553165398,0.670970668189592,0.333333333333333,0.577350269189626,12,"2.s29"
"1","s29","Akhtar","2013","Actinopterygii","Cypriniformes","Cyprinidae","Tor","putitora","golden mahseer","3.7","821.25","1642.5","7300","days","postnatal","both","NA","NA","NA","NA","843.25","873.25","30","days","30","days","NA","NA","NA","0.51339421613394221","0.53165905631659061","1.8264840182648401E-2","1.8223788118090146E-2","NA","0","days","0","temp","ambient","kidney","kidney","NA","not-ambiguous","1","NA","enzymatic","NA","antioxidant","SOD","superoxide dismutase","umol/mg","Misra and Fridovich (1972)","table2",29,20,"9","celsius",20.33,1.37171425595858,6,"0.56000000000000005",13.45,1.6166632302369,6,"0.66","2","yes","raw","View study_notes","merged_03072025","merged_03072025_77",77,"constant",9,"warmer",9,FALSE,FALSE,FALSE,"Tor_putitora","Tor_putitora",4.23458557048133,1.32036049746859,0.333333333333333,0.577350269189626,12,"2.s29"
"1","s29","Akhtar","2013","Actinopterygii","Cypriniformes","Cyprinidae","Tor","putitora","golden mahseer","3.7","821.25","1642.5","7300","days","postnatal","both","NA","NA","NA","NA","843.25","873.25","30","days","30","days","NA","NA","NA","0.51339421613394221","0.53165905631659061","1.8264840182648401E-2","1.8223788118090146E-2","NA","0","days","0","temp","ambient","liver","liver","NA","not-ambiguous","1","NA","enzymatic","NA","antioxidant","SOD","superoxide dismutase","umol/mg","Misra and Fridovich (1972)","table2",26,20,"6","celsius",12.92,0.83282651254628,6,"0.34",9,1.17575507653593,6,"0.48","3","yes","raw","View study_notes","merged_03072025","merged_03072025_78",78,"constant",6,"warmer",6,FALSE,FALSE,FALSE,"Tor_putitora","Tor_putitora",3.55033535321105,1.09962502116352,0.333333333333333,0.577350269189626,12,"3.s29"
"1","s29","Akhtar","2013","Actinopterygii","Cypriniformes","Cyprinidae","Tor","putitora","golden mahseer","3.7","821.25","1642.5","7300","days","postnatal","both","NA","NA","NA","NA","843.25","873.25","30","days","30","days","NA","NA","NA","0.51339421613394221","0.53165905631659061","1.8264840182648401E-2","1.8223788118090146E-2","NA","0","days","0","temp","ambient","gill","gill","NA","not-ambiguous","1","NA","enzymatic","NA","antioxidant","SOD","superoxide dismutase","umol/mg","Misra and Fridovich (1972)","table2",26,20,"6","celsius",19.67,0.661362230551458,6,"0.27",16.12,0.930806102257608,6,"0.38","3","yes","raw","View study_notes","merged_03072025","merged_03072025_79",79,"constant",6,"warmer",6,FALSE,FALSE,FALSE,"Tor_putitora","Tor_putitora",4.05713864660061,1.31212375310779,0.333333333333333,0.577350269189626,12,"3.s29"
"1","s29","Akhtar","2013","Actinopterygii","Cypriniformes","Cyprinidae","Tor","putitora","golden mahseer","3.7","821.25","1642.5","7300","days","postnatal","both","NA","NA","NA","NA","843.25","873.25","30","days","30","days","NA","NA","NA","0.51339421613394221","0.53165905631659061","1.8264840182648401E-2","1.8223788118090146E-2","NA","0","days","0","temp","ambient","kidney","kidney","NA","not-ambiguous","1","NA","enzymatic","NA","antioxidant","SOD","superoxide dismutase","umol/mg","Misra and Fridovich (1972)","table2",26,20,"6","celsius",17.46,0.881816307401944,6,"0.36",13.45,1.6166632302369,6,"0.66","3","yes","raw","View study_notes","merged_03072025","merged_03072025_80",80,"constant",6,"warmer",6,FALSE,FALSE,FALSE,"Tor_putitora","Tor_putitora",2.84161119746918,0.922079425724646,0.333333333333333,0.577350269189626,12,"3.s29"
"1","s29","Akhtar","2013","Actinopterygii","Cypriniformes","Cyprinidae","Tor","putitora","golden mahseer","3.7","821.25","1642.5","7300","days","postnatal","both","NA","NA","NA","NA","843.25","873.25","30","days","30","days","NA","NA","NA","0.51339421613394221","0.53165905631659061","1.8264840182648401E-2","1.8223788118090146E-2","NA","0","days","0","temp","ambient","liver","liver","NA","not-ambiguous","1","NA","enzymatic","NA","antioxidant","SOD","superoxide dismutase","umol/mg","Misra and Fridovich (1972)","table2",23,20,"3","celsius",9.79,1.69014792252039,6,"0.69",9,1.17575507653593,6,"0.48","4","yes","raw","View study_notes","merged_03072025","merged_03072025_81",81,"constant",3,"warmer",3,FALSE,FALSE,FALSE,"Tor_putitora","Tor_putitora",0.500717035860435,0.414052022437689,0.333333333333333,0.577350269189626,12,"4.s29"
"1","s29","Akhtar","2013","Actinopterygii","Cypriniformes","Cyprinidae","Tor","putitora","golden mahseer","3.7","821.25","1642.5","7300","days","postnatal","both","NA","NA","NA","NA","843.25","873.25","30","days","30","days","NA","NA","NA","0.51339421613394221","0.53165905631659061","1.8264840182648401E-2","1.8223788118090146E-2","NA","0","days","0","temp","ambient","gill","gill","NA","not-ambiguous","1","NA","enzymatic","NA","antioxidant","SOD","superoxide dismutase","umol/mg","Misra and Fridovich (1972)","table2",23,20,"3","celsius",18.2,2.27802546078835,6,"0.93",16.12,0.930806102257608,6,"0.38","4","yes","raw","View study_notes","merged_03072025","merged_03072025_82",82,"constant",3,"warmer",3,FALSE,FALSE,FALSE,"Tor_putitora","Tor_putitora",1.10299757534937,0.49182910115775,0.333333333333333,0.577350269189626,12,"4.s29"
"1","s29","Akhtar","2013","Actinopterygii","Cypriniformes","Cyprinidae","Tor","putitora","golden mahseer","3.7","821.25","1642.5","7300","days","postnatal","both","NA","NA","NA","NA","843.25","873.25","30","days","30","days","NA","NA","NA","0.51339421613394221","0.53165905631659061","1.8264840182648401E-2","1.8223788118090146E-2","NA","0","days","0","temp","ambient","kidney","kidney","NA","not-ambiguous","1","NA","enzymatic","NA","antioxidant","SOD","superoxide dismutase","umol/mg","Misra and Fridovich (1972)","table2",23,20,"3","celsius",15.3,0.68585712797929,6,"0.28000000000000003",13.45,1.6166632302369,6,"0.66","4","yes","raw","View study_notes","merged_03072025","merged_03072025_83",83,"constant",3,"warmer",3,FALSE,FALSE,FALSE,"Tor_putitora","Tor_putitora",1.37471138161853,0.540125693691888,0.333333333333333,0.577350269189626,12,"4.s29"
"1","s29","Akhtar","2013","Actinopterygii","Cypriniformes","Cyprinidae","Tor","putitora","golden mahseer","3.7","821.25","1642.5","7300","days","postnatal","both","NA","NA","NA","NA","843.25","873.25","30","days","30","days","NA","NA","NA","0.51339421613394221","0.53165905631659061","1.8264840182648401E-2","1.8223788118090146E-2","NA","0","days","0","temp","ambient","liver","liver","NA","not-ambiguous","1","NA","NA","NA","metabolic capacity","ATPase","adenosine triphosphatase activity","ug/mg/min","membrane-bound enzyme, accountable for the trasnport of ios through the membrane and instant realease of energy; creates energy from ATP; methods as per Post and Sen (1967)","table3",32,20,"12","celsius",62.13,4.33559684472622,6,"1.77",15.19,5.73180599811264,6,"2.34","1","yes","raw","View study_notes","merged_03072025","merged_03072025_84",84,"constant",12,"warmer",12,FALSE,FALSE,FALSE,"Tor_putitora","Tor_putitora",8.52316120742094,4.30121231067353,0.333333333333333,0.577350269189626,12,"1.s29"
"1","s29","Akhtar","2013","Actinopterygii","Cypriniformes","Cyprinidae","Tor","putitora","golden mahseer","3.7","821.25","1642.5","7300","days","postnatal","both","NA","NA","NA","NA","843.25","873.25","30","days","30","days","NA","NA","NA","0.51339421613394221","0.53165905631659061","1.8264840182648401E-2","1.8223788118090146E-2","NA","0","days","0","temp","ambient","gill","gill","NA","not-ambiguous","1","NA","NA","NA","metabolic capacity","ATPase","adenosine triphosphatase activity","ug/mg/min","membrane-bound enzyme, accountable for the trasnport of ios through the membrane and instant realease of energy; creates energy from ATP; methods as per Post and Sen (1967)","table3",32,20,"12","celsius",139.93,22.7312648130279,6,"9.2799999999999994",61.95,2.93938769133981,6,"1.2","1","yes","raw","View study_notes","merged_03072025","merged_03072025_85",85,"constant",12,"warmer",12,FALSE,FALSE,FALSE,"Tor_putitora","Tor_putitora",4.43972102763785,2.30734407858097,0.333333333333333,0.577350269189626,12,"1.s29"
"1","s29","Akhtar","2013","Actinopterygii","Cypriniformes","Cyprinidae","Tor","putitora","golden mahseer","3.7","821.25","1642.5","7300","days","postnatal","both","NA","NA","NA","NA","843.25","873.25","30","days","30","days","NA","NA","NA","0.51339421613394221","0.53165905631659061","1.8264840182648401E-2","1.8223788118090146E-2","NA","0","days","0","temp","ambient","kidney","kidney","NA","not-ambiguous","1","NA","NA","NA","metabolic capacity","ATPase","adenosine triphosphatase activity","ug/mg/min","membrane-bound enzyme, accountable for the trasnport of ios through the membrane and instant realease of energy; creates energy from ATP; methods as per Post and Sen (1967)","table3",32,20,"12","celsius",160.64,21.5800046339198,6,"8.81",80.66,5.51135192126215,6,"2.25","1","yes","raw","View study_notes","merged_03072025","merged_03072025_86",86,"constant",12,"warmer",12,FALSE,FALSE,FALSE,"Tor_putitora","Tor_putitora",4.68604227413723,2.34345058561298,0.333333333333333,0.577350269189626,12,"1.s29"
"1","s29","Akhtar","2013","Actinopterygii","Cypriniformes","Cyprinidae","Tor","putitora","golden mahseer","3.7","821.25","1642.5","7300","days","postnatal","both","NA","NA","NA","NA","843.25","873.25","30","days","30","days","NA","NA","NA","0.51339421613394221","0.53165905631659061","1.8264840182648401E-2","1.8223788118090146E-2","NA","0","days","0","temp","ambient","liver","liver","NA","not-ambiguous","1","NA","NA","NA","metabolic capacity","ATPase","adenosine triphosphatase activity","ug/mg/min","membrane-bound enzyme, accountable for the trasnport of ios through the membrane and instant realease of energy; creates energy from ATP; methods as per Post and Sen (1967)","table3",29,20,"9","celsius",55.78,6.34417843380843,6,"2.59",15.19,5.73180599811264,6,"2.34","2","yes","raw","View study_notes","merged_03072025","merged_03072025_87",87,"constant",9,"warmer",9,FALSE,FALSE,FALSE,"Tor_putitora","Tor_putitora",6.195135537595,2.33862275684955,0.333333333333333,0.577350269189626,12,"2.s29"
"1","s29","Akhtar","2013","Actinopterygii","Cypriniformes","Cyprinidae","Tor","putitora","golden mahseer","3.7","821.25","1642.5","7300","days","postnatal","both","NA","NA","NA","NA","843.25","873.25","30","days","30","days","NA","NA","NA","0.51339421613394221","0.53165905631659061","1.8264840182648401E-2","1.8223788118090146E-2","NA","0","days","0","temp","ambient","gill","gill","NA","not-ambiguous","1","NA","NA","NA","metabolic capacity","ATPase","adenosine triphosphatase activity","ug/mg/min","membrane-bound enzyme, accountable for the trasnport of ios through the membrane and instant realease of energy; creates energy from ATP; methods as per Post and Sen (1967)","table3",29,20,"9","celsius",112.25,25.768632094079,6,"10.52",61.95,2.93938769133981,6,"1.2","2","yes","raw","View study_notes","merged_03072025","merged_03072025_88",88,"constant",9,"warmer",9,FALSE,FALSE,FALSE,"Tor_putitora","Tor_putitora",2.53084992742587,1.02427718392105,0.333333333333333,0.577350269189626,12,"2.s29"
"1","s29","Akhtar","2013","Actinopterygii","Cypriniformes","Cyprinidae","Tor","putitora","golden mahseer","3.7","821.25","1642.5","7300","days","postnatal","both","NA","NA","NA","NA","843.25","873.25","30","days","30","days","NA","NA","NA","0.51339421613394221","0.53165905631659061","1.8264840182648401E-2","1.8223788118090146E-2","NA","0","days","0","temp","ambient","kidney","kidney","NA","not-ambiguous","1","NA","NA","NA","metabolic capacity","ATPase","adenosine triphosphatase activity","ug/mg/min","membrane-bound enzyme, accountable for the trasnport of ios through the membrane and instant realease of energy; creates energy from ATP; methods as per Post and Sen (1967)","table3",29,20,"9","celsius",133.23,26.6994381963366,6,"10.9",80.66,5.51135192126215,6,"2.25","2","yes","raw","View study_notes","merged_03072025","merged_03072025_89",89,"constant",9,"warmer",9,FALSE,FALSE,FALSE,"Tor_putitora","Tor_putitora",2.51635485534879,0.983563007649077,0.333333333333333,0.577350269189626,12,"2.s29"
"1","s29","Akhtar","2013","Actinopterygii","Cypriniformes","Cyprinidae","Tor","putitora","golden mahseer","3.7","821.25","1642.5","7300","days","postnatal","both","NA","NA","NA","NA","843.25","873.25","30","days","30","days","NA","NA","NA","0.51339421613394221","0.53165905631659061","1.8264840182648401E-2","1.8223788118090146E-2","NA","0","days","0","temp","ambient","liver","liver","NA","not-ambiguous","1","NA","NA","NA","metabolic capacity","ATPase","adenosine triphosphatase activity","ug/mg/min","membrane-bound enzyme, accountable for the trasnport of ios through the membrane and instant realease of energy; creates energy from ATP; methods as per Post and Sen (1967)","table3",26,20,"6","celsius",25.61,4.26211215244273,6,"1.74",15.19,5.73180599811264,6,"2.34","3","yes","raw","View study_notes","merged_03072025","merged_03072025_90",90,"constant",6,"warmer",6,FALSE,FALSE,FALSE,"Tor_putitora","Tor_putitora",1.90369724483675,0.59622156479905,0.333333333333333,0.577350269189626,12,"3.s29"
"1","s29","Akhtar","2013","Actinopterygii","Cypriniformes","Cyprinidae","Tor","putitora","golden mahseer","3.7","821.25","1642.5","7300","days","postnatal","both","NA","NA","NA","NA","843.25","873.25","30","days","30","days","NA","NA","NA","0.51339421613394221","0.53165905631659061","1.8264840182648401E-2","1.8223788118090146E-2","NA","0","days","0","temp","ambient","gill","gill","NA","not-ambiguous","1","NA","NA","NA","metabolic capacity","ATPase","adenosine triphosphatase activity","ug/mg/min","membrane-bound enzyme, accountable for the trasnport of ios through the membrane and instant realease of energy; creates energy from ATP; methods as per Post and Sen (1967)","table3",26,20,"6","celsius",84.8,4.45807133186538,6,"1.82",61.95,2.93938769133981,6,"1.2","3","yes","raw","View study_notes","merged_03072025","merged_03072025_91",91,"constant",6,"warmer",6,FALSE,FALSE,FALSE,"Tor_putitora","Tor_putitora",5.58407278251763,2.2011090834582,0.333333333333333,0.577350269189626,12,"3.s29"
"1","s29","Akhtar","2013","Actinopterygii","Cypriniformes","Cyprinidae","Tor","putitora","golden mahseer","3.7","821.25","1642.5","7300","days","postnatal","both","NA","NA","NA","NA","843.25","873.25","30","days","30","days","NA","NA","NA","0.51339421613394221","0.53165905631659061","1.8264840182648401E-2","1.8223788118090146E-2","NA","0","days","0","temp","ambient","kidney","kidney","NA","not-ambiguous","1","NA","NA","NA","metabolic capacity","ATPase","adenosine triphosphatase activity","ug/mg/min","membrane-bound enzyme, accountable for the trasnport of ios through the membrane and instant realease of energy; creates energy from ATP; methods as per Post and Sen (1967)","table3",26,20,"6","celsius",107.2,14.4764843798486,6,"5.91",80.66,5.51135192126215,6,"2.25","3","yes","raw","View study_notes","merged_03072025","merged_03072025_92",92,"constant",6,"warmer",6,FALSE,FALSE,FALSE,"Tor_putitora","Tor_putitora",2.23585336640115,0.78935859867105,0.333333333333333,0.577350269189626,12,"3.s29"
"1","s29","Akhtar","2013","Actinopterygii","Cypriniformes","Cyprinidae","Tor","putitora","golden mahseer","3.7","821.25","1642.5","7300","days","postnatal","both","NA","NA","NA","NA","843.25","873.25","30","days","30","days","NA","NA","NA","0.51339421613394221","0.53165905631659061","1.8264840182648401E-2","1.8223788118090146E-2","NA","0","days","0","temp","ambient","liver","liver","NA","not-ambiguous","1","NA","NA","NA","metabolic capacity","ATPase","adenosine triphosphatase activity","ug/mg/min","membrane-bound enzyme, accountable for the trasnport of ios through the membrane and instant realease of energy; creates energy from ATP; methods as per Post and Sen (1967)","table3",23,20,"3","celsius",20.52,2.89039789648415,6,"1.18",15.19,5.73180599811264,6,"2.34","4","yes","raw","View study_notes","merged_03072025","merged_03072025_93",93,"constant",3,"warmer",3,FALSE,FALSE,FALSE,"Tor_putitora","Tor_putitora",1.08351125071096,0.479447895913504,0.333333333333333,0.577350269189626,12,"4.s29"
"1","s29","Akhtar","2013","Actinopterygii","Cypriniformes","Cyprinidae","Tor","putitora","golden mahseer","3.7","821.25","1642.5","7300","days","postnatal","both","NA","NA","NA","NA","843.25","873.25","30","days","30","days","NA","NA","NA","0.51339421613394221","0.53165905631659061","1.8264840182648401E-2","1.8223788118090146E-2","NA","0","days","0","temp","ambient","gill","gill","NA","not-ambiguous","1","NA","NA","NA","metabolic capacity","ATPase","adenosine triphosphatase activity","ug/mg/min","membrane-bound enzyme, accountable for the trasnport of ios through the membrane and instant realease of energy; creates energy from ATP; methods as per Post and Sen (1967)","table3",23,20,"3","celsius",67.74,9.23457633029258,6,"3.77",61.95,2.93938769133981,6,"1.2","4","yes","raw","View study_notes","merged_03072025","merged_03072025_94",94,"constant",3,"warmer",3,FALSE,FALSE,FALSE,"Tor_putitora","Tor_putitora",0.779655088654596,0.450630956122671,0.333333333333333,0.577350269189626,12,"4.s29"
"1","s29","Akhtar","2013","Actinopterygii","Cypriniformes","Cyprinidae","Tor","putitora","golden mahseer","3.7","821.25","1642.5","7300","days","postnatal","both","NA","NA","NA","NA","843.25","873.25","30","days","30","days","NA","NA","NA","0.51339421613394221","0.53165905631659061","1.8264840182648401E-2","1.8223788118090146E-2","NA","0","days","0","temp","ambient","kidney","kidney","NA","not-ambiguous","1","NA","NA","NA","metabolic capacity","ATPase","adenosine triphosphatase activity","ug/mg/min","membrane-bound enzyme, accountable for the trasnport of ios through the membrane and instant realease of energy; creates energy from ATP; methods as per Post and Sen (1967)","table3",23,20,"3","celsius",88.25,8.37725492031847,6,"3.42",80.66,5.51135192126215,6,"2.25","4","yes","raw","View study_notes","merged_03072025","merged_03072025_95",95,"constant",3,"warmer",3,FALSE,FALSE,FALSE,"Tor_putitora","Tor_putitora",0.987734857742304,0.456424601051112,0.333333333333333,0.577350269189626,12,"4.s29"
"1","s33","Stier","2020","Aves","Galliformes","Phasianidae","Cortunix","japonica","japanese quail","16.5","17.5","35","1642.5","days","prenatal","both","0","16.5","16.5","days","NA","NA","NA","NA","16.5","days","0","1","1","NA","NA","NA","0.48529411764705882","1","NA","days","6.0606060606060608E-2","temp","NA","erythrocyte","erythrocyte","NA","not-ambiguous","0","NA","NA","dna","oxidative damage","8-OHdG","8-hydrooxydeoxyguanosine, one of the predominant forms of free radical-induced oxidative lesions in DNA","pg/ng","Stier et al. (2019)","figure4a",38.4,37,"1.4","celsius",0.034521360974096,0.0143241460275988,9,"4.7747153425329201E-3",0.0388745966403149,0.0104175844207136,9,"3.4725281402378499E-3","1","yes","raw","View study_notes","merged_03072025","merged_03072025_96",96,"constant",1.4,"warmer",1.4,FALSE,FALSE,FALSE,"Coturnix_japonica","Coturnix_japonica",0.330992113913599,0.253748619912221,0.222222222222222,0.471404520791032,18,"1.s33"
"1","s33","Stier","2020","Aves","Galliformes","Phasianidae","Cortunix","japonica","japanese quail","16.5","17.5","35","1642.5","days","prenatal","both","0","16.5","16.5","days","NA","NA","NA","NA","16.5","days","0","1","1","NA","NA","NA","0.48529411764705882","20","NA","days","1.2121212121212122","temp","NA","erythrocyte","erythrocyte","NA","not-ambiguous","0","NA","NA","dna","oxidative damage","8-OHdG","8-hydrooxydeoxyguanosine, one of the predominant forms of free radical-induced oxidative lesions in DNA","pg/ng","Stier et al. (2019)","figure4a",38.4,37,"1.4","celsius",0.0924071160569163,0.0218925586723177,15,"5.6526343429170204E-3",0.0753587107246478,0.0173716813894882,15,"4.4853488478072698E-3","1","yes","raw","View study_notes","merged_03072025","merged_03072025_97",97,"constant",1.4,"warmer",1.4,FALSE,FALSE,FALSE,"Coturnix_japonica","Coturnix_japonica",-0.839342581924652,0.1560872017562,0.133333333333333,0.365148371670111,30,"1.s33"
"1","s33","Stier","2020","Aves","Galliformes","Phasianidae","Cortunix","japonica","japanese quail","16.5","17.5","35","1642.5","days","prenatal","both","0","16.5","16.5","days","NA","NA","NA","NA","16.5","days","0","1","1","NA","NA","NA","0.48529411764705882","60","NA","days","3.6363636363636362","temp","NA","erythrocyte","erythrocyte","NA","not-ambiguous","0","NA","NA","dna","oxidative damage","8-OHdG","8-hydrooxydeoxyguanosine, one of the predominant forms of free radical-induced oxidative lesions in DNA","pg/ng","Stier et al. (2019)","figure4a",38.4,37,"1.4","celsius",0.0787016646521287,0.0246225413997672,15,"6.3575128521733996E-3",0.0763873945622666,0.0196131886655511,15,"5.0641035378468898E-3","1","yes","raw","View study_notes","merged_03072025","merged_03072025_98",98,"constant",1.4,"warmer",1.4,FALSE,FALSE,FALSE,"Coturnix_japonica","Coturnix_japonica",-0.101154784285447,0.143048999122657,0.133333333333333,0.365148371670111,30,"1.s33"
"1","s33","Stier","2020","Aves","Galliformes","Phasianidae","Cortunix","japonica","japanese quail","16.5","17.5","35","1642.5","days","prenatal","both","0","16.5","16.5","days","NA","NA","NA","NA","16.5","days","0","1","1","NA","NA","NA","0.48529411764705882","1","NA","days","6.0606060606060608E-2","temp","NA","erythrocyte","erythrocyte","NA","not-ambiguous","0","NA","NA","dna","oxidative damage","8-OHdG","8-hydrooxydeoxyguanosine, one of the predominant forms of free radical-induced oxidative lesions in DNA","pg/ng","Stier et al. (2019)","figure4a",37.7,37,"0.7","celsius",0.04886868800219,0.0175840321797157,9,"5.8613440599052397E-3",0.0388745966403149,0.0104175844207136,9,"3.4725281402378499E-3","2","yes","raw","View study_notes","merged_03072025","merged_03072025_99",99,"constant",0.700000000000003,"warmer",0.700000000000003,FALSE,FALSE,FALSE,"Coturnix_japonica","Coturnix_japonica",-0.658515797443482,0.26667870006262,0.222222222222222,0.471404520791032,18,"2.s33"
"1","s33","Stier","2020","Aves","Galliformes","Phasianidae","Cortunix","japonica","japanese quail","16.5","17.5","35","1642.5","days","prenatal","both","0","16.5","16.5","days","NA","NA","NA","NA","16.5","days","0","1","1","NA","NA","NA","0.48529411764705882","20","NA","days","1.2121212121212122","temp","NA","erythrocyte","erythrocyte","NA","not-ambiguous","0","NA","NA","dna","oxidative damage","8-OHdG","8-hydrooxydeoxyguanosine, one of the predominant forms of free radical-induced oxidative lesions in DNA","pg/ng","Stier et al. (2019)","figure4a",37.7,37,"0.7","celsius",0.0820078255716542,0.0192084436334194,15,"4.95959881991981E-3",0.0753587107246478,0.0173716813894882,15,"4.4853488478072698E-3","2","yes","raw","View study_notes","merged_03072025","merged_03072025_100",100,"constant",0.700000000000003,"warmer",0.700000000000003,FALSE,FALSE,FALSE,"Coturnix_japonica","Coturnix_japonica",-0.353251805834792,0.145107839116323,0.133333333333333,0.365148371670111,30,"2.s33"
"1","s33","Stier","2020","Aves","Galliformes","Phasianidae","Cortunix","japonica","japanese quail","16.5","17.5","35","1642.5","days","prenatal","both","0","16.5","16.5","days","NA","NA","NA","NA","16.5","days","0","1","1","NA","NA","NA","0.48529411764705882","60","NA","days","3.6363636363636362","temp","NA","erythrocyte","erythrocyte","NA","not-ambiguous","0","NA","NA","dna","oxidative damage","8-OHdG","8-hydrooxydeoxyguanosine, one of the predominant forms of free radical-induced oxidative lesions in DNA","pg/ng","Stier et al. (2019)","figure4a",37.7,37,"0.7","celsius",0.0774990993717271,0.0200815547076658,15,"5.1850351299161899E-3",0.0763873945622666,0.0196131886655511,15,"5.0641035378468898E-3","2","yes","raw","View study_notes","merged_03072025","merged_03072025_101",101,"constant",0.700000000000003,"warmer",0.700000000000003,FALSE,FALSE,FALSE,"Coturnix_japonica","Coturnix_japonica",-0.0544927582791257,0.142910198462319,0.133333333333333,0.365148371670111,30,"2.s33"
"1","s34","Aksit","2008","Aves","Galliformes","Phasianidae","Gallus","gallus","broiler chicken","20","67.5","135","912.5","days","postnatal","male","NA","NA","NA","NA","1","35","35","days","35","days","NA","NA","NA","1.4814814814814815E-2","0.51851851851851849","0.51851851851851849","0.4","NA","0","days","0","temp","ambient","erythrocyte","erythrocyte","NA","not-ambiguous","0","NA","NA","lipids","oxidative damage","MDA","malondialdehyde activity, a secondary oxidation product","nmol/ml","measured using TBARS (thibarbituric acid reactive substances); Yagi (1984)","table5",22.6,28,"-5.4","celsius",2.99,0.379473319220205,10,"0.12",1.74,0.158113883008419,10,"0.05","1","no","least square","View study_notes","merged_03072025","merged_03072025_102",102,"constant",-5.4,"cooler",5.4,FALSE,FALSE,FALSE,"Gallus_gallus","Gallus_gallus",-4.1180048254516,0.926833139794975,0.2,0.447213595499958,20,"1.s34"
"1","s34","Aksit","2008","Aves","Galliformes","Phasianidae","Gallus","gallus","broiler chicken","20","67.5","135","912.5","days","postnatal","male","NA","NA","NA","NA","1","35","35","days","35","days","NA","NA","NA","1.4814814814814815E-2","0.51851851851851849","0.51851851851851849","0.4","NA","0","days","0","temp","ambient","plasma/serum","serum","NA","not-ambiguous","1","NA","enzymatic","NA","antioxidant","CAT","catalase activity","kU/L","Goth's colorimetric method, Goth (1991)","table5",22.6,28,"-5.4","celsius",37.24,27.9545345158885,10,"8.84",58.41,31.8757588144973,10,"10.08","1","no","least square","View study_notes","merged_03072025","merged_03072025_103",103,"constant",-5.4,"cooler",5.4,FALSE,FALSE,FALSE,"Gallus_gallus","Gallus_gallus",-0.676245180366755,0.235141602967828,0.2,0.447213595499958,20,"1.s34"
"1","s34","Aksit","2008","Aves","Galliformes","Phasianidae","Gallus","gallus","broiler chicken","20","67.5","135","912.5","days","postnatal","male","NA","NA","NA","NA","1","35","35","days","35","days","NA","NA","NA","1.4814814814814815E-2","0.51851851851851849","0.51851851851851849","0.4","NA","0","days","0","temp","ambient","plasma/serum","serum","NA","not-ambiguous","1","NA","enzymatic","NA","antioxidant","SOD","superoxide dismutase activity","U/g","erythrocyte SOD activity; Ransod kit, Radnox/sd - 125","table5",22.6,28,"-5.4","celsius",96.9,25.5195807175588,10,"8.07",105.5,25.3930896111521,10,"8.0299999999999994","1","no","least square","View study_notes","merged_03072025","merged_03072025_104",104,"constant",-5.4,"cooler",5.4,FALSE,FALSE,FALSE,"Gallus_gallus","Gallus_gallus",-0.323523940163392,0.225129731225441,0.2,0.447213595499958,20,"1.s34"
"1","s34","Aksit","2008","Aves","Galliformes","Phasianidae","Gallus","gallus","broiler chicken","20","67.5","135","912.5","days","postnatal","male","NA","NA","NA","NA","1","35","35","days","35","days","NA","NA","NA","1.4814814814814815E-2","0.51851851851851849","0.51851851851851849","0.4","NA","0","days","0","temp","ambient","erythrocyte","erythrocyte","NA","not-ambiguous","1","NA","enzymatic","NA","antioxidant","GSHpx","gluthathione peroxidase; based on reduction of GSSG (oxidized glutathione) in reduced GSH (reduced glutahtione) in the presence of NADPH promoted by glutathione reductase","U/g","estimated in haemolysates using ezyme kit Ransel, Randox/rs-504","table5",22.6,28,"-5.4","celsius",29.63,6.48266920334518,10,"2.0499999999999998",35.87,4.90153037326099,10,"1.55","1","no","least square","View study_notes","merged_03072025","merged_03072025_105",105,"constant",-5.4,"cooler",5.4,FALSE,FALSE,FALSE,"Gallus_gallus","Gallus_gallus",-1.03984442846898,0.254488339913701,0.2,0.447213595499958,20,"1.s34"
"1","s34","Aksit","2008","Aves","Galliformes","Phasianidae","Gallus","gallus","broiler chicken","20","67.5","135","912.5","days","postnatal","male","NA","NA","NA","NA","1","21","21","days","21","days","NA","NA","NA","1.4814814814814815E-2","0.31111111111111112","0.31111111111111112","0.24","NA","0","days","0","temp","ambient","erythrocyte","erythrocyte","NA","not-ambiguous","0","NA","NA","lipids","oxidative damage","MDA","malondialdehyde activity, a secondary oxidation product","nmol/ml","measured using TBARS (thibarbituric acid reactive substances); Yagi (1984)","table5",26.67,31,"-4.3299999999999983","celsius",2.73,0.505964425626941,10,"0.16",1.74,0.0948683298050514,10,"0.03","2","no","least square","View study_notes","merged_03072025","merged_03072025_106",106,"constant",-4.33,"cooler",4.33,FALSE,FALSE,FALSE,"Gallus_gallus","Gallus_gallus",-2.60454849493262,0.574363563320882,0.2,0.447213595499958,20,"2.s34"
"1","s34","Aksit","2008","Aves","Galliformes","Phasianidae","Gallus","gallus","broiler chicken","20","67.5","135","912.5","days","postnatal","male","NA","NA","NA","NA","1","21","21","days","21","days","NA","NA","NA","1.4814814814814815E-2","0.31111111111111112","0.31111111111111112","0.24","NA","0","days","0","temp","ambient","plasma/serum","serum","NA","not-ambiguous","1","NA","enzymatic","NA","antioxidant","CAT","catalase activity","kU/L","Goth's colorimetric method, Goth (1991)","table5",26.67,31,"-4.3299999999999983","celsius",91.84,32.4449687933276,10,"10.26",118.8,33.7731254105983,10,"10.68","2","no","least square","View study_notes","merged_03072025","merged_03072025_107",107,"constant",-4.33,"cooler",4.33,FALSE,FALSE,FALSE,"Gallus_gallus","Gallus_gallus",-0.779634517916863,0.239133536227927,0.2,0.447213595499958,20,"2.s34"
"1","s34","Aksit","2008","Aves","Galliformes","Phasianidae","Gallus","gallus","broiler chicken","20","67.5","135","912.5","days","postnatal","male","NA","NA","NA","NA","1","21","21","days","21","days","NA","NA","NA","1.4814814814814815E-2","0.31111111111111112","0.31111111111111112","0.24","NA","0","days","0","temp","ambient","plasma/serum","serum","NA","not-ambiguous","1","NA","enzymatic","NA","antioxidant","SOD","superoxide dismutase activity","U/g","erythrocyte SOD activity; Ransod kit, Radnox/sd - 125","table5",26.67,31,"-4.3299999999999983","celsius",96.8,22.4205486105938,10,"7.09",102.9,42.2164067632479,10,"13.35","2","no","least square","View study_notes","merged_03072025","merged_03072025_108",108,"constant",-4.33,"cooler",4.33,FALSE,FALSE,FALSE,"Gallus_gallus","Gallus_gallus",-0.172828697297376,0.223312135158737,0.2,0.447213595499958,20,"2.s34"
"1","s34","Aksit","2008","Aves","Galliformes","Phasianidae","Gallus","gallus","broiler chicken","20","67.5","135","912.5","days","postnatal","male","NA","NA","NA","NA","1","21","21","days","21","days","NA","NA","NA","1.4814814814814815E-2","0.31111111111111112","0.31111111111111112","0.24","NA","0","days","0","temp","ambient","erythrocyte","erythrocyte","NA","not-ambiguous","1","NA","enzymatic","NA","antioxidant","GSHpx","gluthathione peroxidase; based on reduction of GSSG (oxidized glutathione) in reduced GSH (reduced glutahtione) in the presence of NADPH promoted by glutathione reductase","U/g","estimated in haemolysates using ezyme kit Ransel, Randox/rs-504","table5",26.67,31,"-4.3299999999999983","celsius",28.72,5.69209978830308,10,"1.8",36.47,8.50652690585294,10,"2.69","2","no","least square","View study_notes","merged_03072025","merged_03072025_109",109,"constant",-4.33,"cooler",4.33,FALSE,FALSE,FALSE,"Gallus_gallus","Gallus_gallus",-1.02546791186872,0.255683156919764,0.2,0.447213595499958,20,"2.s34"
"1","s35","Ale","2021","Actinopterygii","Characiformes","Serrasalmidae","Piaractus","mesopotamicus","pacu","0.71","365","730",NA,"days","postnatal","both","NA","NA","NA","NA","439","440","1","days","1","days","NA","NA","NA","0.60136986301369866","0.60273972602739723","1.3698630136986301E-3","1.3685319757496134E-3","NA","0","days","0","temp","ambient","liver","liver","NA","not-ambiguous","1","NA","enzymatic","NA","antioxidant","SOD","superoxide dismutase activity","U/mg","Misra and Fridovich (1972)","table4",14,24,"-10","celsius",44.57,19.11,9,"6.37",14.81,5.88,9,"1.96","1","no","raw","View study_notes","merged_03072025","merged_03072025_110",110,"constant",-10,"cooler",10,FALSE,FALSE,FALSE,"Piaractus_mesopotamicus","Piaractus_mesopotamicus",2.00446028579898,0.46143663534182,0.222222222222222,0.471404520791032,18,"1.s35"
"1","s35","Ale","2021","Actinopterygii","Characiformes","Serrasalmidae","Piaractus","mesopotamicus","pacu","0.71","365","730",NA,"days","postnatal","both","NA","NA","NA","NA","439","440","1","days","1","days","NA","NA","NA","0.60136986301369866","0.60273972602739723","1.3698630136986301E-3","1.3685319757496134E-3","NA","0","days","0","temp","ambient","liver","liver","NA","not-ambiguous","1","NA","enzymatic","NA","antioxidant","CAT","catalase activity","U/mg","Beutler (1982)","table4",14,24,"-10","celsius",40.01,10.41,9,"3.47",42.26,11.82,9,"3.94","1","no","raw","View study_notes","merged_03072025","merged_03072025_111",111,"constant",-10,"cooler",10,FALSE,FALSE,FALSE,"Piaractus_mesopotamicus","Piaractus_mesopotamicus",-0.192377347307055,0.251174995086408,0.222222222222222,0.471404520791032,18,"1.s35"
"1","s35","Ale","2021","Actinopterygii","Characiformes","Serrasalmidae","Piaractus","mesopotamicus","pacu","0.71","365","730",NA,"days","postnatal","both","NA","NA","NA","NA","439","440","1","days","1","days","NA","NA","NA","0.60136986301369866","0.60273972602739723","1.3698630136986301E-3","1.3685319757496134E-3","NA","0","days","0","temp","ambient","liver","liver","NA","not-ambiguous","1","NA","enzymatic","NA","antioxidant","GST","glutathione-S-transferase activity","mU/mg","Habig et al. (1974)","table4",14,24,"-10","celsius",162.3,44.01,9,"14.67",178.5,74.16,9,"24.72","1","no","raw","View study_notes","merged_03072025","merged_03072025_112",112,"constant",-10,"cooler",10,FALSE,FALSE,FALSE,"Piaractus_mesopotamicus","Piaractus_mesopotamicus",-0.252985685826182,0.252459130131941,0.222222222222222,0.471404520791032,18,"1.s35"
"1","s35","Ale","2021","Actinopterygii","Characiformes","Serrasalmidae","Piaractus","mesopotamicus","pacu","0.71","365","730",NA,"days","postnatal","both","NA","NA","NA","NA","439","440","1","days","1","days","NA","NA","NA","0.60136986301369866","0.60273972602739723","1.3698630136986301E-3","1.3685319757496134E-3","NA","0","days","0","temp","ambient","liver","liver","NA","not-ambiguous","1","NA","enzymatic","NA","antioxidant","Grx","glutathione reductase activity (GR)","mU/mg","Tanaka et al. (1994); oxidation of NADPH","table4",14,24,"-10","celsius",67.36,33.42,9,"11.14",33.98,15.24,9,"5.08","1","no","raw","View study_notes","merged_03072025","merged_03072025_113",113,"constant",-10,"cooler",10,FALSE,FALSE,FALSE,"Piaractus_mesopotamicus","Piaractus_mesopotamicus",1.22383620760098,0.316929064113285,0.222222222222222,0.471404520791032,18,"1.s35"
"1","s35","Ale","2021","Actinopterygii","Characiformes","Serrasalmidae","Piaractus","mesopotamicus","pacu","0.71","365","730",NA,"days","postnatal","both","NA","NA","NA","NA","439","440","1","days","1","days","NA","NA","NA","0.60136986301369866","0.60273972602739723","1.3698630136986301E-3","1.3685319757496134E-3","NA","0","days","0","temp","ambient","liver","liver","NA","not-ambiguous","0","NA","NA","lipids","oxidative damage","TBARS","lipid peroxidation; measured by the formation of thiobarbituric reactive substances (TBARS)","nmol/mg","Yagi (1976)","table4",14,24,"-10","celsius",0.27,0.0244948974278318,6,"0.01",0.18,0.0244948974278318,6,"0.01","1","no","raw","View study_notes","merged_03072025","merged_03072025_114",114,"constant",-10,"cooler",10,FALSE,FALSE,FALSE,"Piaractus_mesopotamicus","Piaractus_mesopotamicus",-3.3903838531864,0.974735133597352,0.333333333333333,0.577350269189626,12,"1.s35"
"1","s35","Ale","2021","Actinopterygii","Characiformes","Serrasalmidae","Piaractus","mesopotamicus","pacu","0.71","365","730",NA,"days","postnatal","both","NA","NA","NA","NA","439","440","1","days","1","days","NA","NA","NA","0.60136986301369866","0.60273972602739723","1.3698630136986301E-3","1.3685319757496134E-3","NA","0","days","0","temp","ambient","gill","gill","NA","not-ambiguous","1","NA","enzymatic","NA","antioxidant","SOD","superoxide dismutase activity","U/mg","Misra and Fridovich (1972)","table4",14,24,"-10","celsius",129.39,17.85,9,"5.95",101.31,16.62,9,"5.54","1","no","raw","View study_notes","merged_03072025","merged_03072025_115",115,"constant",-10,"cooler",10,FALSE,FALSE,FALSE,"Piaractus_mesopotamicus","Piaractus_mesopotamicus",1.55046593990555,0.32550491233093,0.222222222222222,0.471404520791032,18,"1.s35"
"1","s35","Ale","2021","Actinopterygii","Characiformes","Serrasalmidae","Piaractus","mesopotamicus","pacu","0.71","365","730",NA,"days","postnatal","both","NA","NA","NA","NA","439","440","1","days","1","days","NA","NA","NA","0.60136986301369866","0.60273972602739723","1.3698630136986301E-3","1.3685319757496134E-3","NA","0","days","0","temp","ambient","gill","gill","NA","not-ambiguous","1","NA","enzymatic","NA","antioxidant","CAT","catalase activity","U/mg","Beutler (1982)","table4",14,24,"-10","celsius",1.39,0.42,9,"0.14000000000000001",1.03,0.12,9,"0.04","1","no","raw","View study_notes","merged_03072025","merged_03072025_116",116,"constant",-10,"cooler",10,FALSE,FALSE,FALSE,"Piaractus_mesopotamicus","Piaractus_mesopotamicus",1.10989282454515,0.316247122021581,0.222222222222222,0.471404520791032,18,"1.s35"
"1","s35","Ale","2021","Actinopterygii","Characiformes","Serrasalmidae","Piaractus","mesopotamicus","pacu","0.71","365","730",NA,"days","postnatal","both","NA","NA","NA","NA","439","440","1","days","1","days","NA","NA","NA","0.60136986301369866","0.60273972602739723","1.3698630136986301E-3","1.3685319757496134E-3","NA","0","days","0","temp","ambient","gill","gill","NA","not-ambiguous","1","NA","enzymatic","NA","antioxidant","GST","glutathione-S-transferase activity","mU/mg","Habig et al. (1974)","table4",14,24,"-10","celsius",78,14.31,9,"4.7699999999999996",70.41,3.9,9,"1.3","1","no","raw","View study_notes","merged_03072025","merged_03072025_117",117,"constant",-10,"cooler",10,FALSE,FALSE,FALSE,"Piaractus_mesopotamicus","Piaractus_mesopotamicus",0.689147022001079,0.275861948324834,0.222222222222222,0.471404520791032,18,"1.s35"
"1","s35","Ale","2021","Actinopterygii","Characiformes","Serrasalmidae","Piaractus","mesopotamicus","pacu","0.71","365","730",NA,"days","postnatal","both","NA","NA","NA","NA","439","440","1","days","1","days","NA","NA","NA","0.60136986301369866","0.60273972602739723","1.3698630136986301E-3","1.3685319757496134E-3","NA","0","days","0","temp","ambient","gill","gill","NA","not-ambiguous","1","NA","enzymatic","NA","antioxidant","Grx","glutathione reductase activity (GR)","mU/mg","Tanaka et al. (1994); oxidation of NADPH","table4",14,24,"-10","celsius",12.84,2.13,9,"0.71",10.95,0.87,9,"0.28999999999999998","1","no","raw","View study_notes","merged_03072025","merged_03072025_118",118,"constant",-10,"cooler",10,FALSE,FALSE,FALSE,"Piaractus_mesopotamicus","Piaractus_mesopotamicus",1.10623085456386,0.307740085880349,0.222222222222222,0.471404520791032,18,"1.s35"
"1","s35","Ale","2021","Actinopterygii","Characiformes","Serrasalmidae","Piaractus","mesopotamicus","pacu","0.71","365","730",NA,"days","postnatal","both","NA","NA","NA","NA","439","440","1","days","1","days","NA","NA","NA","0.60136986301369866","0.60273972602739723","1.3698630136986301E-3","1.3685319757496134E-3","NA","0","days","0","temp","ambient","gill","gill","NA","not-ambiguous","0","NA","NA","lipids","oxidative damage","TBARS","lipid peroxidation; measured by the formation of thiobarbituric reactive substances (TBARS)","nmol/mg","Yagi (1976)","table4",14,24,"-10","celsius",1.03,0.220454076850486,6,"0.09",0.94,0.220454076850486,6,"0.09","1","no","raw","View study_notes","merged_03072025","merged_03072025_119",119,"constant",-10,"cooler",10,FALSE,FALSE,FALSE,"Piaractus_mesopotamicus","Piaractus_mesopotamicus",-0.376709317020711,0.40709549547651,0.333333333333333,0.577350269189626,12,"1.s35"
"1","s35","Ale","2021","Actinopterygii","Characiformes","Serrasalmidae","Piaractus","mesopotamicus","pacu","0.71","365","730",NA,"days","postnatal","both","NA","NA","NA","NA","439","440","1","days","1","days","NA","NA","NA","0.60136986301369866","0.60273972602739723","1.3698630136986301E-3","1.3685319757496134E-3","NA","0","days","0","temp","ambient","muscle","skeletal muscle","NA","not-ambiguous","1","NA","enzymatic","NA","antioxidant","SOD","superoxide dismutase activity","U/mg","Misra and Fridovich (1972)","table4",14,24,"-10","celsius",12.88,3.27,9,"1.0900000000000001",14.52,5.7,9,"1.9","1","no","raw","View study_notes","merged_03072025","merged_03072025_120",120,"constant",-10,"cooler",10,FALSE,FALSE,FALSE,"Piaractus_mesopotamicus","Piaractus_mesopotamicus",-0.336090064377783,0.254429254971966,0.222222222222222,0.471404520791032,18,"1.s35"
"1","s35","Ale","2021","Actinopterygii","Characiformes","Serrasalmidae","Piaractus","mesopotamicus","pacu","0.71","365","730",NA,"days","postnatal","both","NA","NA","NA","NA","439","440","1","days","1","days","NA","NA","NA","0.60136986301369866","0.60273972602739723","1.3698630136986301E-3","1.3685319757496134E-3","NA","0","days","0","temp","ambient","muscle","skeletal muscle","NA","not-ambiguous","1","NA","enzymatic","NA","antioxidant","CAT","catalase activity","U/mg","Beutler (1982)","table4",14,24,"-10","celsius",0.85,0.18,9,"0.06",0.94,0.36,9,"0.12","1","no","raw","View study_notes","merged_03072025","merged_03072025_121",121,"constant",-10,"cooler",10,FALSE,FALSE,FALSE,"Piaractus_mesopotamicus","Piaractus_mesopotamicus",-0.301129102861147,0.253853846305073,0.222222222222222,0.471404520791032,18,"1.s35"
"1","s35","Ale","2021","Actinopterygii","Characiformes","Serrasalmidae","Piaractus","mesopotamicus","pacu","0.71","365","730",NA,"days","postnatal","both","NA","NA","NA","NA","439","440","1","days","1","days","NA","NA","NA","0.60136986301369866","0.60273972602739723","1.3698630136986301E-3","1.3685319757496134E-3","NA","0","days","0","temp","ambient","muscle","skeletal muscle","NA","not-ambiguous","1","NA","enzymatic","NA","antioxidant","GST","glutathione-S-transferase activity","mU/mg","Habig et al. (1974)","table4",14,24,"-10","celsius",13.06,2.67,9,"0.89",11.51,2.46,9,"0.82","1","no","raw","View study_notes","merged_03072025","merged_03072025_122",122,"constant",-10,"cooler",10,FALSE,FALSE,FALSE,"Piaractus_mesopotamicus","Piaractus_mesopotamicus",0.574954508116923,0.260399408755846,0.222222222222222,0.471404520791032,18,"1.s35"
"1","s35","Ale","2021","Actinopterygii","Characiformes","Serrasalmidae","Piaractus","mesopotamicus","pacu","0.71","365","730",NA,"days","postnatal","both","NA","NA","NA","NA","439","440","1","days","1","days","NA","NA","NA","0.60136986301369866","0.60273972602739723","1.3698630136986301E-3","1.3685319757496134E-3","NA","0","days","0","temp","ambient","muscle","skeletal muscle","NA","not-ambiguous","1","NA","enzymatic","NA","antioxidant","Grx","glutathione reductase activity (GR)","mU/mg","Tanaka et al. (1994); oxidation of NADPH","table4",14,24,"-10","celsius",4.89,0.9,9,"0.3",5.67,2.16,9,"0.72","1","no","raw","View study_notes","merged_03072025","merged_03072025_123",123,"constant",-10,"cooler",10,FALSE,FALSE,FALSE,"Piaractus_mesopotamicus","Piaractus_mesopotamicus",-0.448896762667368,0.259419354346341,0.222222222222222,0.471404520791032,18,"1.s35"
"1","s35","Ale","2021","Actinopterygii","Characiformes","Serrasalmidae","Piaractus","mesopotamicus","pacu","0.71","365","730",NA,"days","postnatal","both","NA","NA","NA","NA","439","440","1","days","1","days","NA","NA","NA","0.60136986301369866","0.60273972602739723","1.3698630136986301E-3","1.3685319757496134E-3","NA","0","days","0","temp","ambient","muscle","skeletal muscle","NA","not-ambiguous","0","NA","NA","lipids","oxidative damage","TBARS","lipid peroxidation; measured by the formation of thiobarbituric reactive substances (TBARS)","nmol/mg","Yagi (1976)","table4",14,24,"-10","celsius",0.085,0.0146969384566991,6,"6.0000000000000001E-3",0.085,0.0171464281994822,6,"7.0000000000000001E-3","1","no","raw","View study_notes","merged_03072025","merged_03072025_124",124,"constant",-10,"cooler",10,FALSE,FALSE,FALSE,"Piaractus_mesopotamicus","Piaractus_mesopotamicus",0,0.4,0.333333333333333,0.577350269189626,12,"1.s35"
"1","s36","Berntsen","2021","Aves","Passeriformes","Estrildidae","Taeniopygia","guttata","zebra finch","13","19","80","2372.5","days","prenatal","both","6","13","8","days","NA","NA","NA","NA","8","days","0.46153846153846156","1","0.61538461538461542","NA","NA","NA","0.25","45","NA","days","3.4615384615384617","temp","ambient","plasma/serum","plasma","NA","not-ambiguous","0","NA","NA","general","oxidative damage","ROM","Reactive oxygen metabolites, measured as hydroperoxides and referred to as ROMs","mmol/L","Alberti et al. (2000); Brambilla et al. (2001)","figure3",35.9,37.9,"-2","celsius",0.296292428331812,0.163378854794961,20,"3.653262254076E-2",0.276929769430353,0.154036331432608,29,"2.8603828656930601E-2","1","yes","raw","View study_notes","merged_03072025","merged_03072025_125",125,"constant",-2,"cooler",2,FALSE,FALSE,FALSE,"Taeniopygia_guttata","Taeniopygia_guttata",-0.119991126561079,0.0895039910785483,0.0844827586206897,0.29065917948809,47.3469387755102,"1.s36"
"1","s36","Berntsen","2021","Aves","Passeriformes","Estrildidae","Taeniopygia","guttata","zebra finch","13","19","80","2372.5","days","prenatal","both","6","13","8","days","NA","NA","NA","NA","8","days","0.46153846153846156","1","0.61538461538461542","NA","NA","NA","0.25","145","NA","days","11.153846153846153","temp","ambient","plasma/serum","plasma","NA","not-ambiguous","0","NA","NA","general","oxidative damage","ROM","Reactive oxygen metabolites, measured as hydroperoxides and referred to as ROMs","mmol/L","Alberti et al. (2000); Brambilla et al. (2001)","figure3",35.9,37.9,"-2","celsius",0.435697997870751,0.173216144297236,16,"4.3304036074308903E-2",0.297499117602125,0.150027756303891,24,"3.06242875165963E-2","1","yes","raw","View study_notes","merged_03072025","merged_03072025_126",126,"constant",-2,"cooler",2,FALSE,FALSE,FALSE,"Taeniopygia_guttata","Taeniopygia_guttata",-0.835919734037062,0.123849655750647,0.104166666666667,0.322748612183951,38.4,"1.s36"
"1","s36","Berntsen","2021","Aves","Passeriformes","Estrildidae","Taeniopygia","guttata","zebra finch","13","19","80","2372.5","days","prenatal","both","6","13","8","days","NA","NA","NA","NA","8","days","0.46153846153846156","1","0.61538461538461542","NA","NA","NA","0.25","45","NA","days","3.4615384615384617","temp","ambient","plasma/serum","plasma","NA","not-ambiguous","0","NA","NA","general","oxidative damage","ROM","Reactive oxygen metabolites, measured as hydroperoxides and referred to as ROMs","mmol/L","Alberti et al. (2000); Brambilla et al. (2001)","figure3",37,37.9,"-0.9","celsius",0.291064631793155,0.165094942749577,20,"3.6916351472948902E-2",0.276929769430353,0.154036331432608,29,"2.8603828656930601E-2","2","yes","raw","View study_notes","merged_03072025","merged_03072025_127",127,"constant",-0.899999999999999,"cooler",0.899999999999999,FALSE,FALSE,FALSE,"Taeniopygia_guttata","Taeniopygia_guttata",-0.0871086936808569,0.0896033206530922,0.0844827586206897,0.29065917948809,47.3469387755102,"2.s36"
"1","s36","Berntsen","2021","Aves","Passeriformes","Estrildidae","Taeniopygia","guttata","zebra finch","13","19","80","2372.5","days","prenatal","both","6","13","8","days","NA","NA","NA","NA","8","days","0.46153846153846156","1","0.61538461538461542","NA","NA","NA","0.25","145","NA","days","11.153846153846153","temp","ambient","plasma/serum","plasma","NA","not-ambiguous","0","NA","NA","general","oxidative damage","ROM","Reactive oxygen metabolites, measured as hydroperoxides and referred to as ROMs","mmol/L","Alberti et al. (2000); Brambilla et al. (2001)","figure3",37,37.9,"-0.9","celsius",0.341363160675047,0.167997286987529,15,"4.3376712980715097E-2",0.297499117602125,0.150027756303891,24,"3.06242875165963E-2","2","yes","raw","View study_notes","merged_03072025","merged_03072025_128",128,"constant",-0.899999999999999,"cooler",0.899999999999999,FALSE,FALSE,FALSE,"Taeniopygia_guttata","Taeniopygia_guttata",-0.269786371120606,0.119171350697885,0.108333333333333,0.329140294302192,36.9230769230769,"2.s36"
"1","s39","Baker","2007","Reptilia","Testudines","Cryptodira","Chrysemys","picta","North American painted turtle","75","1551.25","3102.5","21900","days","postnatal","both","NA","NA","NA","NA","127","129","2","days","2","days","NA","NA","NA","4.0934730056406125E-2","4.1579371474617245E-2","6.4464141821112008E-4","6.2942564909520063E-4","NA","1","days","6.4464141821112008E-4","temp","ambient","plasma/serum","plasma","NA","not-ambiguous","1","NA","general","NA","antioxidant","TAR","antioxidant capacity, sum of antioxidant defenses; antioxidant capacity expressed in terms of Trolox equivalents","nmol/ml","Antioxidant Assay, Cayman Chemical; Schlesier et al. (2002)","table1",-6,4,"-10","celsius",0.7,0.238117617995813,7,"0.09",0.65,0.13228756555323,7,"0.05","1","no","raw","View study_notes","merged_03072025","merged_03072025_129",129,"constant",-10,"cooler",10,FALSE,FALSE,FALSE,"Chrysemys_picta","Chrysemys_picta",0.242958391591738,0.336479328448753,0.285714285714286,0.534522483824849,14,"1.s39"
"1","s39","Baker","2007","Reptilia","Testudines","Cryptodira","Chrysemys","picta","North American painted turtle","75","1551.25","3102.5","21900","days","postnatal","both","NA","NA","NA","NA","127","129","2","days","2","days","NA","NA","NA","4.0934730056406125E-2","4.1579371474617245E-2","6.4464141821112008E-4","6.2942564909520063E-4","NA","1","days","6.4464141821112008E-4","temp","ambient","brain","brain","NA","not-ambiguous","1","NA","general","NA","antioxidant","TAR","antioxidant capacity, sum of antioxidant defenses; antioxidant capacity expressed in terms of Trolox equivalents","nmol/ml","Antioxidant Assay, Cayman Chemical; Schlesier et al. (2002)","table1",-6,4,"-10","celsius",0.03,0.0264575131106459,7,"0.01",0.03,0.0264575131106459,7,"0.01","1","no","raw","View study_notes","merged_03072025","merged_03072025_130",130,"constant",-10,"cooler",10,FALSE,FALSE,FALSE,"Chrysemys_picta","Chrysemys_picta",0,0.333333333333333,0.285714285714286,0.534522483824849,14,"1.s39"
"1","s39","Baker","2007","Reptilia","Testudines","Cryptodira","Chrysemys","picta","North American painted turtle","75","1551.25","3102.5","21900","days","postnatal","both","NA","NA","NA","NA","127","129","2","days","2","days","NA","NA","NA","4.0934730056406125E-2","4.1579371474617245E-2","6.4464141821112008E-4","6.2942564909520063E-4","NA","1","days","6.4464141821112008E-4","temp","ambient","liver","liver","NA","not-ambiguous","1","NA","general","NA","antioxidant","TAR","antioxidant capacity, sum of antioxidant defenses; antioxidant capacity expressed in terms of Trolox equivalents","nmol/ml","Antioxidant Assay, Cayman Chemical; Schlesier et al. (2002)","table1",-6,4,"-10","celsius",0.14,0.0793725393319377,7,"0.03",0.13,0.0529150262212918,7,"0.02","1","no","raw","View study_notes","merged_03072025","merged_03072025_131",131,"constant",-10,"cooler",10,FALSE,FALSE,FALSE,"Chrysemys_picta","Chrysemys_picta",0.138753247332794,0.33425418588442,0.285714285714286,0.534522483824849,14,"1.s39"
"1","s39","Baker","2007","Reptilia","Testudines","Cryptodira","Chrysemys","picta","North American painted turtle","75","1551.25","3102.5","21900","days","postnatal","both","NA","NA","NA","NA","127","129","2","days","2","days","NA","NA","NA","4.0934730056406125E-2","4.1579371474617245E-2","6.4464141821112008E-4","6.2942564909520063E-4","NA","1","days","6.4464141821112008E-4","temp","ambient","plasma/serum","plasma","NA","not-ambiguous","0","NA","NA","lipids","oxidative damage","TBARS","thiobarbituric acid reactive substances, oxidative damage","nmol/mg","OXItek assay kit","table2",-6,4,"-10","celsius",8,2.64575131106459,7,"1",7.8,0.0529150262212918,7,"0.02","1","no","raw","View study_notes","merged_03072025","merged_03072025_132",132,"constant",-10,"cooler",10,FALSE,FALSE,FALSE,"Chrysemys_picta","Chrysemys_picta",-0.100036384302572,0.33416660656355,0.285714285714286,0.534522483824849,14,"1.s39"
"1","s39","Baker","2007","Reptilia","Testudines","Cryptodira","Chrysemys","picta","North American painted turtle","75","1551.25","3102.5","21900","days","postnatal","both","NA","NA","NA","NA","127","129","2","days","2","days","NA","NA","NA","4.0934730056406125E-2","4.1579371474617245E-2","6.4464141821112008E-4","6.2942564909520063E-4","NA","1","days","6.4464141821112008E-4","temp","ambient","brain","brain","NA","not-ambiguous","0","NA","NA","lipids","oxidative damage","TBARS","thiobarbituric acid reactive substances, oxidative damage","nmol/mg","OXItek assay kit","table2",-6,4,"-10","celsius",0.8,0.264575131106459,7,"0.1",0.8,0.264575131106459,7,"0.1","1","no","raw","View study_notes","merged_03072025","merged_03072025_133",133,"constant",-10,"cooler",10,FALSE,FALSE,FALSE,"Chrysemys_picta","Chrysemys_picta",0,0.333333333333333,0.285714285714286,0.534522483824849,14,"1.s39"
"1","s39","Baker","2007","Reptilia","Testudines","Cryptodira","Chrysemys","picta","North American painted turtle","75","1551.25","3102.5","21900","days","postnatal","both","NA","NA","NA","NA","127","129","2","days","2","days","NA","NA","NA","4.0934730056406125E-2","4.1579371474617245E-2","6.4464141821112008E-4","6.2942564909520063E-4","NA","1","days","6.4464141821112008E-4","temp","ambient","liver","liver","NA","not-ambiguous","0","NA","NA","lipids","oxidative damage","TBARS","thiobarbituric acid reactive substances, oxidative damage","nmol/mg","OXItek assay kit","table2",-6,4,"-10","celsius",1.1,0.264575131106459,7,"0.1",0.9,0.264575131106459,7,"0.1","1","no","raw","View study_notes","merged_03072025","merged_03072025_134",134,"constant",-10,"cooler",10,FALSE,FALSE,FALSE,"Chrysemys_picta","Chrysemys_picta",-0.707505515724283,0.354190168949178,0.285714285714286,0.534522483824849,14,"1.s39"
"1","s39","Baker","2007","Reptilia","Testudines","Cryptodira","Chrysemys","picta","North American painted turtle","75","1551.25","3102.5","21900","days","postnatal","both","NA","NA","NA","NA","127","129","2","days","2","days","NA","NA","NA","4.0934730056406125E-2","4.1579371474617245E-2","6.4464141821112008E-4","6.2942564909520063E-4","NA","1","days","6.4464141821112008E-4","temp","ambient","brain","brain","NA","not-ambiguous","0","NA","NA","proteins","oxidative damage","protein carbonyls","markers of oxidative damage to proteins formed during oxidative stress","nmol/mg","Reznick and Packer (1994)","table3",-6,4,"-10","celsius",2.6,1.3228756555323,7,"0.5",3.7,1.05830052442584,7,"0.4","1","no","raw","View study_notes","merged_03072025","merged_03072025_135",135,"constant",-10,"cooler",10,FALSE,FALSE,FALSE,"Chrysemys_picta","Chrysemys_picta",0.859440051885842,0.365592870099844,0.285714285714286,0.534522483824849,14,"1.s39"
"1","s39","Baker","2007","Reptilia","Testudines","Cryptodira","Chrysemys","picta","North American painted turtle","75","1551.25","3102.5","21900","days","postnatal","both","NA","NA","NA","NA","127","129","2","days","2","days","NA","NA","NA","4.0934730056406125E-2","4.1579371474617245E-2","6.4464141821112008E-4","6.2942564909520063E-4","NA","1","days","6.4464141821112008E-4","temp","ambient","liver","liver","NA","not-ambiguous","0","NA","NA","proteins","oxidative damage","protein carbonyls","markers of oxidative damage to proteins formed during oxidative stress","nmol/mg","Reznick and Packer (1994)","table3",-6,4,"-10","celsius",2.3,0.529150262212918,7,"0.2",2.2,0.529150262212918,7,"0.2","1","no","raw","View study_notes","merged_03072025","merged_03072025_136",136,"constant",-10,"cooler",10,FALSE,FALSE,FALSE,"Chrysemys_picta","Chrysemys_picta",-0.17687637893107,0.334636885559324,0.285714285714286,0.534522483824849,14,"1.s39"
"1","s40","Madeira","2016","Actinopterygii","Perciformes","Sparidae","Sparus","aurata","gilt-head seabream","2.5","182.5","365",NA,"days","postnatal","both","NA","NA","NA","NA","12","13","1","days","1","days","NA","NA","NA","3.287671232876712E-2","3.5616438356164383E-2","2.7397260273972603E-3","2.7210884353741495E-3","NA","0","days","0","temp","ambient","whole body","whole body","NA","not-ambiguous","1","NA","enzymatic","NA","antioxidant","CAT","catalase","nmol/min/mg","Borg (1988)","figure3b",24,18,"6","celsius",2.37854100602517,1.8262183684555,2,"1.29133139226232",1.85074913512564,0.77133623025176,2,"0.54541707898588798","1","no","raw","View study_notes","merged_03072025","merged_03072025_137",137,"constant",6,"warmer",6,FALSE,FALSE,FALSE,"Sparus_aurata","Sparus_aurata",0.212424524008377,2.01676500291565,1,1,4,"1.s40"
"1","s40","Madeira","2016","Actinopterygii","Perciformes","Sparidae","Sparus","aurata","gilt-head seabream","2.5","182.5","365",NA,"days","postnatal","both","NA","NA","NA","NA","12","13","1","days","1","days","NA","NA","NA","3.287671232876712E-2","3.5616438356164383E-2","2.7397260273972603E-3","2.7210884353741495E-3","NA","0","days","0","temp","ambient","whole body","whole body","NA","not-ambiguous","1","NA","enzymatic","NA","antioxidant","GST","glutathione-S-transferase","nmom/min/mg","Habig et al. (1974)","figure3b",24,18,"6","celsius",122.347130165995,23.5331748045605,2,"16.640467487153099",181.724523149315,9.94407451739301,2,"7.0315225238729404","2","no","raw","View study_notes","merged_03072025","merged_03072025_138",138,"constant",6,"warmer",6,FALSE,FALSE,FALSE,"Sparus_aurata","Sparus_aurata",-1.85441130421671,3.27736042867296,1,1,4,"2.s40"
"1","s40","Madeira","2016","Actinopterygii","Perciformes","Sparidae","Sparus","aurata","gilt-head seabream","2.5","182.5","365",NA,"days","postnatal","both","NA","NA","NA","NA","12","13","1","days","1","days","NA","NA","NA","3.287671232876712E-2","3.5616438356164383E-2","2.7397260273972603E-3","2.7210884353741495E-3","NA","0","days","0","temp","ambient","whole body","whole body","NA","not-ambiguous","1","NA","enzymatic","NA","antioxidant","SOD","superoxide dismutase","percent/mg","Sun et al. (1988)","figure3b",24,18,"6","celsius",65.9692878028357,20.5604182527203,2,"14.5384111705302",57.7125093001733,1.26254455762485,2,"0.89275381824670097","3","no","raw","View study_notes","merged_03072025","merged_03072025_139",139,"constant",6,"warmer",6,FALSE,FALSE,FALSE,"Sparus_aurata","Sparus_aurata",0.319816951496577,2.05075864874047,1,1,4,"3.s40"
"1","s40","Madeira","2016","Actinopterygii","Perciformes","Sparidae","Sparus","aurata","gilt-head seabream","2.5","182.5","365",NA,"days","postnatal","both","NA","NA","NA","NA","12","13","1","days","1","days","NA","NA","NA","3.287671232876712E-2","3.5616438356164383E-2","2.7397260273972603E-3","2.7210884353741495E-3","NA","0","days","0","temp","ambient","whole body","whole body","NA","not-ambiguous","0","NA","NA","lipids","oxidative damage","MDA","lipid peroxidation; measured by the formation of thiobarbituric reactive substances (TBARS)","nmol/mg","TBARS assay; Uchiyama and Mihara (1978) and Madeira et al. (2013)","figure3c",24,18,"6","celsius",0.0486495389365221,0.0262695259792257,2,"1.8575359958466701E-2",0.0405304750963874,0.00950671998890582,2,"6.7222661709969997E-3","4","no","raw","View study_notes","merged_03072025","merged_03072025_140",140,"constant",6,"warmer",6,FALSE,FALSE,FALSE,"Sparus_aurata","Sparus_aurata",-0.231883101990409,2.02137939095674,1,1,4,"4.s40"
"1","s40","Madeira","2016","Actinopterygii","Perciformes","Sparidae","Sparus","aurata","gilt-head seabream","2.5","182.5","365",NA,"days","postnatal","both","NA","NA","NA","NA","12","13","1","days","1","days","NA","NA","NA","3.287671232876712E-2","3.5616438356164383E-2","2.7397260273972603E-3","2.7210884353741495E-3","NA","0","days","0","temp","ambient","whole body","whole body","NA","not-ambiguous","0","NA","NA","proteins","oxidative damage","protein carbonyls","protein carbonylation","unitless","ELISA from Alamdari et al. (2005)","figure3c",24,18,"6","celsius",0.826341798946596,0.115215742444708,2,"8.1469832782096102E-2",1.00123120053667,0.0967549112039814,2,"6.8416053825437501E-2","5","no","raw","View study_notes","merged_03072025","merged_03072025_141",141,"constant",6,"warmer",6,FALSE,FALSE,FALSE,"Sparus_aurata","Sparus_aurata",0.92747450958682,2.2214789954295,1,1,4,"5.s40"
"1","s41","Madeira","2016b","Actinopterygii","Perciformes","Sparidae","Sparus","aurata","gilt-head seabream","2.5","182.5","365",NA,"days","postnatal","both","NA","NA","NA","NA","189.5","190","0.66666666666666663","days","0.66666666666666663","days","NA","NA","NA","0.51917808219178085","0.52054794520547942","1.8264840182648401E-3","1.8140589569160996E-3","NA","0","days","0","temp","ambient","gill","gill","NA","not-ambiguous","1","NA","enzymatic","NA","antioxidant","CAT","catalase","nmol/min/mg","Beers and Sizer (1952), Aebi (1983); Li and Schellhorn (2007)","figure1a",26.75,18,"8.75","celsius",107.89802448003,50.3471071203987,6,"20.5541204117037",12.5990433037611,7.01834997082693,6,"2.8652293774672","1","no","raw","View study_notes","merged_03072025","merged_03072025_142",142,"constant",8.75,"warmer",8.75,FALSE,FALSE,FALSE,"Sparus_aurata","Sparus_aurata",2.44642302983765,0.976116638422224,0.333333333333333,0.577350269189626,12,"1.s41"
"1","s41","Madeira","2016b","Actinopterygii","Perciformes","Sparidae","Sparus","aurata","gilt-head seabream","2.5","182.5","365",NA,"days","postnatal","both","NA","NA","NA","NA","189.5","190","0.66666666666666663","days","0.66666666666666663","days","NA","NA","NA","0.51917808219178085","0.52054794520547942","1.8264840182648401E-3","1.8140589569160996E-3","NA","0","days","0","temp","ambient","brain","brain","NA","not-ambiguous","1","NA","enzymatic","NA","antioxidant","CAT","catalase","nmol/min/mg","Beers and Sizer (1952), Aebi (1983); Li and Schellhorn (2007)","figure1a",26.75,18,"8.75","celsius",48.410686453417,16.7766840202542,6,"6.8490525709211703",6.62495688484787,1.35418716955579,6,"0.55284459693924703","1","no","raw","View study_notes","merged_03072025","merged_03072025_143",143,"constant",8.75,"warmer",8.75,FALSE,FALSE,FALSE,"Sparus_aurata","Sparus_aurata",3.23972855485484,1.43608356027961,0.333333333333333,0.577350269189626,12,"1.s41"
"1","s41","Madeira","2016b","Actinopterygii","Perciformes","Sparidae","Sparus","aurata","gilt-head seabream","2.5","182.5","365",NA,"days","postnatal","both","NA","NA","NA","NA","189.5","190","0.66666666666666663","days","0.66666666666666663","days","NA","NA","NA","0.51917808219178085","0.52054794520547942","1.8264840182648401E-3","1.8140589569160996E-3","NA","0","days","0","temp","ambient","muscle","muscle","NA","not-ambiguous","1","NA","enzymatic","NA","antioxidant","CAT","catalase","nmol/min/mg","Beers and Sizer (1952), Aebi (1983); Li and Schellhorn (2007)","figure1a",26.75,18,"8.75","celsius",83.8856580955217,3.48324512098924,6,"1.4220288659104501",7.32034028471067,6.19032296687967,6,"2.5271887686478101","1","no","raw","View study_notes","merged_03072025","merged_03072025_144",144,"constant",8.75,"warmer",8.75,FALSE,FALSE,FALSE,"Sparus_aurata","Sparus_aurata",14.0664714065302,12.9585409383619,0.333333333333333,0.577350269189626,12,"1.s41"
"1","s41","Madeira","2016b","Actinopterygii","Perciformes","Sparidae","Sparus","aurata","gilt-head seabream","2.5","182.5","365",NA,"days","postnatal","both","NA","NA","NA","NA","189.5","190","0.66666666666666663","days","0.66666666666666663","days","NA","NA","NA","0.51917808219178085","0.52054794520547942","1.8264840182648401E-3","1.8140589569160996E-3","NA","0","days","0","temp","ambient","liver","liver","NA","not-ambiguous","1","NA","enzymatic","NA","antioxidant","CAT","catalase","nmol/min/mg","Beers and Sizer (1952), Aebi (1983); Li and Schellhorn (2007)","figure1a",26.75,18,"8.75","celsius",23.7162257245632,9.89193458898444,6,"4.0383653853332504",6.9704414594146,0.773821239746169,6,"0.315911198251001","1","no","raw","View study_notes","merged_03072025","merged_03072025_145",145,"constant",8.75,"warmer",8.75,FALSE,FALSE,FALSE,"Sparus_aurata","Sparus_aurata",2.20240126947968,0.87919247914525,0.333333333333333,0.577350269189626,12,"1.s41"
"1","s41","Madeira","2016b","Actinopterygii","Perciformes","Sparidae","Sparus","aurata","gilt-head seabream","2.5","182.5","365",NA,"days","postnatal","both","NA","NA","NA","NA","189.5","190","0.66666666666666663","days","0.66666666666666663","days","NA","NA","NA","0.51917808219178085","0.52054794520547942","1.8264840182648401E-3","1.8140589569160996E-3","NA","0","days","0","temp","ambient","gill","gill","NA","not-ambiguous","1","NA","enzymatic","NA","antioxidant","GST","glutathione-S-transferase","nmol/min/mg","Habig et al. (1974)","figure1b",26.75,18,"8.75","celsius",74.3674061146639,24.8859460305824,6,"10.159644923561199",29.6870582387938,12.1119536917705,6,"4.9446843888428003","1","no","raw","View study_notes","merged_03072025","merged_03072025_146",146,"constant",8.75,"warmer",8.75,FALSE,FALSE,FALSE,"Sparus_aurata","Sparus_aurata",2.10666939866724,0.706372633152884,0.333333333333333,0.577350269189626,12,"1.s41"
"1","s41","Madeira","2016b","Actinopterygii","Perciformes","Sparidae","Sparus","aurata","gilt-head seabream","2.5","182.5","365",NA,"days","postnatal","both","NA","NA","NA","NA","189.5","190","0.66666666666666663","days","0.66666666666666663","days","NA","NA","NA","0.51917808219178085","0.52054794520547942","1.8264840182648401E-3","1.8140589569160996E-3","NA","0","days","0","temp","ambient","brain","brain","NA","not-ambiguous","1","NA","enzymatic","NA","antioxidant","GST","glutathione-S-transferase","nmol/min/mg","Habig et al. (1974)","figure1b",26.75,18,"8.75","celsius",41.0126516818219,6.38333965170872,6,"2.6059875002602801",36.0160724847174,6.38333965170887,6,"2.6059875002603401","1","no","raw","View study_notes","merged_03072025","merged_03072025_147",147,"constant",8.75,"warmer",8.75,FALSE,FALSE,FALSE,"Sparus_aurata","Sparus_aurata",0.722282028057737,0.42608456640276,0.333333333333333,0.577350269189626,12,"1.s41"
"1","s41","Madeira","2016b","Actinopterygii","Perciformes","Sparidae","Sparus","aurata","gilt-head seabream","2.5","182.5","365",NA,"days","postnatal","both","NA","NA","NA","NA","189.5","190","0.66666666666666663","days","0.66666666666666663","days","NA","NA","NA","0.51917808219178085","0.52054794520547942","1.8264840182648401E-3","1.8140589569160996E-3","NA","0","days","0","temp","ambient","muscle","muscle","NA","not-ambiguous","1","NA","enzymatic","NA","antioxidant","GST","glutathione-S-transferase","nmol/min/mg","Habig et al. (1974)","figure1b",26.75,18,"8.75","celsius",573.869662643148,39.8171009847916,6,"16.255263408268199",12.9386401071151,0.654725611647166,6,"0.267290611677863","1","no","raw","View study_notes","merged_03072025","merged_03072025_148",148,"constant",8.75,"warmer",8.75,FALSE,FALSE,FALSE,"Sparus_aurata","Sparus_aurata",18.3813795425025,34.1692501273846,0.333333333333333,0.577350269189626,12,"1.s41"
"1","s41","Madeira","2016b","Actinopterygii","Perciformes","Sparidae","Sparus","aurata","gilt-head seabream","2.5","182.5","365",NA,"days","postnatal","both","NA","NA","NA","NA","189.5","190","0.66666666666666663","days","0.66666666666666663","days","NA","NA","NA","0.51917808219178085","0.52054794520547942","1.8264840182648401E-3","1.8140589569160996E-3","NA","0","days","0","temp","ambient","liver","liver","NA","not-ambiguous","1","NA","enzymatic","NA","antioxidant","GST","glutathione-S-transferase","nmol/min/mg","Habig et al. (1974)","figure1b",26.75,18,"8.75","celsius",103.310624181936,30.9422885282373,6,"12.6321363946925",32.7285496592321,6.38344412364302,6,"2.6060301507488499","1","no","raw","View study_notes","merged_03072025","merged_03072025_149",149,"constant",8.75,"warmer",8.75,FALSE,FALSE,FALSE,"Sparus_aurata","Sparus_aurata",2.91533434180395,1.18335800485976,0.333333333333333,0.577350269189626,12,"1.s41"
"1","s41","Madeira","2016b","Actinopterygii","Perciformes","Sparidae","Sparus","aurata","gilt-head seabream","2.5","182.5","365",NA,"days","postnatal","both","NA","NA","NA","NA","189.5","190","0.66666666666666663","days","0.66666666666666663","days","NA","NA","NA","0.51917808219178085","0.52054794520547942","1.8264840182648401E-3","1.8140589569160996E-3","NA","0","days","0","temp","ambient","gill","gill","NA","not-ambiguous","1","NA","enzymatic","NA","antioxidant","SOD","superoxide dismutase","percent/mg","Sun et al. (1988)","figure1c",26.75,18,"8.75","celsius",55.7438733491441,22.2476329093344,6,"9.0825581021033592",29.5866935397156,1.15901636382874,6,"0.47316644915272599","1","no","raw","View study_notes","merged_03072025","merged_03072025_150",150,"constant",8.75,"warmer",8.75,FALSE,FALSE,FALSE,"Sparus_aurata","Sparus_aurata",1.53220032766603,0.633496370566296,0.333333333333333,0.577350269189626,12,"1.s41"
"1","s41","Madeira","2016b","Actinopterygii","Perciformes","Sparidae","Sparus","aurata","gilt-head seabream","2.5","182.5","365",NA,"days","postnatal","both","NA","NA","NA","NA","189.5","190","0.66666666666666663","days","0.66666666666666663","days","NA","NA","NA","0.51917808219178085","0.52054794520547942","1.8264840182648401E-3","1.8140589569160996E-3","NA","0","days","0","temp","ambient","brain","brain","NA","not-ambiguous","1","NA","enzymatic","NA","antioxidant","SOD","superoxide dismutase","percent/mg","Sun et al. (1988)","figure1c",26.75,18,"8.75","celsius",26.5007660195286,0.795146335106224,6,"0.32461713197572201",50.2694272616931,6.49834882146541,6,"2.65293979720111","1","no","raw","View study_notes","merged_03072025","merged_03072025_151",151,"constant",8.75,"warmer",8.75,FALSE,FALSE,FALSE,"Sparus_aurata","Sparus_aurata",-4.73774404032161,2.57937600814867,0.333333333333333,0.577350269189626,12,"1.s41"
"1","s41","Madeira","2016b","Actinopterygii","Perciformes","Sparidae","Sparus","aurata","gilt-head seabream","2.5","182.5","365",NA,"days","postnatal","both","NA","NA","NA","NA","189.5","190","0.66666666666666663","days","0.66666666666666663","days","NA","NA","NA","0.51917808219178085","0.52054794520547942","1.8264840182648401E-3","1.8140589569160996E-3","NA","0","days","0","temp","ambient","muscle","muscle","NA","not-ambiguous","1","NA","enzymatic","NA","antioxidant","SOD","superoxide dismutase","percent/mg","Sun et al. (1988)","figure1c",26.75,18,"8.75","celsius",46.4301167394837,17.5734600254795,6,"7.17433501293704",19.4832185379307,0.835559134040956,6,"0.34111558805368603","1","no","raw","View study_notes","merged_03072025","merged_03072025_152",152,"constant",8.75,"warmer",8.75,FALSE,FALSE,FALSE,"Sparus_aurata","Sparus_aurata",1.99874845610549,0.797701394052352,0.333333333333333,0.577350269189626,12,"1.s41"
"1","s41","Madeira","2016b","Actinopterygii","Perciformes","Sparidae","Sparus","aurata","gilt-head seabream","2.5","182.5","365",NA,"days","postnatal","both","NA","NA","NA","NA","189.5","190","0.66666666666666663","days","0.66666666666666663","days","NA","NA","NA","0.51917808219178085","0.52054794520547942","1.8264840182648401E-3","1.8140589569160996E-3","NA","0","days","0","temp","ambient","liver","liver","NA","not-ambiguous","1","NA","enzymatic","NA","antioxidant","SOD","superoxide dismutase","percent/mg","Sun et al. (1988)","figure1c",26.75,18,"8.75","celsius",21.861586593755,9.46347665339358,6,"3.8634481655926098",11.6395570592076,0.512101904253143,6,"0.20906472695463399","1","no","raw","View study_notes","merged_03072025","merged_03072025_153",153,"constant",8.75,"warmer",8.75,FALSE,FALSE,FALSE,"Sparus_aurata","Sparus_aurata",1.4075001962681,0.596952230902199,0.333333333333333,0.577350269189626,12,"1.s41"
"1","s41","Madeira","2016b","Actinopterygii","Perciformes","Sparidae","Sparus","aurata","gilt-head seabream","2.5","182.5","365",NA,"days","postnatal","both","NA","NA","NA","NA","189.5","190","0.66666666666666663","days","0.66666666666666663","days","NA","NA","NA","0.51917808219178085","0.52054794520547942","1.8264840182648401E-3","1.8140589569160996E-3","NA","0","days","0","temp","ambient","gill","gill","NA","not-ambiguous","0","NA","NA","lipids","oxidative damage","MDA","lipid peroxidation; measured by the formation of thiobarbituric reactive substances (TBARS)","nmol/mg","TBARS; Uchiyama and Mihara (1978)","figure3",26.75,18,"8.75","celsius",0.350884933699445,0.0732914230184177,6,"2.9921098152932899E-2",0.217996087175694,0.00255278294147177,6,"1.04216927178116E-3","1","no","raw","View study_notes","merged_03072025","merged_03072025_154",154,"constant",8.75,"warmer",8.75,FALSE,FALSE,FALSE,"Sparus_aurata","Sparus_aurata",-2.36466207249046,0.957809239427985,0.333333333333333,0.577350269189626,12,"1.s41"
"1","s41","Madeira","2016b","Actinopterygii","Perciformes","Sparidae","Sparus","aurata","gilt-head seabream","2.5","182.5","365",NA,"days","postnatal","both","NA","NA","NA","NA","189.5","190","0.66666666666666663","days","0.66666666666666663","days","NA","NA","NA","0.51917808219178085","0.52054794520547942","1.8264840182648401E-3","1.8140589569160996E-3","NA","0","days","0","temp","ambient","brain","brain","NA","not-ambiguous","0","NA","NA","lipids","oxidative damage","MDA","lipid peroxidation; measured by the formation of thiobarbituric reactive substances (TBARS)","nmol/mg","TBARS; Uchiyama and Mihara (1978)","figure3",26.75,18,"8.75","celsius",0.0218643784958104,0.00977005258696725,6,"3.9886072663714196E-3",0.0127971054550819,0.00310788668487452,6,"1.2687894260554301E-3","1","no","raw","View study_notes","merged_03072025","merged_03072025_155",155,"constant",8.75,"warmer",8.75,FALSE,FALSE,FALSE,"Sparus_aurata","Sparus_aurata",-1.15410599165323,0.51096636353395,0.333333333333333,0.577350269189626,12,"1.s41"
"1","s41","Madeira","2016b","Actinopterygii","Perciformes","Sparidae","Sparus","aurata","gilt-head seabream","2.5","182.5","365",NA,"days","postnatal","both","NA","NA","NA","NA","189.5","190","0.66666666666666663","days","0.66666666666666663","days","NA","NA","NA","0.51917808219178085","0.52054794520547942","1.8264840182648401E-3","1.8140589569160996E-3","NA","0","days","0","temp","ambient","muscle","muscle","NA","not-ambiguous","0","NA","NA","lipids","oxidative damage","MDA","lipid peroxidation; measured by the formation of thiobarbituric reactive substances (TBARS)","nmol/mg","TBARS; Uchiyama and Mihara (1978)","figure3",26.75,18,"8.75","celsius",0.0910573109281264,0.0430991246108545,6,"1.75951439428703E-2",0.00289733619985216,0.00344071514336547,6,"1.4046660752520799E-3","1","no","raw","View study_notes","merged_03072025","merged_03072025_156",156,"constant",8.75,"warmer",8.75,FALSE,FALSE,FALSE,"Sparus_aurata","Sparus_aurata",-2.66085035951222,1.09910173378347,0.333333333333333,0.577350269189626,12,"1.s41"
"1","s41","Madeira","2016b","Actinopterygii","Perciformes","Sparidae","Sparus","aurata","gilt-head seabream","2.5","182.5","365",NA,"days","postnatal","both","NA","NA","NA","NA","189.5","190","0.66666666666666663","days","0.66666666666666663","days","NA","NA","NA","0.51917808219178085","0.52054794520547942","1.8264840182648401E-3","1.8140589569160996E-3","NA","0","days","0","temp","ambient","liver","liver","NA","not-ambiguous","0","NA","NA","lipids","oxidative damage","MDA","lipid peroxidation; measured by the formation of thiobarbituric reactive substances (TBARS)","nmol/mg","TBARS; Uchiyama and Mihara (1978)","figure3",26.75,18,"8.75","celsius",0.12735768103153,0.0534772727860416,6,"2.1832005193571102E-2",0.0567568162088736,0.0340823992723681,6,"1.39140812378511E-2","1","no","raw","View study_notes","merged_03072025","merged_03072025_157",157,"constant",8.75,"warmer",8.75,FALSE,FALSE,FALSE,"Sparus_aurata","Sparus_aurata",-1.45283676700126,0.524356969796164,0.333333333333333,0.577350269189626,12,"1.s41"
"1","s42","Bautista","2013","Mammalia","Lagomorpha","Leporidae","Oryctolagus","cuniculus","European rabbit","29.5","31.5","120",NA,"days","postnatal","both","NA","NA","NA","NA","1","4","4","days","4","days","NA","NA","NA","3.1746031746031744E-2","0.12698412698412698","0.12698412698412698","6.5573770491803282E-2","NA","0","days","0","temp","ambient","adipose","brown adipose tissue","NA","not-ambiguous","0","NA","NA","NA","metabolic capacity","UCP1","UCP-1 expression","unitless","western blot","figure4",34.9,36.3,"-1.3999999999999986","celsius",0.896609838867219,0.34639320899353,9,"0.115464402997843",0.447488407545184,0.311666069370857,9,"0.103888689790286","1","no","raw","View study_notes","merged_03072025","merged_03072025_158",158,"constant",-1.4,"cooler",1.4,FALSE,FALSE,FALSE,"Oryctolagus_cuniculus","Oryctolagus_cuniculus",-1.29800868340848,0.303234083326843,0.222222222222222,0.471404520791032,18,"1.s42"
"1","s44","Basha","2012","Mammalia","Rodentia","Muridae","Rattus","norvegicus","Wistar rat","22","22","70","1095","days","postnatal","male","NA","NA","NA","NA","14","16","2","days","2","days","NA","NA","NA","0.63636363636363635","0.72727272727272729","9.0909090909090912E-2","4.5454545454545456E-2","NA","2","days","9.0909090909090912E-2","temp","ambient","brain","cerebral cortex","NA","not-ambiguous","0","NA","NA","proteins","oxidative damage","protein carbonyls","protein oxidation","nmol/mg","Levine et al. (1999)","figure1d",15,28,"-13","celsius",1.82124419609064,0.358084543087666,6,"0.14618740255707316",1.20260019673044,0.11985737822044,6,"4.8931569757975281E-2","1","yes","raw","View study_notes","merged_03072025","merged_03072025_159",159,"constant",-13,"cooler",13,FALSE,FALSE,FALSE,"Rattus_norvegicus","Rattus_norvegicus",-2.13792640234137,0.774252775188512,0.333333333333333,0.577350269189626,12,"1.s44"
"1","s44","Basha","2012","Mammalia","Rodentia","Muridae","Rattus","norvegicus","Wistar rat","22","22","70","1095","days","postnatal","male","NA","NA","NA","NA","28","30","2","days","2","days","NA","NA","NA","1.2727272727272727","1.3636363636363635","9.0909090909090912E-2","4.5454545454545456E-2","NA","2","days","9.0909090909090912E-2","temp","ambient","brain","cerebral cortex","NA","not-ambiguous","0","NA","NA","proteins","oxidative damage","protein carbonyls","protein oxidation","nmol/mg","Levine et al. (1999)","figure1d",15,28,"-13","celsius",1.87382559958087,0.155373981229996,6,"6.3431162219710208E-2",1.05910994704316,0.0865650788019763,6,"3.534004543477641E-2","2","yes","raw","View study_notes","merged_03072025","merged_03072025_160",160,"constant",-13,"cooler",13,FALSE,FALSE,FALSE,"Rattus_norvegicus","Rattus_norvegicus",-5.97753270433715,2.68130058807634,0.333333333333333,0.577350269189626,12,"2.s44"
"1","s44","Basha","2012","Mammalia","Rodentia","Muridae","Rattus","norvegicus","Wistar rat","22","22","70","1095","days","postnatal","male","NA","NA","NA","NA","14","16","2","days","2","days","NA","NA","NA","0.63636363636363635","0.72727272727272729","9.0909090909090912E-2","4.5454545454545456E-2","NA","2","days","9.0909090909090912E-2","temp","ambient","brain","cerebral cortex","NA","not-ambiguous","0","NA","NA","proteins","oxidative damage","protein carbonyls","protein oxidation","nmol/mg","Levine et al. (1999)","figure1d",20,28,"-8","celsius",1.64906401285486,0.179273119430315,6,"7.3187944533550042E-2",1.20260019673044,0.11985737822044,6,"4.8931569757975281E-2","3","yes","raw","View study_notes","merged_03072025","merged_03072025_161",161,"constant",-8,"cooler",8,FALSE,FALSE,FALSE,"Rattus_norvegicus","Rattus_norvegicus",-2.70168739636751,0.818261237241218,0.333333333333333,0.577350269189626,12,"3.s44"
"1","s44","Basha","2012","Mammalia","Rodentia","Muridae","Rattus","norvegicus","Wistar rat","22","22","70","1095","days","postnatal","male","NA","NA","NA","NA","28","30","2","days","2","days","NA","NA","NA","1.2727272727272727","1.3636363636363635","9.0909090909090912E-2","4.5454545454545456E-2","NA","2","days","9.0909090909090912E-2","temp","ambient","brain","cerebral cortex","NA","not-ambiguous","0","NA","NA","proteins","oxidative damage","protein carbonyls","protein oxidation","nmol/mg","Levine et al. (1999)","figure1d",20,28,"-8","celsius",1.51388156953492,0.123753242296951,6,"5.0522049607090475E-2",1.05910994704316,0.0865650788019763,6,"3.534004543477641E-2","4","yes","raw","View study_notes","merged_03072025","merged_03072025_162",162,"constant",-8,"cooler",8,FALSE,FALSE,FALSE,"Rattus_norvegicus","Rattus_norvegicus",-3.92955292348225,1.26285787707366,0.333333333333333,0.577350269189626,12,"4.s44"
"1","s44","Basha","2012","Mammalia","Rodentia","Muridae","Rattus","norvegicus","Wistar rat","22","22","70","1095","days","postnatal","male","NA","NA","NA","NA","14","16","2","days","2","days","NA","NA","NA","0.63636363636363635","0.72727272727272729","9.0909090909090912E-2","4.5454545454545456E-2","NA","2","days","9.0909090909090912E-2","temp","ambient","brain","cerebral cortex","NA","not-ambiguous","1","NA","non-enzymatic","NA","antioxidant","thiols","protein thiols","nmol/mg","Reznick and Packer (1994)","figure1e",15,28,"-13","celsius",20.3106240949401,0.726156921987048,6,"0.29645232200971311",41.381643366705,2.11856927047101,6,"0.86490228289906335","1","yes","raw","View study_notes","merged_03072025","merged_03072025_163",163,"constant",-13,"cooler",13,FALSE,FALSE,FALSE,"Rattus_norvegicus","Rattus_norvegicus",-12.2777664067543,12.6379880903837,0.333333333333333,0.577350269189626,12,"1.s44"
"1","s44","Basha","2012","Mammalia","Rodentia","Muridae","Rattus","norvegicus","Wistar rat","22","22","70","1095","days","postnatal","male","NA","NA","NA","NA","28","30","2","days","2","days","NA","NA","NA","1.2727272727272727","1.3636363636363635","9.0909090909090912E-2","4.5454545454545456E-2","NA","2","days","9.0909090909090912E-2","temp","ambient","brain","cerebral cortex","NA","not-ambiguous","1","NA","non-enzymatic","NA","antioxidant","thiols","protein thiols","nmol/mg","Reznick and Packer (1994)","figure1e",15,28,"-13","celsius",95.1040338489028,1.11346172936408,6,"0.45456884750982224",97.0850977455051,1.42818406306574,6,"0.5830537022143224","2","yes","raw","View study_notes","merged_03072025","merged_03072025_164",164,"constant",-13,"cooler",13,FALSE,FALSE,FALSE,"Rattus_norvegicus","Rattus_norvegicus",-1.42754959128682,0.507956956035513,0.333333333333333,0.577350269189626,12,"2.s44"
"1","s44","Basha","2012","Mammalia","Rodentia","Muridae","Rattus","norvegicus","Wistar rat","22","22","70","1095","days","postnatal","male","NA","NA","NA","NA","14","16","2","days","2","days","NA","NA","NA","0.63636363636363635","0.72727272727272729","9.0909090909090912E-2","4.5454545454545456E-2","NA","2","days","9.0909090909090912E-2","temp","ambient","brain","cerebral cortex","NA","not-ambiguous","1","NA","non-enzymatic","NA","antioxidant","thiols","protein thiols","nmol/mg","Reznick and Packer (1994)","figure1e",20,28,"-8","celsius",30.8121553748369,1.26083488060517,6,"0.51473368456426949",41.381643366705,2.11856927047101,6,"0.86490228289906335","3","yes","raw","View study_notes","merged_03072025","merged_03072025_165",165,"constant",-8,"cooler",8,FALSE,FALSE,FALSE,"Rattus_norvegicus","Rattus_norvegicus",-5.59460133792702,2.32091021774242,0.333333333333333,0.577350269189626,12,"3.s44"
"1","s44","Basha","2012","Mammalia","Rodentia","Muridae","Rattus","norvegicus","Wistar rat","22","22","70","1095","days","postnatal","male","NA","NA","NA","NA","28","30","2","days","2","days","NA","NA","NA","1.2727272727272727","1.3636363636363635","9.0909090909090912E-2","4.5454545454545456E-2","NA","2","days","9.0909090909090912E-2","temp","ambient","brain","cerebral cortex","NA","not-ambiguous","1","NA","non-enzymatic","NA","antioxidant","thiols","protein thiols","nmol/mg","Reznick and Packer (1994)","figure1e",20,28,"-8","celsius",96.6103918123843,1.11243801411956,6,"0.45415091751132514",97.0850977455051,1.42818406306574,6,"0.5830537022143224","4","yes","raw","View study_notes","merged_03072025","merged_03072025_166",166,"constant",-8,"cooler",8,FALSE,FALSE,FALSE,"Rattus_norvegicus","Rattus_norvegicus",-0.34219078692809,0.406205518414773,0.333333333333333,0.577350269189626,12,"4.s44"
"1","s44","Basha","2012","Mammalia","Rodentia","Muridae","Rattus","norvegicus","Wistar rat","22","22","70","1095","days","postnatal","male","NA","NA","NA","NA","14","16","2","days","2","days","NA","NA","NA","0.63636363636363635","0.72727272727272729","9.0909090909090912E-2","4.5454545454545456E-2","NA","2","days","9.0909090909090912E-2","temp","ambient","brain","cerebral cortex","NA","not-ambiguous","1","NA","NA","NA","metabolic capacity","ALT","alanine-aminotransferase (ALT) activity","ug/30min/mg","Reitman and Frankel (1957)","figure1f",15,28,"-13","celsius",23.5755201954589,2.5737854354573,6,"1.0507435040462321",9.77812435082148,1.34795037873267,6,"0.55029843774772935","1","yes","raw","View study_notes","merged_03072025","merged_03072025_167",167,"constant",-13,"cooler",13,FALSE,FALSE,FALSE,"Rattus_norvegicus","Rattus_norvegicus",6.19709806808651,2.94299537370727,0.333333333333333,0.577350269189626,12,"1.s44"
"1","s44","Basha","2012","Mammalia","Rodentia","Muridae","Rattus","norvegicus","Wistar rat","22","22","70","1095","days","postnatal","male","NA","NA","NA","NA","28","30","2","days","2","days","NA","NA","NA","1.2727272727272727","1.3636363636363635","9.0909090909090912E-2","4.5454545454545456E-2","NA","2","days","9.0909090909090912E-2","temp","ambient","brain","cerebral cortex","NA","not-ambiguous","1","NA","NA","NA","metabolic capacity","ALT","alanine-aminotransferase (ALT) activity","ug/30min/mg","Reitman and Frankel (1957)","figure1f",15,28,"-13","celsius",38.8565156593483,1.53070478694543,6,"0.62490761247532356",10.9072996344447,2.01649184709308,6,"0.82322934931006742","2","yes","raw","View study_notes","merged_03072025","merged_03072025_168",168,"constant",-13,"cooler",13,FALSE,FALSE,FALSE,"Rattus_norvegicus","Rattus_norvegicus",14.4065978433295,11.5276296515963,0.333333333333333,0.577350269189626,12,"2.s44"
"1","s44","Basha","2012","Mammalia","Rodentia","Muridae","Rattus","norvegicus","Wistar rat","22","22","70","1095","days","postnatal","male","NA","NA","NA","NA","14","16","2","days","2","days","NA","NA","NA","0.63636363636363635","0.72727272727272729","9.0909090909090912E-2","4.5454545454545456E-2","NA","2","days","9.0909090909090912E-2","temp","ambient","brain","cerebral cortex","NA","not-ambiguous","1","NA","NA","NA","metabolic capacity","ALT","alanine-aminotransferase (ALT) activity","ug/30min/mg","Reitman and Frankel (1957)","figure1f",20,28,"-8","celsius",13.757580420012,2.76567220564712,6,"1.1290809499388583",9.77812435082148,1.34795037873267,6,"0.55029843774772935","3","yes","raw","View study_notes","merged_03072025","merged_03072025_169",169,"constant",-8,"cooler",8,FALSE,FALSE,FALSE,"Rattus_norvegicus","Rattus_norvegicus",1.6878717547481,0.596515360057392,0.333333333333333,0.577350269189626,12,"3.s44"
"1","s44","Basha","2012","Mammalia","Rodentia","Muridae","Rattus","norvegicus","Wistar rat","22","22","70","1095","days","postnatal","male","NA","NA","NA","NA","28","30","2","days","2","days","NA","NA","NA","1.2727272727272727","1.3636363636363635","9.0909090909090912E-2","4.5454545454545456E-2","NA","2","days","9.0909090909090912E-2","temp","ambient","brain","cerebral cortex","NA","not-ambiguous","1","NA","NA","NA","metabolic capacity","ALT","alanine-aminotransferase (ALT) activity","ug/30min/mg","Reitman and Frankel (1957)","figure1f",20,28,"-8","celsius",24.5568718896817,2.10717882335017,6,"0.86025215233436136",10.9072996344447,2.01649184709308,6,"0.82322934931006742","4","yes","raw","View study_notes","merged_03072025","merged_03072025_170",170,"constant",-8,"cooler",8,FALSE,FALSE,FALSE,"Rattus_norvegicus","Rattus_norvegicus",6.10719876550828,2.26849809729327,0.333333333333333,0.577350269189626,12,"4.s44"
"1","s44","Basha","2012","Mammalia","Rodentia","Muridae","Rattus","norvegicus","Wistar rat","22","22","70","1095","days","postnatal","male","NA","NA","NA","NA","14","16","2","days","2","days","NA","NA","NA","0.63636363636363635","0.72727272727272729","9.0909090909090912E-2","4.5454545454545456E-2","NA","2","days","9.0909090909090912E-2","temp","ambient","brain","cerebral cortex","NA","not-ambiguous","1","NA","NA","NA","metabolic capacity","AST","asparatate-aminotransferase (AST) activity","ug/hr/mg","Reitman and Frankel (1957)","figure1g",15,28,"-13","celsius",14.6365745036185,1.4051308220449,6,"0.57364225597791296",9.90318240861014,1.01750479371558,6,"0.41539459257317113","1","yes","raw","View study_notes","merged_03072025","merged_03072025_171",171,"constant",-13,"cooler",13,FALSE,FALSE,FALSE,"Rattus_norvegicus","Rattus_norvegicus",3.56046924575211,1.09555451706697,0.333333333333333,0.577350269189626,12,"1.s44"
"1","s44","Basha","2012","Mammalia","Rodentia","Muridae","Rattus","norvegicus","Wistar rat","22","22","70","1095","days","postnatal","male","NA","NA","NA","NA","28","30","2","days","2","days","NA","NA","NA","1.2727272727272727","1.3636363636363635","9.0909090909090912E-2","4.5454545454545456E-2","NA","2","days","9.0909090909090912E-2","temp","ambient","brain","cerebral cortex","NA","not-ambiguous","1","NA","NA","NA","metabolic capacity","AST","asparatate-aminotransferase (AST) activity","ug/hr/mg","Reitman and Frankel (1957)","figure1g",15,28,"-13","celsius",21.9989175480918,1.30876167501702,6,"0.53429971645032026",17.3646625842766,0.557199851549438,6,"0.22747588684177633","2","yes","raw","View study_notes","merged_03072025","merged_03072025_172",172,"constant",-13,"cooler",13,FALSE,FALSE,FALSE,"Rattus_norvegicus","Rattus_norvegicus",4.25151462254742,1.73793824419277,0.333333333333333,0.577350269189626,12,"2.s44"
"1","s44","Basha","2012","Mammalia","Rodentia","Muridae","Rattus","norvegicus","Wistar rat","22","22","70","1095","days","postnatal","male","NA","NA","NA","NA","14","16","2","days","2","days","NA","NA","NA","0.63636363636363635","0.72727272727272729","9.0909090909090912E-2","4.5454545454545456E-2","NA","2","days","9.0909090909090912E-2","temp","ambient","brain","cerebral cortex","NA","not-ambiguous","1","NA","NA","NA","metabolic capacity","AST","asparatate-aminotransferase (AST) activity","ug/hr/mg","Reitman and Frankel (1957)","figure1g",20,28,"-8","celsius",11.9879013858933,1.19058673235019,6,"0.48605499813092196",9.90318240861014,1.01750479371558,6,"0.41539459257317113","3","yes","raw","View study_notes","merged_03072025","merged_03072025_173",173,"constant",-8,"cooler",8,FALSE,FALSE,FALSE,"Rattus_norvegicus","Rattus_norvegicus",1.73704994152479,0.554529842777405,0.333333333333333,0.577350269189626,12,"3.s44"
"1","s44","Basha","2012","Mammalia","Rodentia","Muridae","Rattus","norvegicus","Wistar rat","22","22","70","1095","days","postnatal","male","NA","NA","NA","NA","28","30","2","days","2","days","NA","NA","NA","1.2727272727272727","1.3636363636363635","9.0909090909090912E-2","4.5454545454545456E-2","NA","2","days","9.0909090909090912E-2","temp","ambient","brain","cerebral cortex","NA","not-ambiguous","1","NA","NA","NA","metabolic capacity","AST","asparatate-aminotransferase (AST) activity","ug/hr/mg","Reitman and Frankel (1957)","figure1g",20,28,"-8","celsius",17.8085476329386,0.661437073527889,6,"0.27003055451718122",17.3646625842766,0.557199851549438,6,"0.22747588684177633","4","yes","raw","View study_notes","merged_03072025","merged_03072025_174",174,"constant",-8,"cooler",8,FALSE,FALSE,FALSE,"Rattus_norvegicus","Rattus_norvegicus",0.669769266707978,0.423076456137551,0.333333333333333,0.577350269189626,12,"4.s44"
"1","s44","Basha","2012","Mammalia","Rodentia","Muridae","Rattus","norvegicus","Wistar rat","22","22","70","1095","days","postnatal","male","NA","NA","NA","NA","14","16","2","days","2","days","NA","NA","NA","0.63636363636363635","0.72727272727272729","9.0909090909090912E-2","4.5454545454545456E-2","NA","2","days","9.0909090909090912E-2","temp","ambient","brain","cerebellum","NA","not-ambiguous","0","NA","NA","proteins","oxidative damage","protein carbonyls","protein oxidation","nmol/mg","Levine et al. (1999)","figure2d",15,28,"-13","celsius",2.6649916460981,0.354604603177596,6,"0.14476672303787011",1.68015148876665,0.233651332830068,6,"9.5387757192478342E-2","1","yes","raw","View study_notes","merged_03072025","merged_03072025_175",175,"constant",-13,"cooler",13,FALSE,FALSE,FALSE,"Rattus_norvegicus","Rattus_norvegicus",-3.02635497937446,0.929227534534642,0.333333333333333,0.577350269189626,12,"1.s44"
"1","s44","Basha","2012","Mammalia","Rodentia","Muridae","Rattus","norvegicus","Wistar rat","22","22","70","1095","days","postnatal","male","NA","NA","NA","NA","28","30","2","days","2","days","NA","NA","NA","1.2727272727272727","1.3636363636363635","9.0909090909090912E-2","4.5454545454545456E-2","NA","2","days","9.0909090909090912E-2","temp","ambient","brain","cerebellum","NA","not-ambiguous","0","NA","NA","proteins","oxidative damage","protein carbonyls","protein oxidation","nmol/mg","Levine et al. (1999)","figure2d",15,28,"-13","celsius",1.40470125753749,0.0632220839530957,6,"2.5810307693414147E-2",0.903707518248529,0.107205410363227,6,"4.376642550926433E-2","2","yes","raw","View study_notes","merged_03072025","merged_03072025_176",176,"constant",-13,"cooler",13,FALSE,FALSE,FALSE,"Rattus_norvegicus","Rattus_norvegicus",-5.2529483077591,2.10276595810041,0.333333333333333,0.577350269189626,12,"2.s44"
"1","s44","Basha","2012","Mammalia","Rodentia","Muridae","Rattus","norvegicus","Wistar rat","22","22","70","1095","days","postnatal","male","NA","NA","NA","NA","14","16","2","days","2","days","NA","NA","NA","0.63636363636363635","0.72727272727272729","9.0909090909090912E-2","4.5454545454545456E-2","NA","2","days","9.0909090909090912E-2","temp","ambient","brain","cerebellum","NA","not-ambiguous","0","NA","NA","proteins","oxidative damage","protein carbonyls","protein oxidation","nmol/mg","Levine et al. (1999)","figure2d",20,28,"-8","celsius",2.05114844856118,0.314158925101547,6,"0.12825484410667137",1.68015148876665,0.233651332830068,6,"9.5387757192478342E-2","3","yes","raw","View study_notes","merged_03072025","merged_03072025_177",177,"constant",-8,"cooler",8,FALSE,FALSE,FALSE,"Rattus_norvegicus","Rattus_norvegicus",-1.23655135521328,0.482781562123287,0.333333333333333,0.577350269189626,12,"3.s44"
"1","s44","Basha","2012","Mammalia","Rodentia","Muridae","Rattus","norvegicus","Wistar rat","22","22","70","1095","days","postnatal","male","NA","NA","NA","NA","28","30","2","days","2","days","NA","NA","NA","1.2727272727272727","1.3636363636363635","9.0909090909090912E-2","4.5454545454545456E-2","NA","2","days","9.0909090909090912E-2","temp","ambient","brain","cerebellum","NA","not-ambiguous","0","NA","NA","proteins","oxidative damage","protein carbonyls","protein oxidation","nmol/mg","Levine et al. (1999)","figure2d",20,28,"-8","celsius",1.24829786219056,0.0349065472335055,6,"1.4250538234074709E-2",0.903707518248529,0.107205410363227,6,"4.376642550926433E-2","4","yes","raw","View study_notes","merged_03072025","merged_03072025_178",178,"constant",-8,"cooler",8,FALSE,FALSE,FALSE,"Rattus_norvegicus","Rattus_norvegicus",-3.98843253353862,1.71502539755754,0.333333333333333,0.577350269189626,12,"4.s44"
"1","s44","Basha","2012","Mammalia","Rodentia","Muridae","Rattus","norvegicus","Wistar rat","22","22","70","1095","days","postnatal","male","NA","NA","NA","NA","14","16","2","days","2","days","NA","NA","NA","0.63636363636363635","0.72727272727272729","9.0909090909090912E-2","4.5454545454545456E-2","NA","2","days","9.0909090909090912E-2","temp","ambient","brain","cerebellum","NA","not-ambiguous","1","NA","non-enzymatic","NA","antioxidant","thiols","protein thiols","nmol/mg","Reznick and Packer (1994)","figure2e",15,28,"-13","celsius",23.5642169827605,1.15113978149821,6,"0.46995084788158908",33.3729551966326,1.25821599519826,6,"0.51366452907397786","1","yes","raw","View study_notes","merged_03072025","merged_03072025_179",179,"constant",-13,"cooler",13,FALSE,FALSE,FALSE,"Rattus_norvegicus","Rattus_norvegicus",-7.50577829109231,3.2390016140686,0.333333333333333,0.577350269189626,12,"1.s44"
"1","s44","Basha","2012","Mammalia","Rodentia","Muridae","Rattus","norvegicus","Wistar rat","22","22","70","1095","days","postnatal","male","NA","NA","NA","NA","28","30","2","days","2","days","NA","NA","NA","1.2727272727272727","1.3636363636363635","9.0909090909090912E-2","4.5454545454545456E-2","NA","2","days","9.0909090909090912E-2","temp","ambient","brain","cerebellum","NA","not-ambiguous","1","NA","non-enzymatic","NA","antioxidant","thiols","protein thiols","nmol/mg","Reznick and Packer (1994)","figure2e",15,28,"-13","celsius",106.249805411928,1.25821172342722,6,"0.51366278513075347",114.932914861146,2.30225393236995,6,"0.93989123210373826","2","yes","raw","View study_notes","merged_03072025","merged_03072025_180",180,"constant",-13,"cooler",13,FALSE,FALSE,FALSE,"Rattus_norvegicus","Rattus_norvegicus",-4.31885427719132,1.60460825425426,0.333333333333333,0.577350269189626,12,"2.s44"
"1","s44","Basha","2012","Mammalia","Rodentia","Muridae","Rattus","norvegicus","Wistar rat","22","22","70","1095","days","postnatal","male","NA","NA","NA","NA","14","16","2","days","2","days","NA","NA","NA","0.63636363636363635","0.72727272727272729","9.0909090909090912E-2","4.5454545454545456E-2","NA","2","days","9.0909090909090912E-2","temp","ambient","brain","cerebellum","NA","not-ambiguous","1","NA","non-enzymatic","NA","antioxidant","thiols","protein thiols","nmol/mg","Reznick and Packer (1994)","figure2e",20,28,"-8","celsius",28.3810700893859,1.03469016478317,6,"0.42241049093250194",33.3729551966326,1.25821599519826,6,"0.51366452907397786","3","yes","raw","View study_notes","merged_03072025","merged_03072025_181",181,"constant",-8,"cooler",8,FALSE,FALSE,FALSE,"Rattus_norvegicus","Rattus_norvegicus",-3.99886157974708,1.22936897652781,0.333333333333333,0.577350269189626,12,"3.s44"
"1","s44","Basha","2012","Mammalia","Rodentia","Muridae","Rattus","norvegicus","Wistar rat","22","22","70","1095","days","postnatal","male","NA","NA","NA","NA","28","30","2","days","2","days","NA","NA","NA","1.2727272727272727","1.3636363636363635","9.0909090909090912E-2","4.5454545454545456E-2","NA","2","days","9.0909090909090912E-2","temp","ambient","brain","cerebellum","NA","not-ambiguous","1","NA","non-enzymatic","NA","antioxidant","thiols","protein thiols","nmol/mg","Reznick and Packer (1994)","figure2e",20,28,"-8","celsius",108.052212777691,0.827752131826543,6,"0.33792839274600439",114.932914861146,2.30225393236995,6,"0.93989123210373826","4","yes","raw","View study_notes","merged_03072025","merged_03072025_182",182,"constant",-8,"cooler",8,FALSE,FALSE,FALSE,"Rattus_norvegicus","Rattus_norvegicus",-3.67009938581631,1.47388599454849,0.333333333333333,0.577350269189626,12,"4.s44"
"1","s44","Basha","2012","Mammalia","Rodentia","Muridae","Rattus","norvegicus","Wistar rat","22","22","70","1095","days","postnatal","male","NA","NA","NA","NA","14","16","2","days","2","days","NA","NA","NA","0.63636363636363635","0.72727272727272729","9.0909090909090912E-2","4.5454545454545456E-2","NA","2","days","9.0909090909090912E-2","temp","ambient","brain","cerebellum","NA","not-ambiguous","1","NA","NA","NA","metabolic capacity","ALT","alanine-aminotransferase (ALT) activity","ug/30min/mg","Reitman and Frankel (1957)","figure2f",15,28,"-13","celsius",23.9647657064851,1.4637681057501,6,"0.59758082680800539",8.10741979862729,2.3018506749427,6,"0.93972660294844657","1","yes","raw","View study_notes","merged_03072025","merged_03072025_183",183,"constant",-13,"cooler",13,FALSE,FALSE,FALSE,"Rattus_norvegicus","Rattus_norvegicus",7.5859143261239,3.79485680260402,0.333333333333333,0.577350269189626,12,"1.s44"
"1","s44","Basha","2012","Mammalia","Rodentia","Muridae","Rattus","norvegicus","Wistar rat","22","22","70","1095","days","postnatal","male","NA","NA","NA","NA","28","30","2","days","2","days","NA","NA","NA","1.2727272727272727","1.3636363636363635","9.0909090909090912E-2","4.5454545454545456E-2","NA","2","days","9.0909090909090912E-2","temp","ambient","brain","cerebellum","NA","not-ambiguous","1","NA","NA","NA","metabolic capacity","ALT","alanine-aminotransferase (ALT) activity","ug/30min/mg","Reitman and Frankel (1957)","figure2f",15,28,"-13","celsius",37.8052025330419,1.40472581451138,6,"0.57347691234472842",16.5011449804207,2.99949306210379,6,"1.2245379148620901","2","yes","raw","View study_notes","merged_03072025","merged_03072025_184",184,"constant",-13,"cooler",13,FALSE,FALSE,FALSE,"Rattus_norvegicus","Rattus_norvegicus",8.39366779062905,5.36671163767855,0.333333333333333,0.577350269189626,12,"2.s44"
"1","s44","Basha","2012","Mammalia","Rodentia","Muridae","Rattus","norvegicus","Wistar rat","22","22","70","1095","days","postnatal","male","NA","NA","NA","NA","14","16","2","days","2","days","NA","NA","NA","0.63636363636363635","0.72727272727272729","9.0909090909090912E-2","4.5454545454545456E-2","NA","2","days","9.0909090909090912E-2","temp","ambient","brain","cerebellum","NA","not-ambiguous","1","NA","NA","NA","metabolic capacity","ALT","alanine-aminotransferase (ALT) activity","ug/30min/mg","Reitman and Frankel (1957)","figure2f",20,28,"-8","celsius",15.0705126385477,1.95185262375363,6,"0.79684049688482517",8.10741979862729,2.3018506749427,6,"0.93972660294844657","3","yes","raw","View study_notes","merged_03072025","merged_03072025_185",185,"constant",-8,"cooler",8,FALSE,FALSE,FALSE,"Rattus_norvegicus","Rattus_norvegicus",3.01079935047189,0.865355237764069,0.333333333333333,0.577350269189626,12,"3.s44"
"1","s44","Basha","2012","Mammalia","Rodentia","Muridae","Rattus","norvegicus","Wistar rat","22","22","70","1095","days","postnatal","male","NA","NA","NA","NA","28","30","2","days","2","days","NA","NA","NA","1.2727272727272727","1.3636363636363635","9.0909090909090912E-2","4.5454545454545456E-2","NA","2","days","9.0909090909090912E-2","temp","ambient","brain","cerebellum","NA","not-ambiguous","1","NA","NA","NA","metabolic capacity","ALT","alanine-aminotransferase (ALT) activity","ug/30min/mg","Reitman and Frankel (1957)","figure2f",20,28,"-8","celsius",22.8779231335623,1.69160560725316,6,"0.69059509730018753",16.5011449804207,2.99949306210379,6,"1.2245379148620901","4","yes","raw","View study_notes","merged_03072025","merged_03072025_186",186,"constant",-8,"cooler",8,FALSE,FALSE,FALSE,"Rattus_norvegicus","Rattus_norvegicus",2.41648236832562,0.770126463345008,0.333333333333333,0.577350269189626,12,"4.s44"
"1","s44","Basha","2012","Mammalia","Rodentia","Muridae","Rattus","norvegicus","Wistar rat","22","22","70","1095","days","postnatal","male","NA","NA","NA","NA","14","16","2","days","2","days","NA","NA","NA","0.63636363636363635","0.72727272727272729","9.0909090909090912E-2","4.5454545454545456E-2","NA","2","days","9.0909090909090912E-2","temp","ambient","brain","cerebellum","NA","not-ambiguous","1","NA","NA","NA","metabolic capacity","AST","asparatate-aminotransferase (AST) activity","ug/hr/mg","Reitman and Frankel (1957)","figure2g",15,28,"-13","celsius",19.9106394572811,1.88412925799827,6,"0.76919254859074049",11.3030449640578,0.988031431445496,6,"0.40336214281218724","1","yes","raw","View study_notes","merged_03072025","merged_03072025_187",187,"constant",-13,"cooler",13,FALSE,FALSE,FALSE,"Rattus_norvegicus","Rattus_norvegicus",5.2797620749636,2.24447542888862,0.333333333333333,0.577350269189626,12,"1.s44"
"1","s44","Basha","2012","Mammalia","Rodentia","Muridae","Rattus","norvegicus","Wistar rat","22","22","70","1095","days","postnatal","male","NA","NA","NA","NA","28","30","2","days","2","days","NA","NA","NA","1.2727272727272727","1.3636363636363635","9.0909090909090912E-2","4.5454545454545456E-2","NA","2","days","9.0909090909090912E-2","temp","ambient","brain","cerebellum","NA","not-ambiguous","1","NA","NA","NA","metabolic capacity","AST","asparatate-aminotransferase (AST) activity","ug/hr/mg","Reitman and Frankel (1957)","figure2g",15,28,"-13","celsius",32.4943898607988,3.4009934073226,6,"1.3884497444183201",19.0087265753976,1.24074801638741,6,"0.50653325658658932","2","yes","raw","View study_notes","merged_03072025","merged_03072025_188",188,"constant",-13,"cooler",13,FALSE,FALSE,FALSE,"Rattus_norvegicus","Rattus_norvegicus",4.86105691000723,2.27307799465867,0.333333333333333,0.577350269189626,12,"2.s44"
"1","s44","Basha","2012","Mammalia","Rodentia","Muridae","Rattus","norvegicus","Wistar rat","22","22","70","1095","days","postnatal","male","NA","NA","NA","NA","14","16","2","days","2","days","NA","NA","NA","0.63636363636363635","0.72727272727272729","9.0909090909090912E-2","4.5454545454545456E-2","NA","2","days","9.0909090909090912E-2","temp","ambient","brain","cerebellum","NA","not-ambiguous","1","NA","NA","NA","metabolic capacity","AST","asparatate-aminotransferase (AST) activity","ug/hr/mg","Reitman and Frankel (1957)","figure2g",20,28,"-8","celsius",13.4573947768018,1.6365008501545,6,"0.66809867441823312",11.3030449640578,0.988031431445496,6,"0.40336214281218724","3","yes","raw","View study_notes","merged_03072025","merged_03072025_189",189,"constant",-8,"cooler",8,FALSE,FALSE,FALSE,"Rattus_norvegicus","Rattus_norvegicus",1.47064775463177,0.531596135197274,0.333333333333333,0.577350269189626,12,"3.s44"
"1","s44","Basha","2012","Mammalia","Rodentia","Muridae","Rattus","norvegicus","Wistar rat","22","22","70","1095","days","postnatal","male","NA","NA","NA","NA","28","30","2","days","2","days","NA","NA","NA","1.2727272727272727","1.3636363636363635","9.0909090909090912E-2","4.5454545454545456E-2","NA","2","days","9.0909090909090912E-2","temp","ambient","brain","cerebellum","NA","not-ambiguous","1","NA","NA","NA","metabolic capacity","AST","asparatate-aminotransferase (AST) activity","ug/hr/mg","Reitman and Frankel (1957)","figure2g",20,28,"-8","celsius",20.8216486024971,1.77287592100073,6,"0.72377356395309478",19.0087265753976,1.24074801638741,6,"0.50653325658658932","4","yes","raw","View study_notes","merged_03072025","merged_03072025_190",190,"constant",-8,"cooler",8,FALSE,FALSE,FALSE,"Rattus_norvegicus","Rattus_norvegicus",1.0932894208481,0.466773581082719,0.333333333333333,0.577350269189626,12,"4.s44"
"1","s44","Basha","2012","Mammalia","Rodentia","Muridae","Rattus","norvegicus","Wistar rat","22","22","70","1095","days","postnatal","male","NA","NA","NA","NA","14","16","2","days","2","days","NA","NA","NA","0.63636363636363635","0.72727272727272729","9.0909090909090912E-2","4.5454545454545456E-2","NA","2","days","9.0909090909090912E-2","temp","ambient","brain","medulla oblongata","NA","not-ambiguous","0","NA","NA","proteins","oxidative damage","protein carbonyls","protein oxidation","nmol/mg","Levine et al. (1999)","figure3d",15,28,"-13","celsius",2.39863647148107,0.53926940137044,6,"0.22015581120895295",1.33770820992494,0.359770095076181,6,"0.14687552627487238","1","yes","raw","View study_notes","merged_03072025","merged_03072025_191",191,"constant",-13,"cooler",13,FALSE,FALSE,FALSE,"Rattus_norvegicus","Rattus_norvegicus",-2.13565552958984,0.661679790146533,0.333333333333333,0.577350269189626,12,"1.s44"
"1","s44","Basha","2012","Mammalia","Rodentia","Muridae","Rattus","norvegicus","Wistar rat","22","22","70","1095","days","postnatal","male","NA","NA","NA","NA","28","30","2","days","2","days","NA","NA","NA","1.2727272727272727","1.3636363636363635","9.0909090909090912E-2","4.5454545454545456E-2","NA","2","days","9.0909090909090912E-2","temp","ambient","brain","medulla oblongata","NA","not-ambiguous","0","NA","NA","proteins","oxidative damage","protein carbonyls","protein oxidation","nmol/mg","Levine et al. (1999)","figure3d",15,28,"-13","celsius",2.02416578545873,0.120682801282768,6,"4.9268547312080135E-2",1.52383818036978,0.0664653374960897,6,"2.7134360407882314E-2","2","yes","raw","View study_notes","merged_03072025","merged_03072025_192",192,"constant",-13,"cooler",13,FALSE,FALSE,FALSE,"Rattus_norvegicus","Rattus_norvegicus",-4.73893441869353,1.84372184873926,0.333333333333333,0.577350269189626,12,"2.s44"
"1","s44","Basha","2012","Mammalia","Rodentia","Muridae","Rattus","norvegicus","Wistar rat","22","22","70","1095","days","postnatal","male","NA","NA","NA","NA","14","16","2","days","2","days","NA","NA","NA","0.63636363636363635","0.72727272727272729","9.0909090909090912E-2","4.5454545454545456E-2","NA","2","days","9.0909090909090912E-2","temp","ambient","brain","medulla oblongata","NA","not-ambiguous","0","NA","NA","proteins","oxidative damage","protein carbonyls","protein oxidation","nmol/mg","Levine et al. (1999)","figure3d",20,28,"-8","celsius",1.58874704650442,0.191081502035378,6,"7.800869654521024E-2",1.33770820992494,0.359770095076181,6,"0.14687552627487238","3","yes","raw","View study_notes","merged_03072025","merged_03072025_193",193,"constant",-8,"cooler",8,FALSE,FALSE,FALSE,"Rattus_norvegicus","Rattus_norvegicus",-0.80418068515056,0.442473996614745,0.333333333333333,0.577350269189626,12,"3.s44"
"1","s44","Basha","2012","Mammalia","Rodentia","Muridae","Rattus","norvegicus","Wistar rat","22","22","70","1095","days","postnatal","male","NA","NA","NA","NA","28","30","2","days","2","days","NA","NA","NA","1.2727272727272727","1.3636363636363635","9.0909090909090912E-2","4.5454545454545456E-2","NA","2","days","9.0909090909090912E-2","temp","ambient","brain","medulla oblongata","NA","not-ambiguous","0","NA","NA","proteins","oxidative damage","protein carbonyls","protein oxidation","nmol/mg","Levine et al. (1999)","figure3d",20,28,"-8","celsius",1.68428779752211,0.0318469170058968,6,"1.3001449424201896E-2",1.52383818036978,0.0664653374960897,6,"2.7134360407882314E-2","4","yes","raw","View study_notes","merged_03072025","merged_03072025_194",194,"constant",-8,"cooler",8,FALSE,FALSE,FALSE,"Rattus_norvegicus","Rattus_norvegicus",-2.84093369329856,0.961970213565442,0.333333333333333,0.577350269189626,12,"4.s44"
"1","s44","Basha","2012","Mammalia","Rodentia","Muridae","Rattus","norvegicus","Wistar rat","22","22","70","1095","days","postnatal","male","NA","NA","NA","NA","14","16","2","days","2","days","NA","NA","NA","0.63636363636363635","0.72727272727272729","9.0909090909090912E-2","4.5454545454545456E-2","NA","2","days","9.0909090909090912E-2","temp","ambient","brain","medulla oblongata","NA","not-ambiguous","1","NA","non-enzymatic","NA","antioxidant","thiols","protein thiols","nmol/mg","Reznick and Packer (1994)","figure3e",15,28,"-13","celsius",26.5314636695487,0.962393139006203,6,"0.39289535375343332",39.572237801242,1.82372568602719,6,"0.74453289359563612","1","yes","raw","View study_notes","merged_03072025","merged_03072025_195",195,"constant",-13,"cooler",13,FALSE,FALSE,FALSE,"Rattus_norvegicus","Rattus_norvegicus",-8.25267505010973,4.8899533274518,0.333333333333333,0.577350269189626,12,"1.s44"
"1","s44","Basha","2012","Mammalia","Rodentia","Muridae","Rattus","norvegicus","Wistar rat","22","22","70","1095","days","postnatal","male","NA","NA","NA","NA","28","30","2","days","2","days","NA","NA","NA","1.2727272727272727","1.3636363636363635","9.0909090909090912E-2","4.5454545454545456E-2","NA","2","days","9.0909090909090912E-2","temp","ambient","brain","medulla oblongata","NA","not-ambiguous","1","NA","non-enzymatic","NA","antioxidant","thiols","protein thiols","nmol/mg","Reznick and Packer (1994)","figure3e",15,28,"-13","celsius",112.757334319398,5.52112532972248,6,"2.2539899772959346",117.760151090498,9.69195945452071,6,"3.9567258785531543","2","yes","raw","View study_notes","merged_03072025","merged_03072025_196",196,"constant",-13,"cooler",13,FALSE,FALSE,FALSE,"Rattus_norvegicus","Rattus_norvegicus",-0.585291057120355,0.421583154980987,0.333333333333333,0.577350269189626,12,"2.s44"
"1","s44","Basha","2012","Mammalia","Rodentia","Muridae","Rattus","norvegicus","Wistar rat","22","22","70","1095","days","postnatal","male","NA","NA","NA","NA","14","16","2","days","2","days","NA","NA","NA","0.63636363636363635","0.72727272727272729","9.0909090909090912E-2","4.5454545454545456E-2","NA","2","days","9.0909090909090912E-2","temp","ambient","brain","medulla oblongata","NA","not-ambiguous","1","NA","non-enzymatic","NA","antioxidant","thiols","protein thiols","nmol/mg","Reznick and Packer (1994)","figure3e",20,28,"-8","celsius",31.2130296027656,3.34437974412193,6,"1.3653373131997497",39.572237801242,1.82372568602719,6,"0.74453289359563612","3","yes","raw","View study_notes","merged_03072025","merged_03072025_197",197,"constant",-8,"cooler",8,FALSE,FALSE,FALSE,"Rattus_norvegicus","Rattus_norvegicus",-2.86362194300918,0.930281507127488,0.333333333333333,0.577350269189626,12,"3.s44"
"1","s44","Basha","2012","Mammalia","Rodentia","Muridae","Rattus","norvegicus","Wistar rat","22","22","70","1095","days","postnatal","male","NA","NA","NA","NA","28","30","2","days","2","days","NA","NA","NA","1.2727272727272727","1.3636363636363635","9.0909090909090912E-2","4.5454545454545456E-2","NA","2","days","9.0909090909090912E-2","temp","ambient","brain","medulla oblongata","NA","not-ambiguous","1","NA","non-enzymatic","NA","antioxidant","thiols","protein thiols","nmol/mg","Reznick and Packer (1994)","figure3e",20,28,"-8","celsius",116.160275103462,9.81018058275765,6,"4.0049894520525937",117.760151090498,9.69195945452071,6,"3.9567258785531543","4","yes","raw","View study_notes","merged_03072025","merged_03072025_198",198,"constant",-8,"cooler",8,FALSE,FALSE,FALSE,"Rattus_norvegicus","Rattus_norvegicus",-0.151393786912986,0.401146172373702,0.333333333333333,0.577350269189626,12,"4.s44"
"1","s44","Basha","2012","Mammalia","Rodentia","Muridae","Rattus","norvegicus","Wistar rat","22","22","70","1095","days","postnatal","male","NA","NA","NA","NA","14","16","2","days","2","days","NA","NA","NA","0.63636363636363635","0.72727272727272729","9.0909090909090912E-2","4.5454545454545456E-2","NA","2","days","9.0909090909090912E-2","temp","ambient","brain","medulla oblongata","NA","not-ambiguous","1","NA","NA","NA","metabolic capacity","ALT","alanine-aminotransferase (ALT) activity","ug/30min/mg","Reitman and Frankel (1957)","figure3f",15,28,"-13","celsius",22.2689029723394,2.99654012146105,6,"1.2233323818928503",11.0819433616259,1.42946938268289,6,"0.58357843175072344","1","yes","raw","View study_notes","merged_03072025","merged_03072025_199",199,"constant",-13,"cooler",13,FALSE,FALSE,FALSE,"Rattus_norvegicus","Rattus_norvegicus",4.39709990570626,1.74949065950388,0.333333333333333,0.577350269189626,12,"1.s44"
"1","s44","Basha","2012","Mammalia","Rodentia","Muridae","Rattus","norvegicus","Wistar rat","22","22","70","1095","days","postnatal","male","NA","NA","NA","NA","28","30","2","days","2","days","NA","NA","NA","1.2727272727272727","1.3636363636363635","9.0909090909090912E-2","4.5454545454545456E-2","NA","2","days","9.0909090909090912E-2","temp","ambient","brain","medulla oblongata","NA","not-ambiguous","1","NA","NA","NA","metabolic capacity","ALT","alanine-aminotransferase (ALT) activity","ug/30min/mg","Reitman and Frankel (1957)","figure3f",15,28,"-13","celsius",34.0921735508594,2.99334075276514,6,"1.2220262450921813",14.4244499603535,3.22298274459565,6,"1.3157771956757034","2","yes","raw","View study_notes","merged_03072025","merged_03072025_200",200,"constant",-13,"cooler",13,FALSE,FALSE,FALSE,"Rattus_norvegicus","Rattus_norvegicus",5.83493918437504,2.1115930703929,0.333333333333333,0.577350269189626,12,"2.s44"
"1","s44","Basha","2012","Mammalia","Rodentia","Muridae","Rattus","norvegicus","Wistar rat","22","22","70","1095","days","postnatal","male","NA","NA","NA","NA","14","16","2","days","2","days","NA","NA","NA","0.63636363636363635","0.72727272727272729","9.0909090909090912E-2","4.5454545454545456E-2","NA","2","days","9.0909090909090912E-2","temp","ambient","brain","medulla oblongata","NA","not-ambiguous","1","NA","NA","NA","metabolic capacity","ALT","alanine-aminotransferase (ALT) activity","ug/30min/mg","Reitman and Frankel (1957)","figure3f",20,28,"-8","celsius",12.8698974062722,1.11107222247297,6,"0.45359333540647495",11.0819433616259,1.42946938268289,6,"0.58357843175072344","3","yes","raw","View study_notes","merged_03072025","merged_03072025_201",201,"constant",-8,"cooler",8,FALSE,FALSE,FALSE,"Rattus_norvegicus","Rattus_norvegicus",1.28871789212605,0.488096711784675,0.333333333333333,0.577350269189626,12,"3.s44"
"1","s44","Basha","2012","Mammalia","Rodentia","Muridae","Rattus","norvegicus","Wistar rat","22","22","70","1095","days","postnatal","male","NA","NA","NA","NA","28","30","2","days","2","days","NA","NA","NA","1.2727272727272727","1.3636363636363635","9.0909090909090912E-2","4.5454545454545456E-2","NA","2","days","9.0909090909090912E-2","temp","ambient","brain","medulla oblongata","NA","not-ambiguous","1","NA","NA","NA","metabolic capacity","ALT","alanine-aminotransferase (ALT) activity","ug/30min/mg","Reitman and Frankel (1957)","figure3f",20,28,"-8","celsius",21.6350227168923,2.34559691410961,6,"0.95758593030256078",14.4244499603535,3.22298274459565,6,"1.3157771956757034","4","yes","raw","View study_notes","merged_03072025","merged_03072025_202",202,"constant",-8,"cooler",8,FALSE,FALSE,FALSE,"Rattus_norvegicus","Rattus_norvegicus",2.36054571746105,0.704950735609179,0.333333333333333,0.577350269189626,12,"4.s44"
"1","s44","Basha","2012","Mammalia","Rodentia","Muridae","Rattus","norvegicus","Wistar rat","22","22","70","1095","days","postnatal","male","NA","NA","NA","NA","14","16","2","days","2","days","NA","NA","NA","0.63636363636363635","0.72727272727272729","9.0909090909090912E-2","4.5454545454545456E-2","NA","2","days","9.0909090909090912E-2","temp","ambient","brain","medulla oblongata","NA","not-ambiguous","1","NA","NA","NA","metabolic capacity","AST","asparatate-aminotransferase (AST) activity","ug/hr/mg","Reitman and Frankel (1957)","figure3g",15,28,"-13","celsius",13.9918069838665,1.48747912900715,6,"0.60726081151784506",12.1983291916691,0.540438964663927,6,"0.22063328342410832","1","yes","raw","View study_notes","merged_03072025","merged_03072025_203",203,"constant",-13,"cooler",13,FALSE,FALSE,FALSE,"Rattus_norvegicus","Rattus_norvegicus",1.47882868754561,0.573636631987479,0.333333333333333,0.577350269189626,12,"1.s44"
"1","s44","Basha","2012","Mammalia","Rodentia","Muridae","Rattus","norvegicus","Wistar rat","22","22","70","1095","days","postnatal","male","NA","NA","NA","NA","28","30","2","days","2","days","NA","NA","NA","1.2727272727272727","1.3636363636363635","9.0909090909090912E-2","4.5454545454545456E-2","NA","2","days","9.0909090909090912E-2","temp","ambient","brain","medulla oblongata","NA","not-ambiguous","1","NA","NA","NA","metabolic capacity","AST","asparatate-aminotransferase (AST) activity","ug/hr/mg","Reitman and Frankel (1957)","figure3g",15,28,"-13","celsius",43.9441037612708,3.50168575062116,6,"1.4295572214327577",16.2807087192576,3.43161064248555,6,"1.4009491783323247","2","yes","raw","View study_notes","merged_03072025","merged_03072025_204",204,"constant",-13,"cooler",13,FALSE,FALSE,FALSE,"Rattus_norvegicus","Rattus_norvegicus",7.3630120935212,3.11180474375952,0.333333333333333,0.577350269189626,12,"2.s44"
"1","s44","Basha","2012","Mammalia","Rodentia","Muridae","Rattus","norvegicus","Wistar rat","22","22","70","1095","days","postnatal","male","NA","NA","NA","NA","14","16","2","days","2","days","NA","NA","NA","0.63636363636363635","0.72727272727272729","9.0909090909090912E-2","4.5454545454545456E-2","NA","2","days","9.0909090909090912E-2","temp","ambient","brain","medulla oblongata","NA","not-ambiguous","1","NA","NA","NA","metabolic capacity","AST","asparatate-aminotransferase (AST) activity","ug/hr/mg","Reitman and Frankel (1957)","figure3g",20,28,"-8","celsius",13.3083401739257,0.999016080074298,6,"0.40784660683624185",12.1983291916691,0.540438964663927,6,"0.22063328342410832","3","yes","raw","View study_notes","merged_03072025","merged_03072025_205",205,"constant",-8,"cooler",8,FALSE,FALSE,FALSE,"Rattus_norvegicus","Rattus_norvegicus",1.27529696642425,0.505669158895641,0.333333333333333,0.577350269189626,12,"3.s44"
"1","s44","Basha","2012","Mammalia","Rodentia","Muridae","Rattus","norvegicus","Wistar rat","22","22","70","1095","days","postnatal","male","NA","NA","NA","NA","28","30","2","days","2","days","NA","NA","NA","1.2727272727272727","1.3636363636363635","9.0909090909090912E-2","4.5454545454545456E-2","NA","2","days","9.0909090909090912E-2","temp","ambient","brain","medulla oblongata","NA","not-ambiguous","1","NA","NA","NA","metabolic capacity","AST","asparatate-aminotransferase (AST) activity","ug/hr/mg","Reitman and Frankel (1957)","figure3g",20,28,"-8","celsius",31.4571322952754,3.66305896027242,6,"1.4954375583995512",16.2807087192576,3.43161064248555,6,"1.4009491783323247","4","yes","raw","View study_notes","merged_03072025","merged_03072025_206",206,"constant",-8,"cooler",8,FALSE,FALSE,FALSE,"Rattus_norvegicus","Rattus_norvegicus",3.94564738301007,1.18171329916434,0.333333333333333,0.577350269189626,12,"4.s44"
"1","s44","Basha","2012","Mammalia","Rodentia","Muridae","Rattus","norvegicus","Wistar rat","22","22","70","1095","days","postnatal","male","NA","NA","NA","NA","14","16","2","days","2","days","NA","NA","NA","0.63636363636363635","0.72727272727272729","9.0909090909090912E-2","4.5454545454545456E-2","NA","2","days","9.0909090909090912E-2","temp","ambient","brain","brain stem","NA","not-ambiguous","0","NA","NA","proteins","oxidative damage","protein carbonyls","protein oxidation","nmol/mg","Levine et al. (1999)","figure4d",15,28,"-13","celsius",2.13479295454797,0.234119586042175,6,"9.5578920765825234E-2",0.940256952518203,0.0672141014231404,6,"2.744004200106177E-2","1","yes","raw","View study_notes","merged_03072025","merged_03072025_207",207,"constant",-13,"cooler",13,FALSE,FALSE,FALSE,"Rattus_norvegicus","Rattus_norvegicus",-6.39970703473909,3.9193869625286,0.333333333333333,0.577350269189626,12,"1.s44"
"1","s44","Basha","2012","Mammalia","Rodentia","Muridae","Rattus","norvegicus","Wistar rat","22","22","70","1095","days","postnatal","male","NA","NA","NA","NA","28","30","2","days","2","days","NA","NA","NA","1.2727272727272727","1.3636363636363635","9.0909090909090912E-2","4.5454545454545456E-2","NA","2","days","9.0909090909090912E-2","temp","ambient","brain","brain stem","NA","not-ambiguous","0","NA","NA","proteins","oxidative damage","protein carbonyls","protein oxidation","nmol/mg","Levine et al. (1999)","figure4d",15,28,"-13","celsius",2.14510547270959,0.146935110465701,6,"5.9986007656741308E-2",1.35535408186034,0.0771722757403688,6,"3.1505449642211414E-2","2","yes","raw","View study_notes","merged_03072025","merged_03072025_208",208,"constant",-13,"cooler",13,FALSE,FALSE,FALSE,"Rattus_norvegicus","Rattus_norvegicus",-6.20957901695177,2.94903280305159,0.333333333333333,0.577350269189626,12,"2.s44"
"1","s44","Basha","2012","Mammalia","Rodentia","Muridae","Rattus","norvegicus","Wistar rat","22","22","70","1095","days","postnatal","male","NA","NA","NA","NA","14","16","2","days","2","days","NA","NA","NA","0.63636363636363635","0.72727272727272729","9.0909090909090912E-2","4.5454545454545456E-2","NA","2","days","9.0909090909090912E-2","temp","ambient","brain","brain stem","NA","not-ambiguous","0","NA","NA","proteins","oxidative damage","protein carbonyls","protein oxidation","nmol/mg","Levine et al. (1999)","figure4d",20,28,"-8","celsius",1.29012211412104,0.121028322140467,6,"4.9409605611555364E-2",0.940256952518203,0.0672141014231404,6,"2.744004200106177E-2","3","yes","raw","View study_notes","merged_03072025","merged_03072025_209",209,"constant",-8,"cooler",8,FALSE,FALSE,FALSE,"Rattus_norvegicus","Rattus_norvegicus",-3.29789318229861,1.0957295020889,0.333333333333333,0.577350269189626,12,"3.s44"
"1","s44","Basha","2012","Mammalia","Rodentia","Muridae","Rattus","norvegicus","Wistar rat","22","22","70","1095","days","postnatal","male","NA","NA","NA","NA","28","30","2","days","2","days","NA","NA","NA","1.2727272727272727","1.3636363636363635","9.0909090909090912E-2","4.5454545454545456E-2","NA","2","days","9.0909090909090912E-2","temp","ambient","brain","brain stem","NA","not-ambiguous","0","NA","NA","proteins","oxidative damage","protein carbonyls","protein oxidation","nmol/mg","Levine et al. (1999)","figure4d",20,28,"-8","celsius",1.83474956375314,0.257185184548491,6,"0.10499541192455457",1.35535408186034,0.0771722757403688,6,"3.1505449642211414E-2","4","yes","raw","View study_notes","merged_03072025","merged_03072025_210",210,"constant",-8,"cooler",8,FALSE,FALSE,FALSE,"Rattus_norvegicus","Rattus_norvegicus",-2.32982850051543,0.860543296216122,0.333333333333333,0.577350269189626,12,"4.s44"
"1","s44","Basha","2012","Mammalia","Rodentia","Muridae","Rattus","norvegicus","Wistar rat","22","22","70","1095","days","postnatal","male","NA","NA","NA","NA","14","16","2","days","2","days","NA","NA","NA","0.63636363636363635","0.72727272727272729","9.0909090909090912E-2","4.5454545454545456E-2","NA","2","days","9.0909090909090912E-2","temp","ambient","brain","brain stem","NA","not-ambiguous","1","NA","non-enzymatic","NA","antioxidant","thiols","protein thiols","nmol/mg","Reznick and Packer (1994)","figure4e",15,28,"-13","celsius",25.7906501346161,1.60577911742282,6,"0.65555657955043711",37.4160565730856,3.87666997664898,6,"1.5826438906595299","1","yes","raw","View study_notes","merged_03072025","merged_03072025_211",211,"constant",-13,"cooler",13,FALSE,FALSE,FALSE,"Rattus_norvegicus","Rattus_norvegicus",-3.61544080600741,1.38035308573714,0.333333333333333,0.577350269189626,12,"1.s44"
"1","s44","Basha","2012","Mammalia","Rodentia","Muridae","Rattus","norvegicus","Wistar rat","22","22","70","1095","days","postnatal","male","NA","NA","NA","NA","28","30","2","days","2","days","NA","NA","NA","1.2727272727272727","1.3636363636363635","9.0909090909090912E-2","4.5454545454545456E-2","NA","2","days","9.0909090909090912E-2","temp","ambient","brain","brain stem","NA","not-ambiguous","1","NA","non-enzymatic","NA","antioxidant","thiols","protein thiols","nmol/mg","Reznick and Packer (1994)","figure4e",15,28,"-13","celsius",100.736410319912,2.17331627883007,6,"0.88725265546966037",125.820318482214,4.12649995703556,6,"1.6846365530589718","2","yes","raw","View study_notes","merged_03072025","merged_03072025_212",212,"constant",-13,"cooler",13,FALSE,FALSE,FALSE,"Rattus_norvegicus","Rattus_norvegicus",-7.01858432560151,3.65123336712131,0.333333333333333,0.577350269189626,12,"2.s44"
"1","s44","Basha","2012","Mammalia","Rodentia","Muridae","Rattus","norvegicus","Wistar rat","22","22","70","1095","days","postnatal","male","NA","NA","NA","NA","14","16","2","days","2","days","NA","NA","NA","0.63636363636363635","0.72727272727272729","9.0909090909090912E-2","4.5454545454545456E-2","NA","2","days","9.0909090909090912E-2","temp","ambient","brain","brain stem","NA","not-ambiguous","1","NA","non-enzymatic","NA","antioxidant","thiols","protein thiols","nmol/mg","Reznick and Packer (1994)","figure4e",20,28,"-8","celsius",29.4182462672378,1.66192682464541,6,"0.6784787850375249",37.4160565730856,3.87666997664898,6,"1.5826438906595299","3","yes","raw","View study_notes","merged_03072025","merged_03072025_213",213,"constant",-8,"cooler",8,FALSE,FALSE,FALSE,"Rattus_norvegicus","Rattus_norvegicus",-2.47441842969947,0.851677457146164,0.333333333333333,0.577350269189626,12,"3.s44"
"1","s44","Basha","2012","Mammalia","Rodentia","Muridae","Rattus","norvegicus","Wistar rat","22","22","70","1095","days","postnatal","male","NA","NA","NA","NA","28","30","2","days","2","days","NA","NA","NA","1.2727272727272727","1.3636363636363635","9.0909090909090912E-2","4.5454545454545456E-2","NA","2","days","9.0909090909090912E-2","temp","ambient","brain","brain stem","NA","not-ambiguous","1","NA","non-enzymatic","NA","antioxidant","thiols","protein thiols","nmol/mg","Reznick and Packer (1994)","figure4e",20,28,"-8","celsius",105.035916788605,1.66192682464543,6,"0.67847878503753312",125.820318482214,4.12649995703556,6,"1.6846365530589718","4","yes","raw","View study_notes","merged_03072025","merged_03072025_214",214,"constant",-8,"cooler",8,FALSE,FALSE,FALSE,"Rattus_norvegicus","Rattus_norvegicus",-6.0969352885061,3.22447275304947,0.333333333333333,0.577350269189626,12,"4.s44"
"1","s44","Basha","2012","Mammalia","Rodentia","Muridae","Rattus","norvegicus","Wistar rat","22","22","70","1095","days","postnatal","male","NA","NA","NA","NA","14","16","2","days","2","days","NA","NA","NA","0.63636363636363635","0.72727272727272729","9.0909090909090912E-2","4.5454545454545456E-2","NA","2","days","9.0909090909090912E-2","temp","ambient","brain","brain stem","NA","not-ambiguous","1","NA","NA","NA","metabolic capacity","ALT","alanine-aminotransferase (ALT) activity","ug/30min/mg","Reitman and Frankel (1957)","figure4f",15,28,"-13","celsius",25.838436463333,3.66734548489929,6,"1.497187524750502",10.7227495256668,1.54076147574604,6,"0.62901323848589963","1","yes","raw","View study_notes","merged_03072025","merged_03072025_215",215,"constant",-13,"cooler",13,FALSE,FALSE,FALSE,"Rattus_norvegicus","Rattus_norvegicus",4.95878635624558,2.23182652503178,0.333333333333333,0.577350269189626,12,"1.s44"
"1","s44","Basha","2012","Mammalia","Rodentia","Muridae","Rattus","norvegicus","Wistar rat","22","22","70","1095","days","postnatal","male","NA","NA","NA","NA","28","30","2","days","2","days","NA","NA","NA","1.2727272727272727","1.3636363636363635","9.0909090909090912E-2","4.5454545454545456E-2","NA","2","days","9.0909090909090912E-2","temp","ambient","brain","brain stem","NA","not-ambiguous","1","NA","NA","NA","metabolic capacity","ALT","alanine-aminotransferase (ALT) activity","ug/30min/mg","Reitman and Frankel (1957)","figure4f",15,28,"-13","celsius",35.9702543289654,2.03151947344812,6,"0.82936435207924231",20.2421917913366,0.30064691617434,6,"0.12273858956140664","2","yes","raw","View study_notes","merged_03072025","merged_03072025_216",216,"constant",-13,"cooler",13,FALSE,FALSE,FALSE,"Rattus_norvegicus","Rattus_norvegicus",9.99416991840742,9.96937894577349,0.333333333333333,0.577350269189626,12,"2.s44"
"1","s44","Basha","2012","Mammalia","Rodentia","Muridae","Rattus","norvegicus","Wistar rat","22","22","70","1095","days","postnatal","male","NA","NA","NA","NA","14","16","2","days","2","days","NA","NA","NA","0.63636363636363635","0.72727272727272729","9.0909090909090912E-2","4.5454545454545456E-2","NA","2","days","9.0909090909090912E-2","temp","ambient","brain","brain stem","NA","not-ambiguous","1","NA","NA","NA","metabolic capacity","ALT","alanine-aminotransferase (ALT) activity","ug/30min/mg","Reitman and Frankel (1957)","figure4f",20,28,"-8","celsius",14.442087025948,2.08379301277174,6,"0.85070493514460566",10.7227495256668,1.54076147574604,6,"0.62901323848589963","3","yes","raw","View study_notes","merged_03072025","merged_03072025_217",217,"constant",-8,"cooler",8,FALSE,FALSE,FALSE,"Rattus_norvegicus","Rattus_norvegicus",1.87284884569242,0.59044058399138,0.333333333333333,0.577350269189626,12,"3.s44"
"1","s44","Basha","2012","Mammalia","Rodentia","Muridae","Rattus","norvegicus","Wistar rat","22","22","70","1095","days","postnatal","male","NA","NA","NA","NA","28","30","2","days","2","days","NA","NA","NA","1.2727272727272727","1.3636363636363635","9.0909090909090912E-2","4.5454545454545456E-2","NA","2","days","9.0909090909090912E-2","temp","ambient","brain","brain stem","NA","not-ambiguous","1","NA","NA","NA","metabolic capacity","ALT","alanine-aminotransferase (ALT) activity","ug/30min/mg","Reitman and Frankel (1957)","figure4f",20,28,"-8","celsius",20.1146346718266,0.463065113949263,6,"0.18904554114324054",20.2421917913366,0.30064691617434,6,"0.12273858956140664","4","yes","raw","View study_notes","merged_03072025","merged_03072025_218",218,"constant",-8,"cooler",8,FALSE,FALSE,FALSE,"Rattus_norvegicus","Rattus_norvegicus",-0.301495946455893,0.405297618951342,0.333333333333333,0.577350269189626,12,"4.s44"
"1","s44","Basha","2012","Mammalia","Rodentia","Muridae","Rattus","norvegicus","Wistar rat","22","22","70","1095","days","postnatal","male","NA","NA","NA","NA","14","16","2","days","2","days","NA","NA","NA","0.63636363636363635","0.72727272727272729","9.0909090909090912E-2","4.5454545454545456E-2","NA","2","days","9.0909090909090912E-2","temp","ambient","brain","brain stem","NA","not-ambiguous","1","NA","NA","NA","metabolic capacity","AST","asparatate-aminotransferase (AST) activity","ug/hr/mg","Reitman and Frankel (1957)","figure4g",15,28,"-13","celsius",18.0521823427757,3.75989143008862,6,"1.5349692486634083",10.7792234378981,2.36920005908479,6,"0.96722187388824887","1","yes","raw","View study_notes","merged_03072025","merged_03072025_219",219,"constant",-13,"cooler",13,FALSE,FALSE,FALSE,"Rattus_norvegicus","Rattus_norvegicus",2.13562870889346,0.670521709349638,0.333333333333333,0.577350269189626,12,"1.s44"
"1","s44","Basha","2012","Mammalia","Rodentia","Muridae","Rattus","norvegicus","Wistar rat","22","22","70","1095","days","postnatal","male","NA","NA","NA","NA","28","30","2","days","2","days","NA","NA","NA","1.2727272727272727","1.3636363636363635","9.0909090909090912E-2","4.5454545454545456E-2","NA","2","days","9.0909090909090912E-2","temp","ambient","brain","brain stem","NA","not-ambiguous","1","NA","NA","NA","metabolic capacity","AST","asparatate-aminotransferase (AST) activity","ug/hr/mg","Reitman and Frankel (1957)","figure4g",15,28,"-13","celsius",59.8181535871188,1.50992237402505,6,"0.61642322792886428",20.9062620764027,3.58297714998944,6,"1.4627442962542732","2","yes","raw","View study_notes","merged_03072025","merged_03072025_220",220,"constant",-13,"cooler",13,FALSE,FALSE,FALSE,"Rattus_norvegicus","Rattus_norvegicus",13.0598453337874,13.0873969921906,0.333333333333333,0.577350269189626,12,"2.s44"
"1","s44","Basha","2012","Mammalia","Rodentia","Muridae","Rattus","norvegicus","Wistar rat","22","22","70","1095","days","postnatal","male","NA","NA","NA","NA","14","16","2","days","2","days","NA","NA","NA","0.63636363636363635","0.72727272727272729","9.0909090909090912E-2","4.5454545454545456E-2","NA","2","days","9.0909090909090912E-2","temp","ambient","brain","brain stem","NA","not-ambiguous","1","NA","NA","NA","metabolic capacity","AST","asparatate-aminotransferase (AST) activity","ug/hr/mg","Reitman and Frankel (1957)","figure4g",20,28,"-8","celsius",11.448592060501,1.14712935739152,6,"0.46831359909599785",10.7792234378981,2.36920005908479,6,"0.96722187388824887","3","yes","raw","View study_notes","merged_03072025","merged_03072025_221",221,"constant",-8,"cooler",8,FALSE,FALSE,FALSE,"Rattus_norvegicus","Rattus_norvegicus",0.33183836452108,0.407623474375788,0.333333333333333,0.577350269189626,12,"3.s44"
"1","s44","Basha","2012","Mammalia","Rodentia","Muridae","Rattus","norvegicus","Wistar rat","22","22","70","1095","days","postnatal","male","NA","NA","NA","NA","28","30","2","days","2","days","NA","NA","NA","1.2727272727272727","1.3636363636363635","9.0909090909090912E-2","4.5454545454545456E-2","NA","2","days","9.0909090909090912E-2","temp","ambient","brain","brain stem","NA","not-ambiguous","1","NA","NA","NA","metabolic capacity","AST","asparatate-aminotransferase (AST) activity","ug/hr/mg","Reitman and Frankel (1957)","figure4g",20,28,"-8","celsius",46.4360374609424,3.8715615811964,6,"1.5805583969490009",20.9062620764027,3.58297714998944,6,"1.4627442962542732","4","yes","raw","View study_notes","merged_03072025","merged_03072025_222",222,"constant",-8,"cooler",8,FALSE,FALSE,FALSE,"Rattus_norvegicus","Rattus_norvegicus",6.31557669698452,2.40624499141704,0.333333333333333,0.577350269189626,12,"4.s44"
"1","s50","Dettleff","2020","Actinopterygii","Ophidiiformes","Ophidioidei","Genypterus","chilensis","red cusk-eel","4.5","220","440",NA,"days","postnatal","both","NA","NA","NA","NA","379","384","5","days","5","days","NA","NA","NA","0.86136363636363633","0.87272727272727268","1.1363636363636364E-2","1.1248593925759279E-2","NA","0","days","0","temp","ambient","muscle","skeletal muscle","NA","not-ambiguous","0","NA","NA","dna","oxidative damage","AP sites","DNA oxidative damage, apurinic/apyrimidinic (AP) sites in the gDNA","sites/10^5bp","OxiSelect Oxidative DNA damage Quantification Kit (Cell Biolabs)","figure4a",19,14,"5","celsius",5.07505152115809,0.995432452852647,6,"0.40638359714934302",2.00931756046497,0.315384564958394,6,"0.12875520948295399","1","no","raw","View study_notes","merged_03072025","merged_03072025_224",224,"constant",5,"warmer",5,FALSE,FALSE,FALSE,"Genypterus_chilensis","Genypterus_chilensis",-3.83131491027908,1.62451130220673,0.333333333333333,0.577350269189626,12,"1.s50"
"1","s50","Dettleff","2020","Actinopterygii","Ophidiiformes","Ophidioidei","Genypterus","chilensis","red cusk-eel","4.5","220","440",NA,"days","postnatal","both","NA","NA","NA","NA","379","384","5","days","5","days","NA","NA","NA","0.86136363636363633","0.87272727272727268","1.1363636363636364E-2","1.1248593925759279E-2","NA","0","days","0","temp","ambient","muscle","skeletal muscle","NA","not-ambiguous","0","NA","NA","lipids","oxidative damage","4HNE adducts","lipid peroxidation using hydroxynonenal (HNE) protein adducts","ug/ml","OxiSelect HNE Adduct Competitive ELISA assay (Cell Biolabs)","figure4b",19,14,"5","celsius",26.2682626794819,16.1948073834635,6,"6.61150242869053",2.42127634534746,2.39783212077017,6,"0.97891086412376205","1","no","raw","View study_notes","merged_03072025","merged_03072025_225",225,"constant",5,"warmer",5,FALSE,FALSE,FALSE,"Genypterus_chilensis","Genypterus_chilensis",-1.90084088170606,0.746150088854614,0.333333333333333,0.577350269189626,12,"1.s50"
"1","s50","Dettleff","2020","Actinopterygii","Ophidiiformes","Ophidioidei","Genypterus","chilensis","red cusk-eel","4.5","220","440",NA,"days","postnatal","both","NA","NA","NA","NA","379","384","5","days","5","days","NA","NA","NA","0.86136363636363633","0.87272727272727268","1.1363636363636364E-2","1.1248593925759279E-2","NA","0","days","0","temp","ambient","muscle","skeletal muscle","NA","not-ambiguous","1","NA","enzymatic","NA","antioxidant","cat mRNA","gene name: catalase","fold change","qPCR","figure5a",19,14,"5","celsius",2.10142809871669,0.869981385697657,6,"0.355168413446451",1.02211395495773,0.376776154228589,6,"0.15381822085137001","1","no","raw","View study_notes","merged_03072025","merged_03072025_226",226,"constant",5,"warmer",5,FALSE,FALSE,FALSE,"Genypterus_chilensis","Genypterus_chilensis",1.48561605766621,0.562000271847336,0.333333333333333,0.577350269189626,12,"1.s50"
"1","s50","Dettleff","2020","Actinopterygii","Ophidiiformes","Ophidioidei","Genypterus","chilensis","red cusk-eel","4.5","220","440",NA,"days","postnatal","both","NA","NA","NA","NA","379","384","5","days","5","days","NA","NA","NA","0.86136363636363633","0.87272727272727268","1.1363636363636364E-2","1.1248593925759279E-2","NA","0","days","0","temp","ambient","muscle","skeletal muscle","NA","not-ambiguous","1","NA","enzymatic","NA","antioxidant","sod1 mRNA","gene name: superoxide disumtase 1","fold change","qPCR","figure5b",19,14,"5","celsius",2.90215466888481,1.27326897367439,6,"0.51980988180324605",1.03650918246407,0.341549439638251,6,"0.13943697484120601","1","no","raw","View study_notes","merged_03072025","merged_03072025_227",227,"constant",5,"warmer",5,FALSE,FALSE,FALSE,"Genypterus_chilensis","Genypterus_chilensis",1.84678983669303,0.69834851774643,0.333333333333333,0.577350269189626,12,"1.s50"
"1","s50","Dettleff","2020","Actinopterygii","Ophidiiformes","Ophidioidei","Genypterus","chilensis","red cusk-eel","4.5","220","440",NA,"days","postnatal","both","NA","NA","NA","NA","379","384","5","days","5","days","NA","NA","NA","0.86136363636363633","0.87272727272727268","1.1363636363636364E-2","1.1248593925759279E-2","NA","0","days","0","temp","ambient","muscle","skeletal muscle","NA","not-ambiguous","1","NA","enzymatic","NA","antioxidant","gpx1 mRNA","gene name: glutation peroxidase 1","fold change","qPCR","fibgure5c",19,14,"5","celsius",1.34397652268623,1.06712430886367,6,"0.43565167480602401",1.00329740617402,0.605578915606102,6,"0.24722655703715099","1","no","raw","View study_notes","merged_03072025","merged_03072025_228",228,"constant",5,"warmer",5,FALSE,FALSE,FALSE,"Genypterus_chilensis","Genypterus_chilensis",0.362330576797619,0.408290393989959,0.333333333333333,0.577350269189626,12,"1.s50"
"1","s51","Pimentel","2019","Actinopterygii","Perciformes","Sparidae","Sparus","aurata","gilt-head seabream","2.5","182.5","365",NA,"days","both","both","0","2.5","2.5","days","0","15","15","days","17.5","days","0","1","1","0","4.1095890410958902E-2","4.1095890410958902E-2","4.7619047619047616E-2","15","0","days","0","temp","ambient","whole body","whole body","NA","not-ambiguous","1","NA","NA","NA","metabolic capacity","CS","citrate synthase activity; key enzyme of the Krebs cycle, located in the mito matrix, good indicator of aerobic metabolic potential","U/mg","Driedzic and deAlmedia (1996)","figure3",22,18,"4","celsius",2.07797715053836,0.0981948328688746,3,"5.6692813189875103E-2",1.86303870679891,0.246617041433348,3,"0.14238441525829201","1","no","raw","View study_notes","merged_03072025","merged_03072025_229",229,"constant",4,"warmer",4,FALSE,FALSE,FALSE,"Sparus_aurata","Sparus_aurata",0.913673628070721,1.15939801025204,0.666666666666667,0.816496580927726,6,"1.s51"
"1","s51","Pimentel","2019","Actinopterygii","Perciformes","Sparidae","Sparus","aurata","gilt-head seabream","2.5","182.5","365",NA,"days","both","both","0","2.5","2.5","days","0","15","15","days","17.5","days","0","1","1","0","4.1095890410958902E-2","4.1095890410958902E-2","4.7619047619047616E-2","15","0","days","0","temp","ambient","whole body","whole body","NA","not-ambiguous","1","NA","NA","NA","metabolic capacity","HOAD","B-hydroxyacyle CoA dehydrogenase; index of fatty acid oxidation and amino acid catabolism","U/mg","Driedzic and deAlmedia (1996)","figure5",22,18,"4","celsius",11.0023905108119,0.252712621361841,3,"0.14590369997087499",8.63501033622527,0.7494846327468,3,"0.43271515446985298","1","no","raw","View study_notes","merged_03072025","merged_03072025_231",231,"constant",4,"warmer",4,FALSE,FALSE,FALSE,"Sparus_aurata","Sparus_aurata",3.37736392294183,3.32886042631236,0.666666666666667,0.816496580927726,6,"1.s51"
"1","s51","Pimentel","2019","Actinopterygii","Perciformes","Sparidae","Sparus","aurata","gilt-head seabream","2.5","182.5","365",NA,"days","both","both","0","2.5","2.5","days","0","15","15","days","17.5","days","0","1","1","0","4.1095890410958902E-2","4.1095890410958902E-2","4.7619047619047616E-2","15","0","days","0","temp","ambient","whole body","whole body","NA","ambiguous","0","NA","NA","NA","metabolic capacity","LDH/CS","lactate dehydrogenase to citrate synthase enzyme activity ratio; used to determine which type of metabolism is prevalent","unitless","NA","table2",22,18,"4","celsius",1.36,0.19,3,"0.1096965511460289",1.12,0.22,3,"0.12701705922171769","1","no","raw","View study_notes","merged_03072025","merged_03072025_232",232,"constant",4,"warmer",4,FALSE,FALSE,FALSE,"Sparus_aurata","Sparus_aurata",-0.931618161976675,1.1107877521636,0.666666666666667,0.816496580927726,6,"1.s51"
"1","s52","Gauly","2001","Aves","Galliformes","Phasianidae","Meleagris","gallopavo domesitcus","turkey","26.5","52.5","105",NA,"days","prenatal","female","0","26.5","26.5","days","NA","NA","NA","NA","26.5","days","0","1","1","NA","NA","NA","0.33544303797468356","91","91","days","1.7333333333333334","temp","ambient","heart","heart","isolated","not-ambiguous","1","total oxphos","NA","NA","respiration","ADP-stimulated","state 3","ug/g/min","clark electrode","table5",38.8,37.8,"1","celsius",25.05,8.74,4,"4.37",27.93,11.51,50,"1.6277598102914324","1","yes","raw","View study_notes","merged_03072025","merged_03072025_233",233,"constant",1,"warmer",1,FALSE,FALSE,FALSE,"Meleagris_gallopavo","Meleagris_gallopavo",-0.277732370809812,0.271739990690698,0.27,0.519615242270663,14.8148148148148,"1.s52"
"1","s52","Gauly","2001","Aves","Galliformes","Phasianidae","Meleagris","gallopavo domesitcus","turkey","26.5","52.5","105",NA,"days","prenatal","female","0","26.5","26.5","days","NA","NA","NA","NA","26.5","days","0","1","1","NA","NA","NA","0.33544303797468356","91","91","days","1.7333333333333334","temp","ambient","heart","heart","isolated","not-ambiguous","1","mitochondrial efficiency","NA","NA","respiration","RCR","ADP/O ratio","unitless","clark electrode, Estabrook  (1967)","table5",38.8,37.8,"1","celsius",1.61,0.35,4,"0.17499999999999999",2.19,0.81,50,"0.1145512985522207","1","yes","raw","View study_notes","merged_03072025","merged_03072025_234",234,"constant",1,"warmer",1,FALSE,FALSE,FALSE,"Meleagris_gallopavo","Meleagris_gallopavo",-0.916094867062115,0.148826902832221,0.27,0.519615242270663,14.8148148148148,"1.s52"
"1","s52","Gauly","2001","Aves","Galliformes","Phasianidae","Meleagris","gallopavo domesitcus","turkey","26.5","52.5","105",NA,"days","prenatal","female","0","26.5","26.5","days","NA","NA","NA","NA","26.5","days","0","1","1","NA","NA","NA","0.33544303797468356","91","91","days","1.7333333333333334","temp","ambient","heart","heart","isolated","not-ambiguous","1","NA","NA","NA","metabolic capacity","complex II","succinate dehydrogenase","umol/g","photometric determination","table5",38.8,37.8,"1","celsius",38.58,22.37,4,"11.185",45.45,16.89,50,"2.3886067068481576","1","yes","raw","View study_notes","merged_03072025","merged_03072025_235",235,"constant",1,"warmer",1,FALSE,FALSE,FALSE,"Meleagris_gallopavo","Meleagris_gallopavo",-0.341586781673861,0.447475436192574,0.27,0.519615242270663,14.8148148148148,"1.s52"
"1","s52","Gauly","2001","Aves","Galliformes","Phasianidae","Meleagris","gallopavo domesitcus","turkey","26.5","52.5","105",NA,"days","prenatal","female","0","26.5","26.5","days","NA","NA","NA","NA","26.5","days","0","1","1","NA","NA","NA","0.33544303797468356","91","91","days","1.7333333333333334","temp","ambient","heart","heart","isolated","not-ambiguous","1","NA","NA","NA","metabolic capacity","glutamate DH","glutamate dehydrogenase","umol/g","photometric determination","table5",38.8,37.8,"1","celsius",42.12,7.88,4,"3.94",48.39,8.56,50,"1.2105668093913693","1","yes","raw","View study_notes","merged_03072025","merged_03072025_236",236,"constant",1,"warmer",1,FALSE,FALSE,FALSE,"Meleagris_gallopavo","Meleagris_gallopavo",-0.75106788183431,0.349367936133106,0.27,0.519615242270663,14.8148148148148,"1.s52"
"1","s52","Gauly","2001","Aves","Galliformes","Phasianidae","Meleagris","gallopavo domesitcus","turkey","26.5","52.5","105",NA,"days","prenatal","female","0","26.5","26.5","days","NA","NA","NA","NA","26.5","days","0","1","1","NA","NA","NA","0.33544303797468356","91","91","days","1.7333333333333334","temp","ambient","liver","liver","isolated","not-ambiguous","1","total oxphos","NA","NA","respiration","ADP-stimulated","state 3","ug/g/min","clark electrode","table5",38.8,37.8,"1","celsius",24.24,9.78,4,"4.8899999999999997",22.99,9.11,50,"1.2883485553218894","1","yes","raw","View study_notes","merged_03072025","merged_03072025_237",237,"constant",1,"warmer",1,FALSE,FALSE,FALSE,"Meleagris_gallopavo","Meleagris_gallopavo",0.130343598306338,0.376760749765479,0.27,0.519615242270663,14.8148148148148,"1.s52"
"1","s52","Gauly","2001","Aves","Galliformes","Phasianidae","Meleagris","gallopavo domesitcus","turkey","26.5","52.5","105",NA,"days","prenatal","female","0","26.5","26.5","days","NA","NA","NA","NA","26.5","days","0","1","1","NA","NA","NA","0.33544303797468356","91","91","days","1.7333333333333334","temp","ambient","liver","liver","isolated","not-ambiguous","1","mitochondrial efficiency","NA","NA","respiration","RCR","ADP/O ratio","unitless","clark electrode, Estabrook  (1967)","table5",38.8,37.8,"1","celsius",2.1,0.68,4,"0.34",1.96,0.76,50,"0.10748023074035522","1","yes","raw","View study_notes","merged_03072025","merged_03072025_238",238,"constant",1,"warmer",1,FALSE,FALSE,FALSE,"Meleagris_gallopavo","Meleagris_gallopavo",0.191329097051874,0.320400325240621,0.27,0.519615242270663,14.8148148148148,"1.s52"
"1","s52","Gauly","2001","Aves","Galliformes","Phasianidae","Meleagris","gallopavo domesitcus","turkey","26.5","52.5","105",NA,"days","prenatal","female","0","26.5","26.5","days","NA","NA","NA","NA","26.5","days","0","1","1","NA","NA","NA","0.33544303797468356","91","91","days","1.7333333333333334","temp","ambient","liver","liver","isolated","not-ambiguous","1","NA","NA","NA","metabolic capacity","complex II","succinate dehydrogenase","umol/g","photometric determination","table5",38.8,37.8,"1","celsius",42.26,4.02,4,"2.0099999999999998",43.97,9.33,50,"1.3194612536940977","1","yes","raw","View study_notes","merged_03072025","merged_03072025_239",239,"constant",1,"warmer",1,FALSE,FALSE,FALSE,"Meleagris_gallopavo","Meleagris_gallopavo",-0.234588301065128,0.139435622689602,0.27,0.519615242270663,14.8148148148148,"1.s52"
"1","s52","Gauly","2001","Aves","Galliformes","Phasianidae","Meleagris","gallopavo domesitcus","turkey","26.5","52.5","105",NA,"days","prenatal","female","0","26.5","26.5","days","NA","NA","NA","NA","26.5","days","0","1","1","NA","NA","NA","0.33544303797468356","91","91","days","1.7333333333333334","temp","ambient","liver","liver","isolated","not-ambiguous","1","NA","NA","NA","metabolic capacity","glutamate DH","glutamate dehydrogenase","umol/g","photometric determination","table5",38.8,37.8,"1","celsius",33.98,7.21,4,"3.605",45.11,6.73,50,"0.95176572747709298","1","yes","raw","View study_notes","merged_03072025","merged_03072025_240",240,"constant",1,"warmer",1,FALSE,FALSE,FALSE,"Meleagris_gallopavo","Meleagris_gallopavo",-1.57275015237746,0.498468386213752,0.27,0.519615242270663,14.8148148148148,"1.s52"
"1","s52","Gauly","2001","Aves","Galliformes","Phasianidae","Meleagris","gallopavo domesitcus","turkey","26.5","52.5","105",NA,"days","prenatal","male","0","26.5","26.5","days","NA","NA","NA","NA","26.5","days","0","1","1","NA","NA","NA","0.33544303797468356","105","105","days","2","temp","ambient","heart","heart","isolated","not-ambiguous","1","total oxphos","NA","NA","respiration","ADP-stimulated","state 3","ug/g/min","clark electrode","table5",38.8,37.8,"1","celsius",18.98,4.51,5,"2.0169333157048102",18.38,5.24,43,"0.79909250854284852","2","yes","raw","View study_notes","merged_03072025","merged_03072025_241",241,"constant",1,"warmer",1,FALSE,FALSE,FALSE,"Meleagris_gallopavo","Meleagris_gallopavo",0.120719531426946,0.240514895153964,0.223255813953488,0.472499538574895,17.9166666666667,"2.s52"
"1","s52","Gauly","2001","Aves","Galliformes","Phasianidae","Meleagris","gallopavo domesitcus","turkey","26.5","52.5","105",NA,"days","prenatal","male","0","26.5","26.5","days","NA","NA","NA","NA","26.5","days","0","1","1","NA","NA","NA","0.33544303797468356","105","105","days","2","temp","ambient","heart","heart","isolated","not-ambiguous","1","mitochondrial efficiency","NA","NA","respiration","RCR","ADP/O ratio","unitless","clark electrode, Estabrook  (1967)","table5",38.8,37.8,"1","celsius",3.62,0.88,5,"0.39354796403996295",3.23,1.24,43,"0.1890982272124298","2","yes","raw","View study_notes","merged_03072025","merged_03072025_242",242,"constant",1,"warmer",1,FALSE,FALSE,FALSE,"Meleagris_gallopavo","Meleagris_gallopavo",0.356779984564753,0.201598544625253,0.223255813953488,0.472499538574895,17.9166666666667,"2.s52"
"1","s52","Gauly","2001","Aves","Galliformes","Phasianidae","Meleagris","gallopavo domesitcus","turkey","26.5","52.5","105",NA,"days","prenatal","male","0","26.5","26.5","days","NA","NA","NA","NA","26.5","days","0","1","1","NA","NA","NA","0.33544303797468356","91","91","days","1.7333333333333334","temp","ambient","heart","heart","isolated","not-ambiguous","1","NA","NA","NA","metabolic capacity","complex II","succinate dehydrogenase","umol/g","photometric determination","table5",38.8,37.8,"1","celsius",35.12,11.6,5,"5.1876777077995113",39.28,14.46,43,"2.2051293270094638","2","yes","raw","View study_notes","merged_03072025","merged_03072025_243",243,"constant",1,"warmer",1,FALSE,FALSE,FALSE,"Meleagris_gallopavo","Meleagris_gallopavo",-0.312150428694952,0.227049847501818,0.223255813953488,0.472499538574895,17.9166666666667,"2.s52"
"1","s52","Gauly","2001","Aves","Galliformes","Phasianidae","Meleagris","gallopavo domesitcus","turkey","26.5","52.5","105",NA,"days","prenatal","male","0","26.5","26.5","days","NA","NA","NA","NA","26.5","days","0","1","1","NA","NA","NA","0.33544303797468356","91","91","days","1.7333333333333334","temp","ambient","heart","heart","isolated","not-ambiguous","1","NA","NA","NA","metabolic capacity","glutamate DH","glutamate dehydrogenase","umol/g","photometric determination","table5",38.8,37.8,"1","celsius",45.58,5.03,5,"2.2494843853647883",47.65,9.59,43,"1.4624612894896787","2","yes","raw","View study_notes","merged_03072025","merged_03072025_244",244,"constant",1,"warmer",1,FALSE,FALSE,FALSE,"Meleagris_gallopavo","Meleagris_gallopavo",-0.265893992269832,0.14614970627763,0.223255813953488,0.472499538574895,17.9166666666667,"2.s52"
"1","s52","Gauly","2001","Aves","Galliformes","Phasianidae","Meleagris","gallopavo domesitcus","turkey","26.5","52.5","105",NA,"days","prenatal","male","0","26.5","26.5","days","NA","NA","NA","NA","26.5","days","0","1","1","NA","NA","NA","0.33544303797468356","105","105","days","2","temp","ambient","liver","liver","isolated","not-ambiguous","1","total oxphos","NA","NA","respiration","ADP-stimulated","state 3","ug/g/min","clark electrode","table5",38.8,37.8,"1","celsius",16.28,2.52,5,"1.1269782606598939",17.37,4.8,43,"0.73199313759650242","2","yes","raw","View study_notes","merged_03072025","merged_03072025_245",245,"constant",1,"warmer",1,FALSE,FALSE,FALSE,"Meleagris_gallopavo","Meleagris_gallopavo",-0.279674931095699,0.146393960940343,0.223255813953488,0.472499538574895,17.9166666666667,"2.s52"
"1","s52","Gauly","2001","Aves","Galliformes","Phasianidae","Meleagris","gallopavo domesitcus","turkey","26.5","52.5","105",NA,"days","prenatal","male","0","26.5","26.5","days","NA","NA","NA","NA","26.5","days","0","1","1","NA","NA","NA","0.33544303797468356","105","105","days","2","temp","ambient","liver","liver","isolated","not-ambiguous","1","mitochondrial efficiency","NA","NA","respiration","RCR","ADP/O ratio","unitless","clark electrode, Estabrook  (1967)","table5",38.8,37.8,"1","celsius",1.49,0.35,5,"0.15652475842498526",1.6,0.65,43,"9.9124070716193044E-2","2","yes","raw","View study_notes","merged_03072025","merged_03072025_246",246,"constant",1,"warmer",1,FALSE,FALSE,FALSE,"Meleagris_gallopavo","Meleagris_gallopavo",-0.20726416649383,0.149879644638733,0.223255813953488,0.472499538574895,17.9166666666667,"2.s52"
"1","s52","Gauly","2001","Aves","Galliformes","Phasianidae","Meleagris","gallopavo domesitcus","turkey","26.5","52.5","105",NA,"days","prenatal","male","0","26.5","26.5","days","NA","NA","NA","NA","26.5","days","0","1","1","NA","NA","NA","0.33544303797468356","105","105","days","2","temp","ambient","liver","liver","isolated","not-ambiguous","1","NA","NA","NA","metabolic capacity","complex II","succinate dehydrogenase","umol/g","photometric determination","table5",38.8,37.8,"1","celsius",29.83,2.5,5,"1.1180339887498949",31.12,5.86,43,"0.8936416221490634","2","yes","raw","View study_notes","merged_03072025","merged_03072025_247",247,"constant",1,"warmer",1,FALSE,FALSE,FALSE,"Meleagris_gallopavo","Meleagris_gallopavo",-0.281651530005176,0.118187858923922,0.223255813953488,0.472499538574895,17.9166666666667,"2.s52"
"1","s52","Gauly","2001","Aves","Galliformes","Phasianidae","Meleagris","gallopavo domesitcus","turkey","26.5","52.5","105",NA,"days","prenatal","male","0","26.5","26.5","days","NA","NA","NA","NA","26.5","days","0","1","1","NA","NA","NA","0.33544303797468356","105","105","days","2","temp","ambient","liver","liver","isolated","not-ambiguous","1","NA","NA","NA","metabolic capacity","glutamate DH","glutamate dehydrogenase","umol/g","photometric determination","table5",38.8,37.8,"1","celsius",48.42,8.3,5,"3.711872842649651",39.67,7.7,43,"1.174238991561056","2","yes","raw","View study_notes","merged_03072025","merged_03072025_248",248,"constant",1,"warmer",1,FALSE,FALSE,FALSE,"Meleagris_gallopavo","Meleagris_gallopavo",1.07504763870626,0.33542265233129,0.223255813953488,0.472499538574895,17.9166666666667,"2.s52"
"1","s52","Gauly","2001","Aves","Galliformes","Phasianidae","Meleagris","gallopavo domesitcus","turkey","26.5","52.5","105",NA,"days","prenatal","female","0","26.5","26.5","days","NA","NA","NA","NA","26.5","days","0","1","1","NA","NA","NA","0.33544303797468356","91","91","days","1.7333333333333334","temp","ambient","heart","heart","isolated","not-ambiguous","1","total oxphos","NA","NA","respiration","ADP-stimulated","state 3","ug/g/min","clark electrode","table5",36.8,37.8,"-1","celsius",28.26,7.64,12,"2.2054780283043707",27.93,11.51,50,"1.6277598102914324","1","yes","raw","View study_notes","merged_03072025","merged_03072025_249",249,"constant",-1,"cooler",1,FALSE,FALSE,FALSE,"Meleagris_gallopavo","Meleagris_gallopavo",0.033357495396062,0.0839506305113313,0.103333333333333,0.321455025366432,38.7096774193548,"1.s52"
"1","s52","Gauly","2001","Aves","Galliformes","Phasianidae","Meleagris","gallopavo domesitcus","turkey","26.5","52.5","105",NA,"days","prenatal","female","0","26.5","26.5","days","NA","NA","NA","NA","26.5","days","0","1","1","NA","NA","NA","0.33544303797468356","91","91","days","1.7333333333333334","temp","ambient","heart","heart","isolated","not-ambiguous","1","mitochondrial efficiency","NA","NA","respiration","RCR","ADP/O ratio","unitless","clark electrode, Estabrook  (1967)","table5",36.8,37.8,"-1","celsius",2.1,0.78,12,"0.22516660498395408",2.19,0.81,50,"0.1145512985522207","1","yes","raw","View study_notes","merged_03072025","merged_03072025_250",250,"constant",-1,"cooler",1,FALSE,FALSE,FALSE,"Meleagris_gallopavo","Meleagris_gallopavo",-0.111765644873145,0.108823546456094,0.103333333333333,0.321455025366432,38.7096774193548,"1.s52"
"1","s52","Gauly","2001","Aves","Galliformes","Phasianidae","Meleagris","gallopavo domesitcus","turkey","26.5","52.5","105",NA,"days","prenatal","female","0","26.5","26.5","days","NA","NA","NA","NA","26.5","days","0","1","1","NA","NA","NA","0.33544303797468356","91","91","days","1.7333333333333334","temp","ambient","heart","heart","isolated","not-ambiguous","1","NA","NA","NA","metabolic capacity","complex II","succinate dehydrogenase","umol/g","photometric determination","table5",36.8,37.8,"-1","celsius",38.9,15.62,12,"4.509105602370977",45.45,16.89,50,"2.3886067068481576","1","yes","raw","View study_notes","merged_03072025","merged_03072025_251",251,"constant",-1,"cooler",1,FALSE,FALSE,FALSE,"Meleagris_gallopavo","Meleagris_gallopavo",-0.397588153249174,0.10781303912449,0.103333333333333,0.321455025366432,38.7096774193548,"1.s52"
"1","s52","Gauly","2001","Aves","Galliformes","Phasianidae","Meleagris","gallopavo domesitcus","turkey","26.5","52.5","105",NA,"days","prenatal","female","0","26.5","26.5","days","NA","NA","NA","NA","26.5","days","0","1","1","NA","NA","NA","0.33544303797468356","91","91","days","1.7333333333333334","temp","ambient","heart","heart","isolated","not-ambiguous","1","NA","NA","NA","metabolic capacity","glutamate DH","glutamate dehydrogenase","umol/g","photometric determination","table5",36.8,37.8,"-1","celsius",45.15,8.74,12,"2.5230206763586649",48.39,8.56,50,"1.2105668093913693","1","yes","raw","View study_notes","merged_03072025","merged_03072025_252",252,"constant",-1,"cooler",1,FALSE,FALSE,FALSE,"Meleagris_gallopavo","Meleagris_gallopavo",-0.369841493602733,0.114738437510605,0.103333333333333,0.321455025366432,38.7096774193548,"1.s52"
"1","s52","Gauly","2001","Aves","Galliformes","Phasianidae","Meleagris","gallopavo domesitcus","turkey","26.5","52.5","105",NA,"days","prenatal","female","0","26.5","26.5","days","NA","NA","NA","NA","26.5","days","0","1","1","NA","NA","NA","0.33544303797468356","91","91","days","1.7333333333333334","temp","ambient","liver","liver","isolated","not-ambiguous","1","total oxphos","NA","NA","respiration","ADP-stimulated","state 3","ug/g/min","clark electrode","table5",36.8,37.8,"-1","celsius",23.82,7.15,12,"2.0640272123529124",22.99,9.11,50,"1.2883485553218894","1","yes","raw","View study_notes","merged_03072025","merged_03072025_253",253,"constant",-1,"cooler",1,FALSE,FALSE,FALSE,"Meleagris_gallopavo","Meleagris_gallopavo",0.100084148527809,0.0946694443758615,0.103333333333333,0.321455025366432,38.7096774193548,"1.s52"
"1","s52","Gauly","2001","Aves","Galliformes","Phasianidae","Meleagris","gallopavo domesitcus","turkey","26.5","52.5","105",NA,"days","prenatal","female","0","26.5","26.5","days","NA","NA","NA","NA","26.5","days","0","1","1","NA","NA","NA","0.33544303797468356","91","91","days","1.7333333333333334","temp","ambient","liver","liver","isolated","not-ambiguous","1","mitochondrial efficiency","NA","NA","respiration","RCR","ADP/O ratio","unitless","clark electrode, Estabrook  (1967)","table5",36.8,37.8,"-1","celsius",1.6,0.43,12,"0.12413030787576955",1.96,0.76,50,"0.10748023074035522","1","yes","raw","View study_notes","merged_03072025","merged_03072025_254",254,"constant",-1,"cooler",1,FALSE,FALSE,FALSE,"Meleagris_gallopavo","Meleagris_gallopavo",-0.575715354591193,0.0778347515082449,0.103333333333333,0.321455025366432,38.7096774193548,"1.s52"
"1","s52","Gauly","2001","Aves","Galliformes","Phasianidae","Meleagris","gallopavo domesitcus","turkey","26.5","52.5","105",NA,"days","prenatal","female","0","26.5","26.5","days","NA","NA","NA","NA","26.5","days","0","1","1","NA","NA","NA","0.33544303797468356","91","91","days","1.7333333333333334","temp","ambient","liver","liver","isolated","not-ambiguous","1","NA","NA","NA","metabolic capacity","complex II","succinate dehydrogenase","umol/g","photometric determination","table5",36.8,37.8,"-1","celsius",35.92,8.46,12,"2.4421916386721172",43.97,9.33,50,"1.3194612536940977","1","yes","raw","View study_notes","merged_03072025","merged_03072025_255",255,"constant",-1,"cooler",1,FALSE,FALSE,FALSE,"Meleagris_gallopavo","Meleagris_gallopavo",-0.892568300402133,0.114259109924949,0.103333333333333,0.321455025366432,38.7096774193548,"1.s52"
"1","s52","Gauly","2001","Aves","Galliformes","Phasianidae","Meleagris","gallopavo domesitcus","turkey","26.5","52.5","105",NA,"days","prenatal","female","0","26.5","26.5","days","NA","NA","NA","NA","26.5","days","0","1","1","NA","NA","NA","0.33544303797468356","91","91","days","1.7333333333333334","temp","ambient","liver","liver","isolated","not-ambiguous","1","NA","NA","NA","metabolic capacity","glutamate DH","glutamate dehydrogenase","umol/g","photometric determination","table5",36.8,37.8,"-1","celsius",36.45,6.77,12,"1.9543306612068831",45.11,6.73,50,"0.95176572747709298","1","yes","raw","View study_notes","merged_03072025","merged_03072025_256",256,"constant",-1,"cooler",1,FALSE,FALSE,FALSE,"Meleagris_gallopavo","Meleagris_gallopavo",-1.26684199253849,0.134234914908886,0.103333333333333,0.321455025366432,38.7096774193548,"1.s52"
"1","s52","Gauly","2001","Aves","Galliformes","Phasianidae","Meleagris","gallopavo domesitcus","turkey","26.5","52.5","105",NA,"days","prenatal","male","0","26.5","26.5","days","NA","NA","NA","NA","26.5","days","0","1","1","NA","NA","NA","0.33544303797468356","105","105","days","2","temp","ambient","heart","heart","isolated","not-ambiguous","1","total oxphos","NA","NA","respiration","ADP-stimulated","state 3","ug/g/min","clark electrode","table5",36.8,37.8,"-1","celsius",20.24,9.52,12,"2.7481872813426187",18.38,5.24,43,"0.79909250854284852","2","yes","raw","View study_notes","merged_03072025","merged_03072025_257",257,"constant",-1,"cooler",1,FALSE,FALSE,FALSE,"Meleagris_gallopavo","Meleagris_gallopavo",0.238616773958139,0.152175556157707,0.106589147286822,0.326479933972705,37.5272727272727,"2.s52"
"1","s52","Gauly","2001","Aves","Galliformes","Phasianidae","Meleagris","gallopavo domesitcus","turkey","26.5","52.5","105",NA,"days","prenatal","male","0","26.5","26.5","days","NA","NA","NA","NA","26.5","days","0","1","1","NA","NA","NA","0.33544303797468356","105","105","days","2","temp","ambient","heart","heart","isolated","not-ambiguous","1","mitochondrial efficiency","NA","NA","respiration","RCR","ADP/O ratio","unitless","clark electrode, Estabrook  (1967)","table5",36.8,37.8,"-1","celsius",3.02,1.33,12,"0.38393792901110119",3.23,1.24,43,"0.1890982272124298","2","yes","raw","View study_notes","merged_03072025","merged_03072025_258",258,"constant",-1,"cooler",1,FALSE,FALSE,FALSE,"Meleagris_gallopavo","Meleagris_gallopavo",-0.161000023885063,0.119816377795162,0.106589147286822,0.326479933972705,37.5272727272727,"2.s52"
"1","s52","Gauly","2001","Aves","Galliformes","Phasianidae","Meleagris","gallopavo domesitcus","turkey","26.5","52.5","105",NA,"days","prenatal","male","0","26.5","26.5","days","NA","NA","NA","NA","26.5","days","0","1","1","NA","NA","NA","0.33544303797468356","91","91","days","1.7333333333333334","temp","ambient","heart","heart","isolated","not-ambiguous","1","NA","NA","NA","metabolic capacity","complex II","succinate dehydrogenase","umol/g","photometric determination","table5",36.8,37.8,"-1","celsius",34.21,15.44,12,"4.4571440781439113",39.28,14.46,43,"2.2051293270094638","2","yes","raw","View study_notes","merged_03072025","merged_03072025_259",259,"constant",-1,"cooler",1,FALSE,FALSE,FALSE,"Meleagris_gallopavo","Meleagris_gallopavo",-0.334125429866355,0.120842784689265,0.106589147286822,0.326479933972705,37.5272727272727,"2.s52"
"1","s52","Gauly","2001","Aves","Galliformes","Phasianidae","Meleagris","gallopavo domesitcus","turkey","26.5","52.5","105",NA,"days","prenatal","male","0","26.5","26.5","days","NA","NA","NA","NA","26.5","days","0","1","1","NA","NA","NA","0.33544303797468356","91","91","days","1.7333333333333334","temp","ambient","heart","heart","isolated","not-ambiguous","1","NA","NA","NA","metabolic capacity","glutamate DH","glutamate dehydrogenase","umol/g","photometric determination","table5",36.8,37.8,"-1","celsius",48.18,8.74,12,"2.5230206763586649",47.65,9.59,43,"1.4624612894896787","2","yes","raw","View study_notes","merged_03072025","merged_03072025_260",260,"constant",-1,"cooler",1,FALSE,FALSE,FALSE,"Meleagris_gallopavo","Meleagris_gallopavo",0.0569446419294664,0.108550740444121,0.106589147286822,0.326479933972705,37.5272727272727,"2.s52"
"1","s52","Gauly","2001","Aves","Galliformes","Phasianidae","Meleagris","gallopavo domesitcus","turkey","26.5","52.5","105",NA,"days","prenatal","male","0","26.5","26.5","days","NA","NA","NA","NA","26.5","days","0","1","1","NA","NA","NA","0.33544303797468356","105","105","days","2","temp","ambient","liver","liver","isolated","not-ambiguous","1","total oxphos","NA","NA","respiration","ADP-stimulated","state 3","ug/g/min","clark electrode","table5",36.8,37.8,"-1","celsius",19.51,4.24,12,"1.2239825706820067",17.37,4.8,43,"0.73199313759650242","2","yes","raw","View study_notes","merged_03072025","merged_03072025_261",261,"constant",-1,"cooler",1,FALSE,FALSE,FALSE,"Meleagris_gallopavo","Meleagris_gallopavo",0.465821532479739,0.109146918733261,0.106589147286822,0.326479933972705,37.5272727272727,"2.s52"
"1","s52","Gauly","2001","Aves","Galliformes","Phasianidae","Meleagris","gallopavo domesitcus","turkey","26.5","52.5","105",NA,"days","prenatal","male","0","26.5","26.5","days","NA","NA","NA","NA","26.5","days","0","1","1","NA","NA","NA","0.33544303797468356","105","105","days","2","temp","ambient","liver","liver","isolated","not-ambiguous","1","mitochondrial efficiency","NA","NA","respiration","RCR","ADP/O ratio","unitless","clark electrode, Estabrook  (1967)","table5",36.8,37.8,"-1","celsius",1.55,0.61,12,"0.17609183210283585",1.6,0.65,43,"9.9124070716193044E-2","2","yes","raw","View study_notes","merged_03072025","merged_03072025_262",262,"constant",-1,"cooler",1,FALSE,FALSE,FALSE,"Meleagris_gallopavo","Meleagris_gallopavo",-0.0781963772628914,0.110544144092202,0.106589147286822,0.326479933972705,37.5272727272727,"2.s52"
"1","s52","Gauly","2001","Aves","Galliformes","Phasianidae","Meleagris","gallopavo domesitcus","turkey","26.5","52.5","105",NA,"days","prenatal","male","0","26.5","26.5","days","NA","NA","NA","NA","26.5","days","0","1","1","NA","NA","NA","0.33544303797468356","105","105","days","2","temp","ambient","liver","liver","isolated","not-ambiguous","1","NA","NA","NA","metabolic capacity","complex II","succinate dehydrogenase","umol/g","photometric determination","table5",36.8,37.8,"-1","celsius",26.24,6.99,12,"2.0178391908177424",31.12,5.86,43,"0.8936416221490634","2","yes","raw","View study_notes","merged_03072025","merged_03072025_263",263,"constant",-1,"cooler",1,FALSE,FALSE,FALSE,"Meleagris_gallopavo","Meleagris_gallopavo",-0.745847178387092,0.136277892762165,0.106589147286822,0.326479933972705,37.5272727272727,"2.s52"
"1","s52","Gauly","2001","Aves","Galliformes","Phasianidae","Meleagris","gallopavo domesitcus","turkey","26.5","52.5","105",NA,"days","prenatal","male","0","26.5","26.5","days","NA","NA","NA","NA","26.5","days","0","1","1","NA","NA","NA","0.33544303797468356","105","105","days","2","temp","ambient","liver","liver","isolated","not-ambiguous","1","NA","NA","NA","metabolic capacity","glutamate DH","glutamate dehydrogenase","umol/g","photometric determination","table5",36.8,37.8,"-1","celsius",41.58,16.03,12,"4.6274624075548507",39.67,7.7,43,"1.174238991561056","2","yes","raw","View study_notes","merged_03072025","merged_03072025_264",264,"constant",-1,"cooler",1,FALSE,FALSE,FALSE,"Meleagris_gallopavo","Meleagris_gallopavo",0.149729850664614,0.157340980817229,0.106589147286822,0.326479933972705,37.5272727272727,"2.s52"
"1","s53","Price","2017","Reptilia","Crocodilia","Alligatoridae","Alligator","mississippiensis","American alligator","70","2555","5110",NA,"days","postnatal","both","NA","NA","NA","NA","270","360","90","days","90","days","NA","NA","NA","5.2837573385518588E-2","7.0450097847358117E-2","1.7612524461839529E-2","1.7374517374517374E-2","NA","120","days","4.6966731898238745E-2","temp","ambient","muscle","thigh","permeabilized","not-ambiguous","1","basal","NA","NA","respiration","Leak","samples were measured at 30 and 20 C and Q10 values were calculated (rate at 30/rate at 20); we used the Q10 values; leak respiration was measured with glutamate and malate as substrates, but no ADP; the lack of ADP prevents OXPHOS by ATP synthase such that oxygen consumption at this stage representes that required to counteract proton slip and the leak of protons acorss the inner mitochondrial membrane and back into the mitochondrial matrix","unitless","oroboros","figure4",20,30,"-10","celsius",6.33540372670814,8.21567988262683,6,"3.3540372670807601",14.1614906832299,6.38997324204302,6,"2.60869565217389","1","no","raw","View study_notes","merged_03072025","merged_03072025_265",265,"constant",-10,"cooler",10,FALSE,FALSE,FALSE,"Alligator_mississippiensis","Alligator_mississippiensis",-0.981225843232866,0.451057105567729,0.333333333333333,0.577350269189626,12,"1.s53"
"1","s53","Price","2017","Reptilia","Crocodilia","Alligatoridae","Alligator","mississippiensis","American alligator","70","2555","5110",NA,"days","postnatal","both","NA","NA","NA","NA","270","360","90","days","90","days","NA","NA","NA","5.2837573385518588E-2","7.0450097847358117E-2","1.7612524461839529E-2","1.7374517374517374E-2","NA","120","days","4.6966731898238745E-2","temp","ambient","heart","left ventricle","permeabilized","not-ambiguous","1","basal","NA","NA","respiration","Leak","samples were measured at 30 and 20 C and Q10 values were calculated (rate at 30/rate at 20); we used the Q10 values; leak respiration was measured with glutamate and malate as substrates, but no ADP; the lack of ADP prevents OXPHOS by ATP synthase such that oxygen consumption at this stage representes that required to counteract proton slip and the leak of protons acorss the inner mitochondrial membrane and back into the mitochondrial matrix","unitless","oroboros","figure4",20,30,"-10","celsius",21.4448669201522,23.7262357414449,4,"11.8631178707224",12.7756653992397,6.7058274327144,6,"2.7376425855513302","1","no","raw","View study_notes","merged_03072025","merged_03072025_266",266,"constant",-10,"cooler",10,FALSE,FALSE,FALSE,"Alligator_mississippiensis","Alligator_mississippiensis",0.448871693855758,0.675847467745756,0.416666666666667,0.645497224367903,9.6,"1.s53"
"1","s53","Price","2017","Reptilia","Crocodilia","Alligatoridae","Alligator","mississippiensis","American alligator","70","2555","5110",NA,"days","postnatal","both","NA","NA","NA","NA","270","360","90","days","90","days","NA","NA","NA","5.2837573385518588E-2","7.0450097847358117E-2","1.7612524461839529E-2","1.7374517374517374E-2","NA","120","days","4.6966731898238745E-2","temp","ambient","muscle","thigh","permeabilized","not-ambiguous","1","total oxphos","NA","NA","respiration","OXPHOSCI respiration","samples were measured at 30 and 20 C and Q10 values were calculated (rate at 30/rate at 20); we used the Q10 values; maximial capacity for oxidative phosphorylation with combined inputs from complexes I and II; determined by adding ADP","unitless","oroboros","figure4",20,30,"-10","celsius",42.4844720496895,8.2156798826268,6,"3.3540372670807401",51.4285714285715,9.1285332029187,6,"3.7267080745341699","1","no","raw","View study_notes","merged_03072025","merged_03072025_267",267,"constant",-10,"cooler",10,FALSE,FALSE,FALSE,"Alligator_mississippiensis","Alligator_mississippiensis",-0.950371302195927,0.445657910750448,0.333333333333333,0.577350269189626,12,"1.s53"
"1","s53","Price","2017","Reptilia","Crocodilia","Alligatoridae","Alligator","mississippiensis","American alligator","70","2555","5110",NA,"days","postnatal","both","NA","NA","NA","NA","270","360","90","days","90","days","NA","NA","NA","5.2837573385518588E-2","7.0450097847358117E-2","1.7612524461839529E-2","1.7374517374517374E-2","NA","120","days","4.6966731898238745E-2","temp","ambient","heart","left ventricle","permeabilized","not-ambiguous","1","total oxphos","NA","NA","respiration","OXPHOSCI respiration","samples were measured at 30 and 20 C and Q10 values were calculated (rate at 30/rate at 20); we used the Q10 values; maximial capacity for oxidative phosphorylation with combined inputs from complexes I and II; determined by adding ADP","unitless","oroboros","figure4",20,30,"-10","celsius",66.1596958174906,11.8631178707224,4,"5.9315589353611804",76.1977186311788,22.352758109048,6,"9.1254752851710901","1","no","raw","View study_notes","merged_03072025","merged_03072025_268",268,"constant",-10,"cooler",10,FALSE,FALSE,FALSE,"Alligator_mississippiensis","Alligator_mississippiensis",-0.506395175448258,0.476279368728625,0.416666666666667,0.645497224367903,9.6,"1.s53"
"1","s53","Price","2017","Reptilia","Crocodilia","Alligatoridae","Alligator","mississippiensis","American alligator","70","2555","5110",NA,"days","postnatal","both","NA","NA","NA","NA","270","360","90","days","90","days","NA","NA","NA","5.2837573385518588E-2","7.0450097847358117E-2","1.7612524461839529E-2","1.7374517374517374E-2","NA","120","days","4.6966731898238745E-2","temp","ambient","muscle","thigh","permeabilized","not-ambiguous","1","total oxphos","NA","NA","respiration","OXPHOSCI+CII respiration","samples were measured at 30 and 20 C and Q10 values were calculated (rate at 30/rate at 20); we used the Q10 values; maximial capacity for oxidative phosphorylation with combined inputs from complexes I and II; determined by adding ADP and succinate","unitless","oroboros","figure4",20,30,"-10","celsius",65.2173913043479,16.4313597652537,6,"6.7080745341615096",82.7329192546584,14.6056531246699,6,"5.9627329192546803","1","no","raw","View study_notes","merged_03072025","merged_03072025_269",269,"constant",-10,"cooler",10,FALSE,FALSE,FALSE,"Alligator_mississippiensis","Alligator_mississippiensis",-1.03969324082043,0.454791022150188,0.333333333333333,0.577350269189626,12,"1.s53"
"1","s53","Price","2017","Reptilia","Crocodilia","Alligatoridae","Alligator","mississippiensis","American alligator","70","2555","5110",NA,"days","postnatal","both","NA","NA","NA","NA","270","360","90","days","90","days","NA","NA","NA","5.2837573385518588E-2","7.0450097847358117E-2","1.7612524461839529E-2","1.7374517374517374E-2","NA","120","days","4.6966731898238745E-2","temp","ambient","heart","left ventricle","permeabilized","not-ambiguous","1","total oxphos","NA","NA","respiration","OXPHOSCI+CII respiration","samples were measured at 30 and 20 C and Q10 values were calculated (rate at 30/rate at 20); we used the Q10 values; maximial capacity for oxidative phosphorylation with combined inputs from complexes I and II; determined by adding ADP and succinate","unitless","oroboros","figure4",20,30,"-10","celsius",107.680608365019,19.1634980988593,4,"9.58174904942965",116.80608365019,35.7644129744769,6,"14.6007604562738","1","no","raw","View study_notes","merged_03072025","merged_03072025_270",270,"constant",-10,"cooler",10,FALSE,FALSE,FALSE,"Alligator_mississippiensis","Alligator_mississippiensis",-0.287115546847125,0.465143728994944,0.416666666666667,0.645497224367903,9.6,"1.s53"
"1","s53","Price","2017","Reptilia","Crocodilia","Alligatoridae","Alligator","mississippiensis","American alligator","70","2555","5110",NA,"days","postnatal","both","NA","NA","NA","NA","270","360","90","days","90","days","NA","NA","NA","5.2837573385518588E-2","7.0450097847358117E-2","1.7612524461839529E-2","1.7374517374517374E-2","NA","120","days","4.6966731898238745E-2","temp","ambient","muscle","thigh","permeabilized","not-ambiguous","1","ets","NA","NA","respiration","FCCP (ETS respiration)","samples were measured at 30 and 20 C and Q10 values were calculated (rate at 30/rate at 20); we used the Q10 values; electron transport system; measured after adding FCCP to uncouple ADP phophorylation from proton pumping, FCCP eliminates proton gradient","unitless","oroboros","figure4",20,30,"-10","celsius",72.6708074534162,21.9084796870048,6,"8.9440993788819902",84.9689440993789,17.3442130855455,6,"7.08074534161491","1","no","raw","View study_notes","merged_03072025","merged_03072025_271",271,"constant",-10,"cooler",10,FALSE,FALSE,FALSE,"Alligator_mississippiensis","Alligator_mississippiensis",-0.574335292056847,0.417361409265933,0.333333333333333,0.577350269189626,12,"1.s53"
"1","s53","Price","2017","Reptilia","Crocodilia","Alligatoridae","Alligator","mississippiensis","American alligator","70","2555","5110",NA,"days","postnatal","both","NA","NA","NA","NA","270","360","90","days","90","days","NA","NA","NA","5.2837573385518588E-2","7.0450097847358117E-2","1.7612524461839529E-2","1.7374517374517374E-2","NA","120","days","4.6966731898238745E-2","temp","ambient","heart","left ventricle","permeabilized","not-ambiguous","1","ets","NA","NA","respiration","FCCP (ETS respiration)","samples were measured at 30 and 20 C and Q10 values were calculated (rate at 30/rate at 20); we used the Q10 values; electron transport system; measured after adding FCCP to uncouple ADP phophorylation from proton pumping, FCCP eliminates proton gradient","unitless","oroboros","figure4",20,30,"-10","celsius",121.825095057034,25.551330798479,4,"12.7756653992395",120.912547528517,43.5878783126435,6,"17.794676806083601","1","no","raw","View study_notes","merged_03072025","merged_03072025_272",272,"constant",-10,"cooler",10,FALSE,FALSE,FALSE,"Alligator_mississippiensis","Alligator_mississippiensis",0.0230573495699927,0.468235102309191,0.416666666666667,0.645497224367903,9.6,"1.s53"
"1","s53","Price","2017","Reptilia","Crocodilia","Alligatoridae","Alligator","mississippiensis","American alligator","70","2555","5110",NA,"days","postnatal","both","NA","NA","NA","NA","270","360","90","days","90","days","NA","NA","NA","5.2837573385518588E-2","7.0450097847358117E-2","1.7612524461839529E-2","1.7374517374517374E-2","NA","120","days","4.6966731898238745E-2","temp","ambient","muscle","thigh","permeabilized","not-ambiguous","1","mitochondrial capacity","NA","NA","respiration","Rotenone (complex II activity)","samples were measured with rotenone to block the transfer of electrons from complex I to ubiquinone",NA,NA,"figure4",20,30,"-10","celsius",39.1304347826087,10.9542398435024,6,"4.4720496894410102",41.3664596273292,9.1285332029187,6,"3.7267080745341699","1","no","raw","View study_notes","merged_03072025","merged_03072025_273",273,"constant",-10,"cooler",10,FALSE,FALSE,FALSE,"Alligator_mississippiensis","Alligator_mississippiensis",-0.204633954345826,0.402161837709648,0.333333333333333,0.577350269189626,12,"1.s53"
"1","s53","Price","2017","Reptilia","Crocodilia","Alligatoridae","Alligator","mississippiensis","American alligator","70","2555","5110",NA,"days","postnatal","both","NA","NA","NA","NA","270","360","90","days","90","days","NA","NA","NA","5.2837573385518588E-2","7.0450097847358117E-2","1.7612524461839529E-2","1.7374517374517374E-2","NA","120","days","4.6966731898238745E-2","temp","ambient","heart","left ventricle","permeabilized","not-ambiguous","1","mitochondrial capacity","NA","NA","respiration","Rotenone (complex II activity)","samples were measured with rotenone to block the transfer of electrons from complex I to ubiquinone",NA,NA,"figure4",20,30,"-10","celsius",69.3536121673005,16.425855513308,4,"8.2129277566539791",57.9467680608366,10.0587411490716,6,"4.1064638783269896","1","no","raw","View study_notes","merged_03072025","merged_03072025_274",274,"constant",-10,"cooler",10,FALSE,FALSE,FALSE,"Alligator_mississippiensis","Alligator_mississippiensis",0.75604248858779,0.648579968280677,0.416666666666667,0.645497224367903,9.6,"1.s53"
"1","s53","Price","2017","Reptilia","Crocodilia","Alligatoridae","Alligator","mississippiensis","American alligator","70","2555","5110",NA,"days","postnatal","both","NA","NA","NA","NA","270","360","90","days","90","days","NA","NA","NA","5.2837573385518588E-2","7.0450097847358117E-2","1.7612524461839529E-2","1.7374517374517374E-2","NA","120","days","4.6966731898238745E-2","temp","ambient","muscle","thigh","permeabilized","not-ambiguous","1","mitochondrial capacity","NA","NA","respiration","TMPD (max complex IV)","TMPD is a substrate for complex IV, state represents maximal comlex IV activity",NA,NA,"figure4",20,30,"-10","celsius",177.018633540373,39.2526927725505,6,"16.024844720497001",109.937888198758,23.7341863275886,6,"9.6894409937888195","1","no","raw","View study_notes","merged_03072025","merged_03072025_275",275,"constant",-10,"cooler",10,FALSE,FALSE,FALSE,"Alligator_mississippiensis","Alligator_mississippiensis",1.90837260383613,0.621392223920375,0.333333333333333,0.577350269189626,12,"1.s53"
"1","s53","Price","2017","Reptilia","Crocodilia","Alligatoridae","Alligator","mississippiensis","American alligator","70","2555","5110",NA,"days","postnatal","both","NA","NA","NA","NA","270","360","90","days","90","days","NA","NA","NA","5.2837573385518588E-2","7.0450097847358117E-2","1.7612524461839529E-2","1.7374517374517374E-2","NA","120","days","4.6966731898238745E-2","temp","ambient","heart","left ventricle","permeabilized","not-ambiguous","1","mitochondrial capacity","NA","NA","respiration","TMPD (max complex IV)","TMPD is a substrate for complex IV, state represents maximal comlex IV activity",NA,NA,"figure4",20,30,"-10","celsius",220.836501901141,45.6273764258555,4,"22.813688212927701",222.661596958175,59.2348089889772,6,"24.182509505703401","1","no","raw","View study_notes","merged_03072025","merged_03072025_276",276,"constant",-10,"cooler",10,FALSE,FALSE,FALSE,"Alligator_mississippiensis","Alligator_mississippiensis",-0.0311612982580918,0.4993630915644,0.416666666666667,0.645497224367903,9.6,"1.s53"
"1","s58","Kim","2018","Actinopterygii","Scopaeniformes","Gasterosteidae","Gasterosteus","aculeatus","three-spined stickleback","8","365","730","1642.5","days","postnatal","male","NA","NA","NA","NA","195","315","120","days","120","days","NA","NA","NA","0.26712328767123289","0.4315068493150685","0.16438356164383561","0.16260162601626016","NA","45","days","0.12328767123287671","temp","ambient","muscle","muscle","NA","not-ambiguous","0","NA","NA","dna","oxidative damage","8-OHdG","oxidative DNA damage","pg","commerical kit (EpiQuik, Epigentek Group)","figure1a",11.5,14,"-2.5","celsius",9.9319410460138,4.49830326342739,46,"0.663238632537691",12.6282294014709,5.60427038075584,44,"0.844875548939514","1","no","raw","View study_notes","merged_03072025","merged_03072025_277",277,"constant",-2.5,"cooler",2.5,FALSE,FALSE,FALSE,"Gasterosteus_aculeatus","Gasterosteus_aculeatus",0.526075066534233,0.0473640592614164,0.0444664031620553,0.210870583918325,89.9555555555555,"1.s58"
"1","s58","Kim","2018","Actinopterygii","Scopaeniformes","Gasterosteidae","Gasterosteus","aculeatus","three-spined stickleback","8","365","730","1642.5","days","postnatal","male","NA","NA","NA","NA","195","315","120","days","120","days","NA","NA","NA","0.26712328767123289","0.4315068493150685","0.16438356164383561","0.16260162601626016","NA","45","days","0.12328767123287671","temp","ambient","sperm","sperm","NA","not-ambiguous","0","NA","NA","dna","oxidative damage","8-OHdG","oxidative DNA damage","pg","commerical kit (EpiQuik, Epigentek Group)","figure1b",11.5,14,"-2.5","celsius",10.6871804680381,4.56379104856896,46,"0.67289427968321602",12.507718828466,4.49331673461268,44,"0.67739298513341795","1","no","raw","View study_notes","merged_03072025","merged_03072025_278",278,"constant",-2.5,"cooler",2.5,FALSE,FALSE,FALSE,"Gasterosteus_aculeatus","Gasterosteus_aculeatus",0.398563470753364,0.0463645715045944,0.0444664031620553,0.210870583918325,89.9555555555555,"1.s58"
"1","s58","Kim","2018","Actinopterygii","Scopaeniformes","Gasterosteidae","Gasterosteus","aculeatus","three-spined stickleback","8","365","730","1642.5","days","postnatal","male","NA","NA","NA","NA","195","315","120","days","120","days","NA","NA","NA","0.26712328767123289","0.4315068493150685","0.16438356164383561","0.16260162601626016","NA","45","days","0.12328767123287671","temp","ambient","muscle","muscle","NA","not-ambiguous","1","NA","enzymatic","NA","antioxidant","GPx","glutathione peroxidase","nmol/min/mg","commerical kit (Cayman Chemical)","figure1c",11.5,14,"-2.5","celsius",16.5281775483555,7.72185421966748,44,"1.16411332420271",27.0856645270993,17.7768867913331,41,"2.77628328487036","1","no","raw","View study_notes","merged_03072025","merged_03072025_279",279,"constant",-2.5,"cooler",2.5,FALSE,FALSE,FALSE,"Gasterosteus_aculeatus","Gasterosteus_aculeatus",-0.763362361187175,0.0547721370633341,0.0471175166297118,0.217065696575281,84.8941176470588,"1.s58"
"1","s58","Kim","2018","Actinopterygii","Scopaeniformes","Gasterosteidae","Gasterosteus","aculeatus","three-spined stickleback","8","365","730","1642.5","days","postnatal","male","NA","NA","NA","NA","195","315","120","days","120","days","NA","NA","NA","0.26712328767123289","0.4315068493150685","0.16438356164383561","0.16260162601626016","NA","45","days","0.12328767123287671","temp","ambient","muscle","muscle","NA","not-ambiguous","1","NA","enzymatic","NA","antioxidant","SOD","superoxide dismutase","U/ml","commerical kit (Cayman Chemical)","figure1d",11.5,14,"-2.5","celsius",0.742478115619743,0.1391546427457,46,"2.05172327344618E-2",0.798338896864147,0.142258258643783,44,"2.1446239420489101E-2","1","no","raw","View study_notes","merged_03072025","merged_03072025_280",280,"constant",-2.5,"cooler",2.5,FALSE,FALSE,FALSE,"Gasterosteus_aculeatus","Gasterosteus_aculeatus",-0.393583543761771,0.0463827568602937,0.0444664031620553,0.210870583918325,89.9555555555555,"1.s58"
"1","s62","Simcic","2015","Actinopterygii","Salmoniformes","Salmonidae","Salmo","marmoratus","marble trout","45","821.25","1642.5","3650","days","postnatal","both","NA","NA","NA","NA","21","25","4","days","4","days","NA","NA","NA","1.2785388127853882E-2","1.5220700152207001E-2","2.4353120243531205E-3","2.3703703703703703E-3","NA","0","days","0","temp","ambient","whole body","whole body","homogenate","not-ambiguous","1","NA","enzymatic","NA","antioxidant","CAT","catalase activity","U/mg","Aebi (1984)","figure2a",16,10,"6","celsius",12.4432932571824,2.44409531979912,8,"0.86411818724813105",8.08465660354059,1.0183730499163,8,"0.36004924468672","1","yes","raw","View study_notes","merged_03072025","merged_03072025_281",281,"constant",6,"warmer",6,FALSE,FALSE,FALSE,"Salmo_marmoratus","Salmo_marmoratus",2.2006422123534,0.544427739428935,0.25,0.5,16,"1.s62"
"1","s62","Simcic","2015","Actinopterygii","Salmoniformes","Salmonidae","Salmo","marmoratus","marble trout","45","821.25","1642.5","3650","days","postnatal","both","NA","NA","NA","NA","30","34","4","days","4","days","NA","NA","NA","1.8264840182648401E-2","2.0700152207001523E-2","2.4353120243531205E-3","2.3703703703703703E-3","NA","0","days","0","temp","ambient","whole body","whole body","homogenate","not-ambiguous","1","NA","enzymatic","NA","antioxidant","CAT","catalase activity","U/mg","Aebi (1984)","figure2a",16,10,"6","celsius",15.5237801888087,3.14895066921292,8,"1.1133221859111799",14.5067015012772,3.0679232731338,8,"1.08467467529647","2","yes","raw","View study_notes","merged_03072025","merged_03072025_282",282,"constant",6,"warmer",6,FALSE,FALSE,FALSE,"Salmo_marmoratus","Salmo_marmoratus",0.30927130342279,0.289132632460482,0.25,0.5,16,"2.s62"
"1","s62","Simcic","2015","Actinopterygii","Salmoniformes","Salmonidae","Salmo","marmoratus","marble trout","45","821.25","1642.5","3650","days","postnatal","both","NA","NA","NA","NA","90","94","4","days","4","days","NA","NA","NA","5.4794520547945202E-2","5.7229832572298328E-2","2.4353120243531205E-3","2.3703703703703703E-3","NA","0","days","0","temp","ambient","whole body","whole body","homogenate","not-ambiguous","1","NA","enzymatic","NA","antioxidant","CAT","catalase activity","U/mg","Aebi (1984)","figure2a",16,10,"6","celsius",12.7870190840582,2.26871554308928,8,"0.80211207255087402",15.874373280669,3.00508966950607,8,"1.06245964169069","3","yes","raw","View study_notes","merged_03072025","merged_03072025_283",283,"constant",6,"warmer",6,FALSE,FALSE,FALSE,"Salmo_marmoratus","Salmo_marmoratus",-1.09613385759059,0.331844973367945,0.25,0.5,16,"3.s62"
"1","s62","Simcic","2015","Actinopterygii","Salmoniformes","Salmonidae","Salmo","marmoratus","marble trout","45","821.25","1642.5","3650","days","postnatal","both","NA","NA","NA","NA","21","25","4","days","4","days","NA","NA","NA","1.2785388127853882E-2","1.5220700152207001E-2","2.4353120243531205E-3","2.3703703703703703E-3","NA","0","days","0","temp","ambient","whole body","whole body","homogenate","not-ambiguous","1","NA","enzymatic","NA","antioxidant","GR","glutathione reductase activity (GR)","U/mg","Mannervik (1985)","figure2b",16,10,"6","celsius",0.00645187840563689,0.00168683531378289,8,"5.9638634456041098E-4",0.00560846074874545,0.00127966816907668,8,"4.52431020011345E-4","1","yes","raw","View study_notes","merged_03072025","merged_03072025_284",284,"constant",6,"warmer",6,FALSE,FALSE,FALSE,"Salmo_marmoratus","Salmo_marmoratus",0.532523872254589,0.29657743534897,0.25,0.5,16,"1.s62"
"1","s62","Simcic","2015","Actinopterygii","Salmoniformes","Salmonidae","Salmo","marmoratus","marble trout","45","821.25","1642.5","3650","days","postnatal","both","NA","NA","NA","NA","30","34","4","days","4","days","NA","NA","NA","1.8264840182648401E-2","2.0700152207001523E-2","2.4353120243531205E-3","2.3703703703703703E-3","NA","0","days","0","temp","ambient","whole body","whole body","homogenate","not-ambiguous","1","NA","enzymatic","NA","antioxidant","GR","glutathione reductase activity (GR)","U/mg","Mannervik (1985)","figure2b",16,10,"6","celsius",0.00915254734048098,0.00322336270878208,8,"1.13963081480182E-3",0.0102041739575215,0.00216703016568031,8,"7.6616086259417696E-4","2","yes","raw","View study_notes","merged_03072025","merged_03072025_285",285,"constant",6,"warmer",6,FALSE,FALSE,FALSE,"Salmo_marmoratus","Salmo_marmoratus",-0.361953087490379,0.291059769855933,0.25,0.5,16,"2.s62"
"1","s62","Simcic","2015","Actinopterygii","Salmoniformes","Salmonidae","Salmo","marmoratus","marble trout","45","821.25","1642.5","3650","days","postnatal","both","NA","NA","NA","NA","90","94","4","days","4","days","NA","NA","NA","5.4794520547945202E-2","5.7229832572298328E-2","2.4353120243531205E-3","2.3703703703703703E-3","NA","0","days","0","temp","ambient","whole body","whole body","homogenate","not-ambiguous","1","NA","enzymatic","NA","antioxidant","GR","glutathione reductase activity (GR)","U/mg","Mannervik (1985)","figure2b",16,10,"6","celsius",0.00644943489014487,0.00151290644316895,8,"5.3489320263279297E-4",0.00761048817321786,0.00182673842265727,8,"6.4584956305748799E-4","3","yes","raw","View study_notes","merged_03072025","merged_03072025_286",286,"constant",6,"warmer",6,FALSE,FALSE,FALSE,"Salmo_marmoratus","Salmo_marmoratus",-0.654390130707044,0.301538889442679,0.25,0.5,16,"3.s62"
"1","s62","Simcic","2015","Actinopterygii","Salmoniformes","Salmonidae","Salmo","marmoratus","marble trout","45","821.25","1642.5","3650","days","postnatal","both","NA","NA","NA","NA","21","25","4","days","4","days","NA","NA","NA","1.2785388127853882E-2","1.5220700152207001E-2","2.4353120243531205E-3","2.3703703703703703E-3","NA","0","days","0","temp","ambient","whole body","whole body","homogenate","not-ambiguous","1","NA","enzymatic","NA","antioxidant","CAT","catalase activity","U/mg","Aebi (1984)","figure2a",14,10,"4","celsius",8.12539152553724,2.11821594382591,8,"0.74890242894837999",8.08465660354059,1.0183730499163,8,"0.36004924468672","4","yes","raw","View study_notes","merged_03072025","merged_03072025_287",287,"constant",4,"warmer",4,FALSE,FALSE,FALSE,"Salmo_marmoratus","Salmo_marmoratus",0.0231697912312601,0.285740936236211,0.25,0.5,16,"4.s62"
"1","s62","Simcic","2015","Actinopterygii","Salmoniformes","Salmonidae","Salmo","marmoratus","marble trout","45","821.25","1642.5","3650","days","postnatal","both","NA","NA","NA","NA","30","34","4","days","4","days","NA","NA","NA","1.8264840182648401E-2","2.0700152207001523E-2","2.4353120243531205E-3","2.3703703703703703E-3","NA","0","days","0","temp","ambient","whole body","whole body","homogenate","not-ambiguous","1","NA","enzymatic","NA","antioxidant","CAT","catalase activity","U/mg","Aebi (1984)","figure2a",14,10,"4","celsius",15.5798822509246,3.82908266768529,8,"1.3537851600220701",14.5067015012772,3.0679232731338,8,"1.08467467529647","5","yes","raw","View study_notes","merged_03072025","merged_03072025_288",288,"constant",4,"warmer",4,FALSE,FALSE,FALSE,"Salmo_marmoratus","Salmo_marmoratus",0.292400100701271,0.288912981023175,0.25,0.5,16,"5.s62"
"1","s62","Simcic","2015","Actinopterygii","Salmoniformes","Salmonidae","Salmo","marmoratus","marble trout","45","821.25","1642.5","3650","days","postnatal","both","NA","NA","NA","NA","90","94","4","days","4","days","NA","NA","NA","5.4794520547945202E-2","5.7229832572298328E-2","2.4353120243531205E-3","2.3703703703703703E-3","NA","0","days","0","temp","ambient","whole body","whole body","homogenate","not-ambiguous","1","NA","enzymatic","NA","antioxidant","CAT","catalase activity","U/mg","Aebi (1984)","figure2a",14,10,"4","celsius",13.2579916971154,1.67013180186273,8,"0.59048076128622196",15.874373280669,3.00508966950607,8,"1.06245964169069","6","yes","raw","View study_notes","merged_03072025","merged_03072025_289",289,"constant",4,"warmer",4,FALSE,FALSE,FALSE,"Salmo_marmoratus","Salmo_marmoratus",-1.01735640637522,0.332985302840807,0.25,0.5,16,"6.s62"
"1","s62","Simcic","2015","Actinopterygii","Salmoniformes","Salmonidae","Salmo","marmoratus","marble trout","45","821.25","1642.5","3650","days","postnatal","both","NA","NA","NA","NA","21","25","4","days","4","days","NA","NA","NA","1.2785388127853882E-2","1.5220700152207001E-2","2.4353120243531205E-3","2.3703703703703703E-3","NA","0","days","0","temp","ambient","whole body","whole body","homogenate","not-ambiguous","1","NA","enzymatic","NA","antioxidant","GR","glutathione reductase activity (GR)","U/mg","Mannervik (1985)","figure2b",14,10,"4","celsius",0.00525946033899726,0.00145416837395077,8,"5.1412615910380202E-4",0.00560846074874545,0.00127966816907668,8,"4.52431020011345E-4","4","yes","raw","View study_notes","merged_03072025","merged_03072025_290",290,"constant",4,"warmer",4,FALSE,FALSE,FALSE,"Salmo_marmoratus","Salmo_marmoratus",-0.240859896576657,0.287819688449913,0.25,0.5,16,"4.s62"
"1","s62","Simcic","2015","Actinopterygii","Salmoniformes","Salmonidae","Salmo","marmoratus","marble trout","45","821.25","1642.5","3650","days","postnatal","both","NA","NA","NA","NA","30","34","4","days","4","days","NA","NA","NA","1.8264840182648401E-2","2.0700152207001523E-2","2.4353120243531205E-3","2.3703703703703703E-3","NA","0","days","0","temp","ambient","whole body","whole body","homogenate","not-ambiguous","1","NA","enzymatic","NA","antioxidant","GR","glutathione reductase activity (GR)","U/mg","Mannervik (1985)","figure2b",14,10,"4","celsius",0.0110179670998423,0.00349000409748184,8,"1.23390278184912E-3",0.0102041739575215,0.00216703016568031,8,"7.6616086259417696E-4","5","yes","raw","View study_notes","merged_03072025","merged_03072025_291",291,"constant",4,"warmer",4,FALSE,FALSE,FALSE,"Salmo_marmoratus","Salmo_marmoratus",0.2648234121469,0.288711572998189,0.25,0.5,16,"5.s62"
"1","s62","Simcic","2015","Actinopterygii","Salmoniformes","Salmonidae","Salmo","marmoratus","marble trout","45","821.25","1642.5","3650","days","postnatal","both","NA","NA","NA","NA","90","94","4","days","4","days","NA","NA","NA","5.4794520547945202E-2","5.7229832572298328E-2","2.4353120243531205E-3","2.3703703703703703E-3","NA","0","days","0","temp","ambient","whole body","whole body","homogenate","not-ambiguous","1","NA","enzymatic","NA","antioxidant","GR","glutathione reductase activity (GR)","U/mg","Mannervik (1985)","figure2b",14,10,"4","celsius",0.00624829483328379,0.00174500204874092,8,"6.1695139092456097E-4",0.00761048817321786,0.00182673842265727,8,"6.4584956305748799E-4","6","yes","raw","View study_notes","merged_03072025","merged_03072025_292",292,"constant",4,"warmer",4,FALSE,FALSE,FALSE,"Salmo_marmoratus","Salmo_marmoratus",-0.720840512294215,0.304310655611228,0.25,0.5,16,"6.s62"
"1","s62","Simcic","2015","Actinopterygii","Salmoniformes","Salmonidae","Salmo","marmoratus","marble trout","45","821.25","1642.5","3650","days","postnatal","both","NA","NA","NA","NA","21","25","4","days","4","days","NA","NA","NA","1.2785388127853882E-2","1.5220700152207001E-2","2.4353120243531205E-3","2.3703703703703703E-3","NA","0","days","0","temp","ambient","whole body","whole body","homogenate","not-ambiguous","1","NA","enzymatic","NA","antioxidant","CAT","catalase activity","U/mg","Aebi (1984)","figure2a",12,10,"2","celsius",8.73641535548702,1.99601117783596,8,"0.70569651958597601",8.08465660354059,1.0183730499163,8,"0.36004924468672","7","yes","raw","View study_notes","merged_03072025","merged_03072025_293",293,"constant",2,"warmer",2,FALSE,FALSE,FALSE,"Salmo_marmoratus","Salmo_marmoratus",0.388834273984385,0.292974029767525,0.25,0.5,16,"7.s62"
"1","s62","Simcic","2015","Actinopterygii","Salmoniformes","Salmonidae","Salmo","marmoratus","marble trout","45","821.25","1642.5","3650","days","postnatal","both","NA","NA","NA","NA","30","34","4","days","4","days","NA","NA","NA","1.8264840182648401E-2","2.0700152207001523E-2","2.4353120243531205E-3","2.3703703703703703E-3","NA","0","days","0","temp","ambient","whole body","whole body","homogenate","not-ambiguous","1","NA","enzymatic","NA","antioxidant","CAT","catalase activity","U/mg","Aebi (1984)","figure2a",12,10,"2","celsius",15.0910631869647,3.38099852572211,8,"1.3537851600220701",14.5067015012772,3.0679232731338,8,"1.08467467529647","8","yes","raw","View study_notes","merged_03072025","merged_03072025_294",294,"constant",2,"warmer",2,FALSE,FALSE,FALSE,"Salmo_marmoratus","Salmo_marmoratus",0.171110818031976,0.286769772645923,0.25,0.5,16,"8.s62"
"1","s62","Simcic","2015","Actinopterygii","Salmoniformes","Salmonidae","Salmo","marmoratus","marble trout","45","821.25","1642.5","3650","days","postnatal","both","NA","NA","NA","NA","90","94","4","days","4","days","NA","NA","NA","5.4794520547945202E-2","5.7229832572298328E-2","2.4353120243531205E-3","2.3703703703703703E-3","NA","0","days","0","temp","ambient","whole body","whole body","homogenate","not-ambiguous","1","NA","enzymatic","NA","antioxidant","CAT","catalase activity","U/mg","Aebi (1984)","figure2a",12,10,"2","celsius",15.9057616268978,3.17732391573886,8,"0.59048076128622196",15.874373280669,3.00508966950607,8,"1.06245964169069","9","yes","raw","View study_notes","merged_03072025","merged_03072025_295",295,"constant",2,"warmer",2,FALSE,FALSE,FALSE,"Salmo_marmoratus","Salmo_marmoratus",0.00959480010350533,0.285717583769322,0.25,0.5,16,"9.s62"
"1","s62","Simcic","2015","Actinopterygii","Salmoniformes","Salmonidae","Salmo","marmoratus","marble trout","45","821.25","1642.5","3650","days","postnatal","both","NA","NA","NA","NA","21","25","4","days","4","days","NA","NA","NA","1.2785388127853882E-2","1.5220700152207001E-2","2.4353120243531205E-3","2.3703703703703703E-3","NA","0","days","0","temp","ambient","whole body","whole body","homogenate","not-ambiguous","1","NA","enzymatic","NA","antioxidant","GR","glutathione reductase activity (GR)","U/mg","Mannervik (1985)","figure2b",12,10,"2","celsius",0.00584112768857757,0.00191950225361502,8,"6.7864653001701897E-4",0.00560846074874545,0.00127966816907668,8,"4.52431020011345E-4","7","yes","raw","View study_notes","merged_03072025","merged_03072025_296",296,"constant",2,"warmer",2,FALSE,FALSE,FALSE,"Salmo_marmoratus","Salmo_marmoratus",0.134826309865599,0.286459543103001,0.25,0.5,16,"7.s62"
"1","s62","Simcic","2015","Actinopterygii","Salmoniformes","Salmonidae","Salmo","marmoratus","marble trout","45","821.25","1642.5","3650","days","postnatal","both","NA","NA","NA","NA","30","34","4","days","4","days","NA","NA","NA","1.8264840182648401E-2","2.0700152207001523E-2","2.4353120243531205E-3","2.3703703703703703E-3","NA","0","days","0","temp","ambient","whole body","whole body","homogenate","not-ambiguous","1","NA","enzymatic","NA","antioxidant","GR","glutathione reductase activity (GR)","U/mg","Mannervik (1985)","figure2b",12,10,"2","celsius",0.010407216382783,0.00293742011538056,8,"1.03853484138968E-3",0.0102041739575215,0.00216703016568031,8,"7.6616086259417696E-4","8","yes","raw","View study_notes","merged_03072025","merged_03072025_297",297,"constant",2,"warmer",2,FALSE,FALSE,FALSE,"Salmo_marmoratus","Salmo_marmoratus",0.0743602867758865,0.285928966777079,0.25,0.5,16,"8.s62"
"1","s62","Simcic","2015","Actinopterygii","Salmoniformes","Salmonidae","Salmo","marmoratus","marble trout","45","821.25","1642.5","3650","days","postnatal","both","NA","NA","NA","NA","90","94","4","days","4","days","NA","NA","NA","5.4794520547945202E-2","5.7229832572298328E-2","2.4353120243531205E-3","2.3703703703703703E-3","NA","0","days","0","temp","ambient","whole body","whole body","homogenate","not-ambiguous","1","NA","enzymatic","NA","antioxidant","GR","glutathione reductase activity (GR)","U/mg","Mannervik (1985)","figure2b",12,10,"2","celsius",0.00712079585765425,0.00186133551865698,8,"6.5808148365286605E-4",0.00761048817321786,0.00182673842265727,8,"6.4584956305748799E-4","9","yes","raw","View study_notes","merged_03072025","merged_03072025_298",298,"constant",2,"warmer",2,FALSE,FALSE,FALSE,"Salmo_marmoratus","Salmo_marmoratus",-0.251014365907243,0.287965370955207,0.25,0.5,16,"9.s62"
"1","s62","Simcic","2015","Actinopterygii","Salmoniformes","Salmonidae","Salmo","marmoratus","marble trout","45","821.25","1642.5","3650","days","postnatal","both","NA","NA","NA","NA","21","25","4","days","4","days","NA","NA","NA","1.2785388127853882E-2","1.5220700152207001E-2","2.4353120243531205E-3","2.3703703703703703E-3","NA","0","days","0","temp","ambient","whole body","whole body","homogenate","not-ambiguous","1","NA","NA","NA","metabolic capacity","ETS activity","indicator of maximum velocity of the ETS multi-enzyme complexes; biochemical measure of the metabolic potential","ul/g/hour","absorbance of formazan converted to equivalent oxygen utilized per unit mass (Toth et al. 1999)","figure1b",16,10,"6","celsius",497.287522603978,27.1247739602171,8,"9.5900558027109",215.189873417722,19.8915009041591,8,"7.0327075886546204","1","yes","raw","View study_notes","merged_03072025","merged_03072025_299",299,"constant",6,"warmer",6,FALSE,FALSE,FALSE,"Salmo_marmoratus","Salmo_marmoratus",11.2115476533992,5.18054749335173,0.25,0.5,16,"1.s62"
"1","s62","Simcic","2015","Actinopterygii","Salmoniformes","Salmonidae","Salmo","marmoratus","marble trout","45","821.25","1642.5","3650","days","postnatal","both","NA","NA","NA","NA","30","34","4","days","4","days","NA","NA","NA","1.8264840182648401E-2","2.0700152207001523E-2","2.4353120243531205E-3","2.3703703703703703E-3","NA","0","days","0","temp","ambient","whole body","whole body","homogenate","not-ambiguous","1","NA","NA","NA","metabolic capacity","ETS activity","indicator of maximum velocity of the ETS multi-enzyme complexes; biochemical measure of the metabolic potential","ul/g/hour","absorbance of formazan converted to equivalent oxygen utilized per unit mass (Toth et al. 1999)","figure1b",16,10,"6","celsius",735.985533453888,162.748643761302,8,"57.540334816265201",312.839059674503,47.0162748643761,8,"16.622763391365499","2","yes","raw","View study_notes","merged_03072025","merged_03072025_300",300,"constant",6,"warmer",6,FALSE,FALSE,FALSE,"Salmo_marmoratus","Salmo_marmoratus",3.33923180584663,0.968927567848249,0.25,0.5,16,"2.s62"
"1","s62","Simcic","2015","Actinopterygii","Salmoniformes","Salmonidae","Salmo","marmoratus","marble trout","45","821.25","1642.5","3650","days","postnatal","both","NA","NA","NA","NA","90","94","4","days","4","days","NA","NA","NA","5.4794520547945202E-2","5.7229832572298328E-2","2.4353120243531205E-3","2.3703703703703703E-3","NA","0","days","0","temp","ambient","whole body","whole body","homogenate","not-ambiguous","1","NA","NA","NA","metabolic capacity","ETS activity","indicator of maximum velocity of the ETS multi-enzyme complexes; biochemical measure of the metabolic potential","ul/g/hour","absorbance of formazan converted to equivalent oxygen utilized per unit mass (Toth et al. 1999)","figure1b",16,10,"6","celsius",417.721518987342,139.240506329114,8,"49.228953120582403",305.605786618445,48.8245931283907,8,"17.2621004448796","3","yes","raw","View study_notes","merged_03072025","merged_03072025_301",301,"constant",6,"warmer",6,FALSE,FALSE,FALSE,"Salmo_marmoratus","Salmo_marmoratus",1.01577802289468,0.345042517408271,0.25,0.5,16,"3.s62"
"1","s62","Simcic","2015","Actinopterygii","Salmoniformes","Salmonidae","Salmo","marmoratus","marble trout","45","821.25","1642.5","3650","days","postnatal","both","NA","NA","NA","NA","21","25","4","days","4","days","NA","NA","NA","1.2785388127853882E-2","1.5220700152207001E-2","2.4353120243531205E-3","2.3703703703703703E-3","NA","0","days","0","temp","ambient","whole body","whole body","homogenate","not-ambiguous","1","NA","NA","NA","metabolic capacity","ETS activity","indicator of maximum velocity of the ETS multi-enzyme complexes; biochemical measure of the metabolic potential","ul/g/hour","absorbance of formazan converted to equivalent oxygen utilized per unit mass (Toth et al. 1999)","figure1b",14,10,"4","celsius",349.005424954792,28.9330922242316,8,"10.229392856224999",215.189873417722,19.8915009041591,8,"7.0327075886546204","4","yes","raw","View study_notes","merged_03072025","merged_03072025_302",302,"constant",4,"warmer",4,FALSE,FALSE,FALSE,"Salmo_marmoratus","Salmo_marmoratus",5.09495160135112,1.33168419722375,0.25,0.5,16,"4.s62"
"1","s62","Simcic","2015","Actinopterygii","Salmoniformes","Salmonidae","Salmo","marmoratus","marble trout","45","821.25","1642.5","3650","days","postnatal","both","NA","NA","NA","NA","30","34","4","days","4","days","NA","NA","NA","1.8264840182648401E-2","2.0700152207001523E-2","2.4353120243531205E-3","2.3703703703703703E-3","NA","0","days","0","temp","ambient","whole body","whole body","homogenate","not-ambiguous","1","NA","NA","NA","metabolic capacity","ETS activity","indicator of maximum velocity of the ETS multi-enzyme complexes; biochemical measure of the metabolic potential","ul/g/hour","absorbance of formazan converted to equivalent oxygen utilized per unit mass (Toth et al. 1999)","figure1b",14,10,"4","celsius",490.054249547921,122.965641952984,8,"43.474919638955903",312.839059674503,47.0162748643761,8,"16.622763391365499","5","yes","raw","View study_notes","merged_03072025","merged_03072025_303",303,"constant",4,"warmer",4,FALSE,FALSE,FALSE,"Salmo_marmoratus","Salmo_marmoratus",1.79956343037759,0.465549362717606,0.25,0.5,16,"5.s62"
"1","s62","Simcic","2015","Actinopterygii","Salmoniformes","Salmonidae","Salmo","marmoratus","marble trout","45","821.25","1642.5","3650","days","postnatal","both","NA","NA","NA","NA","90","94","4","days","4","days","NA","NA","NA","5.4794520547945202E-2","5.7229832572298328E-2","2.4353120243531205E-3","2.3703703703703703E-3","NA","0","days","0","temp","ambient","whole body","whole body","homogenate","not-ambiguous","1","NA","NA","NA","metabolic capacity","ETS activity","indicator of maximum velocity of the ETS multi-enzyme complexes; biochemical measure of the metabolic potential","ul/g/hour","absorbance of formazan converted to equivalent oxygen utilized per unit mass (Toth et al. 1999)","figure1b",14,10,"4","celsius",341.772151898734,43.3996383363472,8,"15.3440892843374",305.605786618445,48.8245931283907,8,"17.2621004448796","6","yes","raw","View study_notes","merged_03072025","merged_03072025_304",304,"constant",4,"warmer",4,FALSE,FALSE,FALSE,"Salmo_marmoratus","Salmo_marmoratus",0.740122757210794,0.305546830411127,0.25,0.5,16,"6.s62"
"1","s62","Simcic","2015","Actinopterygii","Salmoniformes","Salmonidae","Salmo","marmoratus","marble trout","45","821.25","1642.5","3650","days","postnatal","both","NA","NA","NA","NA","21","25","4","days","4","days","NA","NA","NA","1.2785388127853882E-2","1.5220700152207001E-2","2.4353120243531205E-3","2.3703703703703703E-3","NA","0","days","0","temp","ambient","whole body","whole body","homogenate","not-ambiguous","1","NA","NA","NA","metabolic capacity","ETS activity","indicator of maximum velocity of the ETS multi-enzyme complexes; biochemical measure of the metabolic potential","ul/g/hour","absorbance of formazan converted to equivalent oxygen utilized per unit mass (Toth et al. 1999)","figure1b",12,10,"2","celsius",258.589511754069,28.9330922242315,8,"10.2293928562249",215.189873417722,19.8915009041591,8,"7.0327075886546204","7","yes","raw","View study_notes","merged_03072025","merged_03072025_305",305,"constant",2,"warmer",2,FALSE,FALSE,FALSE,"Salmo_marmoratus","Salmo_marmoratus",1.65241673557334,0.395735956464733,0.25,0.5,16,"7.s62"
"1","s62","Simcic","2015","Actinopterygii","Salmoniformes","Salmonidae","Salmo","marmoratus","marble trout","45","821.25","1642.5","3650","days","postnatal","both","NA","NA","NA","NA","30","34","4","days","4","days","NA","NA","NA","1.8264840182648401E-2","2.0700152207001523E-2","2.4353120243531205E-3","2.3703703703703703E-3","NA","0","days","0","temp","ambient","whole body","whole body","homogenate","not-ambiguous","1","NA","NA","NA","metabolic capacity","ETS activity","indicator of maximum velocity of the ETS multi-enzyme complexes; biochemical measure of the metabolic potential","ul/g/hour","absorbance of formazan converted to equivalent oxygen utilized per unit mass (Toth et al. 1999)","figure1b",12,10,"2","celsius",479.204339963834,66.9077757685353,8,"23.655470980020102",312.839059674503,47.0162748643761,8,"16.622763391365499","8","yes","raw","View study_notes","merged_03072025","merged_03072025_306",306,"constant",2,"warmer",2,FALSE,FALSE,FALSE,"Salmo_marmoratus","Salmo_marmoratus",2.71969491582055,0.580219857737261,0.25,0.5,16,"8.s62"
"1","s62","Simcic","2015","Actinopterygii","Salmoniformes","Salmonidae","Salmo","marmoratus","marble trout","45","821.25","1642.5","3650","days","postnatal","both","NA","NA","NA","NA","90","94","4","days","4","days","NA","NA","NA","5.4794520547945202E-2","5.7229832572298328E-2","2.4353120243531205E-3","2.3703703703703703E-3","NA","0","days","0","temp","ambient","whole body","whole body","homogenate","not-ambiguous","1","NA","NA","NA","metabolic capacity","ETS activity","indicator of maximum velocity of the ETS multi-enzyme complexes; biochemical measure of the metabolic potential","ul/g/hour","absorbance of formazan converted to equivalent oxygen utilized per unit mass (Toth et al. 1999)","figure1b",12,10,"2","celsius",323.68896925859,95.8408679927667,8,"33.884863836245003",305.605786618445,48.8245931283907,8,"17.2621004448796","9","yes","raw","View study_notes","merged_03072025","merged_03072025_307",307,"constant",2,"warmer",2,FALSE,FALSE,FALSE,"Salmo_marmoratus","Salmo_marmoratus",0.224750208831028,0.288141833177293,0.25,0.5,16,"9.s62"
"1","s75","Pereira","2016","Actinopterygii","Perciformes","Moronidae","Dicentrarachus","labrax","European seabass","3","547.5","1095",NA,"days","postnatal","both","NA","NA","NA","NA","90","160","70","days","70","days","NA","NA","NA","8.2191780821917804E-2","0.14611872146118721","6.3926940639269403E-2","6.3752276867030971E-2","NA","0","days","0","temp","ambient","liver","liver","homogenate","not-ambiguous","0","NA","NA","lipids","oxidative damage","MDA","malondialdehyde level a measre of lipid peroxidation; measured as the amount of thiobarbituric acid reactive substances (TBARS)","nmol/g","TBARS","figure1",17,20,"-3","celsius",47.4903474903475,44.1372020461568,12,"12.7413127413128",77.6061776061776,57.5121117571133,12,"16.602316602316598","1","yes","raw","View study_notes","merged_03072025","merged_03072025_308",308,"constant",-3,"cooler",3,FALSE,FALSE,FALSE,"Dicentrarchus_labrax","Dicentrarchus_labrax",0.567182947243962,0.189618700512873,0.166666666666667,0.408248290463863,24,"1.s75"
"1","s75","Pereira","2016","Actinopterygii","Perciformes","Moronidae","Dicentrarachus","labrax","European seabass","3","547.5","1095",NA,"days","postnatal","both","NA","NA","NA","NA","90","160","70","days","70","days","NA","NA","NA","8.2191780821917804E-2","0.14611872146118721","6.3926940639269403E-2","6.3752276867030971E-2","NA","0","days","0","temp","ambient","liver","liver","homogenate","not-ambiguous","0","NA","NA","lipids","oxidative damage","MDA","malondialdehyde level a measre of lipid peroxidation; measured as the amount of thiobarbituric acid reactive substances (TBARS)","nmol/g","TBARS","figure1",23,20,"3","celsius",32.046332046332,16.0498916531478,12,"4.6332046332046097",77.6061776061776,57.5121117571133,12,"16.602316602316598","2","yes","raw","View study_notes","merged_03072025","merged_03072025_309",309,"constant",3,"warmer",3,FALSE,FALSE,FALSE,"Dicentrarchus_labrax","Dicentrarchus_labrax",1.04179631275217,0.22453789610136,0.166666666666667,0.408248290463863,24,"2.s75"
"1","s75","Pereira","2016","Actinopterygii","Perciformes","Moronidae","Dicentrarachus","labrax","European seabass","3","547.5","1095",NA,"days","postnatal","both","NA","NA","NA","NA","90","160","70","days","70","days","NA","NA","NA","8.2191780821917804E-2","0.14611872146118721","6.3926940639269403E-2","6.3752276867030971E-2","NA","0","days","0","temp","ambient","liver","liver","homogenate","not-ambiguous","1","NA","non-enzymatic","NA","antioxidant","GSH","reduced glutathione","U/mg","Griffith (1980)","figure2a",17,20,"-3","celsius",0.357142857142857,0.253059371235713,12,"7.3051948051948007E-2",0.673701298701298,0.337412494980951,12,"9.7402597402597602E-2","1","yes","raw","View study_notes","merged_03072025","merged_03072025_310",310,"constant",-3,"cooler",3,FALSE,FALSE,FALSE,"Dicentrarchus_labrax","Dicentrarchus_labrax",-1.02477331054406,0.207556657011429,0.166666666666667,0.408248290463863,24,"1.s75"
"1","s75","Pereira","2016","Actinopterygii","Perciformes","Moronidae","Dicentrarachus","labrax","European seabass","3","547.5","1095",NA,"days","postnatal","both","NA","NA","NA","NA","90","160","70","days","70","days","NA","NA","NA","8.2191780821917804E-2","0.14611872146118721","6.3926940639269403E-2","6.3752276867030971E-2","NA","0","days","0","temp","ambient","liver","liver","homogenate","not-ambiguous","1","NA","non-enzymatic","NA","antioxidant","GSH","reduced glutathione","U/mg","Griffith (1980)","figure2a",23,20,"3","celsius",1.8262987012987,0.871648945367456,12,"0.25162337662337703",0.673701298701298,0.337412494980951,12,"9.7402597402597602E-2","2","yes","raw","View study_notes","merged_03072025","merged_03072025_311",311,"constant",3,"warmer",3,FALSE,FALSE,FALSE,"Dicentrarchus_labrax","Dicentrarchus_labrax",1.6836881814815,0.281465657861858,0.166666666666667,0.408248290463863,24,"2.s75"
"1","s75","Pereira","2016","Actinopterygii","Perciformes","Moronidae","Dicentrarachus","labrax","European seabass","3","547.5","1095",NA,"days","postnatal","both","NA","NA","NA","NA","90","160","70","days","70","days","NA","NA","NA","8.2191780821917804E-2","0.14611872146118721","6.3926940639269403E-2","6.3752276867030971E-2","NA","0","days","0","temp","ambient","liver","liver","homogenate","not-ambiguous","0","NA","NA","NA","oxidative/nitrosative stress","GSSG","oxidized glutathione","U/mg","Baker et al. (1990)","figure2b",17,20,"-3","celsius",0.339228295819936,0.116955199224908,12,"3.3762057877813403E-2",0.254019292604502,0.0612622472130473,12,"1.7684887459807098E-2","1","yes","raw","View study_notes","merged_03072025","merged_03072025_312",312,"constant",-3,"cooler",3,FALSE,FALSE,FALSE,"Dicentrarchus_labrax","Dicentrarchus_labrax",-0.881175005396498,0.205186569636207,0.166666666666667,0.408248290463863,24,"1.s75"
"1","s75","Pereira","2016","Actinopterygii","Perciformes","Moronidae","Dicentrarachus","labrax","European seabass","3","547.5","1095",NA,"days","postnatal","both","NA","NA","NA","NA","90","160","70","days","70","days","NA","NA","NA","8.2191780821917804E-2","0.14611872146118721","6.3926940639269403E-2","6.3752276867030971E-2","NA","0","days","0","temp","ambient","liver","liver","homogenate","not-ambiguous","0","NA","NA","NA","oxidative/nitrosative stress","GSSG","oxidized glutathione","U/mg","Baker et al. (1990)","figure2b",23,20,"3","celsius",0.356913183279743,0.15594026563321,12,"4.5016077170417897E-2",0.254019292604502,0.0612622472130473,12,"1.7684887459807098E-2","2","yes","raw","View study_notes","merged_03072025","merged_03072025_313",313,"constant",3,"warmer",3,FALSE,FALSE,FALSE,"Dicentrarchus_labrax","Dicentrarchus_labrax",-0.838513660858635,0.20637409600241,0.166666666666667,0.408248290463863,24,"2.s75"
"1","s75","Pereira","2016","Actinopterygii","Perciformes","Moronidae","Dicentrarachus","labrax","European seabass","3","547.5","1095",NA,"days","postnatal","both","NA","NA","NA","NA","90","160","70","days","70","days","NA","NA","NA","8.2191780821917804E-2","0.14611872146118721","6.3926940639269403E-2","6.3752276867030971E-2","NA","0","days","0","temp","ambient","liver","liver","homogenate","not-ambiguous","1","NA","NA","NA","oxidative/nitrosative stress","GSH/GSSG","redox state; reduced to oxidized gluthione ratio","unitless","Griffith (1980) and Baker et al. (1990)","figure2c",17,20,"-3","celsius",1.13230769230769,0.9379721296373,12,"0.27076923076923098",2.21538461538462,1.96121445287799,12,"0.56615384615384501","1","yes","raw","View study_notes","merged_03072025","merged_03072025_314",314,"constant",-3,"cooler",3,FALSE,FALSE,FALSE,"Dicentrarchus_labrax","Dicentrarchus_labrax",-0.68022165896102,0.196477381892367,0.166666666666667,0.408248290463863,24,"1.s75"
"1","s75","Pereira","2016","Actinopterygii","Perciformes","Moronidae","Dicentrarachus","labrax","European seabass","3","547.5","1095",NA,"days","postnatal","both","NA","NA","NA","NA","90","160","70","days","70","days","NA","NA","NA","8.2191780821917804E-2","0.14611872146118721","6.3926940639269403E-2","6.3752276867030971E-2","NA","0","days","0","temp","ambient","liver","liver","homogenate","not-ambiguous","1","NA","NA","NA","oxidative/nitrosative stress","GSH/GSSG","redox state; reduced to oxidized gluthione ratio","unitless","Griffith (1980) and Baker et al. (1990)","figure2c",23,20,"3","celsius",5.63692307692308,3.7518885185492,12,"1.0830769230769199",2.21538461538462,1.96121445287799,12,"0.56615384615384501","2","yes","raw","View study_notes","merged_03072025","merged_03072025_315",315,"constant",3,"warmer",3,FALSE,FALSE,FALSE,"Dicentrarchus_labrax","Dicentrarchus_labrax",1.10347067579986,0.218508183710895,0.166666666666667,0.408248290463863,24,"2.s75"
"1","s75","Pereira","2016","Actinopterygii","Perciformes","Moronidae","Dicentrarachus","labrax","European seabass","3","547.5","1095",NA,"days","postnatal","both","NA","NA","NA","NA","90","160","70","days","70","days","NA","NA","NA","8.2191780821917804E-2","0.14611872146118721","6.3926940639269403E-2","6.3752276867030971E-2","NA","0","days","0","temp","ambient","liver","liver","homogenate","not-ambiguous","1","NA","enzymatic","NA","antioxidant","GR","glutathione reductase","U/mg","Cribb et al. (1989)","figure2d",17,20,"-3","celsius",1.98692810457516,0.905647481081766,12,"0.26143790849673199",2.1437908496732,1.26790647351448,12,"0.36601307189542598","1","yes","raw","View study_notes","merged_03072025","merged_03072025_316",316,"constant",-3,"cooler",3,FALSE,FALSE,FALSE,"Dicentrarchus_labrax","Dicentrarchus_labrax",-0.137454781844347,0.182292754253262,0.166666666666667,0.408248290463863,24,"1.s75"
"1","s75","Pereira","2016","Actinopterygii","Perciformes","Moronidae","Dicentrarachus","labrax","European seabass","3","547.5","1095",NA,"days","postnatal","both","NA","NA","NA","NA","90","160","70","days","70","days","NA","NA","NA","8.2191780821917804E-2","0.14611872146118721","6.3926940639269403E-2","6.3752276867030971E-2","NA","0","days","0","temp","ambient","liver","liver","homogenate","not-ambiguous","1","NA","enzymatic","NA","antioxidant","GR","glutathione reductase","U/mg","Cribb et al. (1989)","figure2d",23,20,"3","celsius",3.6078431372549,1.99242445837988,12,"0.57516339869280997",2.1437908496732,1.26790647351448,12,"0.36601307189542598","2","yes","raw","View study_notes","merged_03072025","merged_03072025_317",317,"constant",3,"warmer",3,FALSE,FALSE,FALSE,"Dicentrarchus_labrax","Dicentrarchus_labrax",0.846424116130395,0.201021491904977,0.166666666666667,0.408248290463863,24,"2.s75"
"1","s92","Schnurr","2014","Actinopterygii","Cypriniformes","Cyprinidae","Danio","rerio","zebrafish","2.5","56","90","730","days","prenatal","both","1.5","60","58.5","hours","NA","NA","NA","NA","58.5","hours","2.5000000000000001E-2","1","0.97499999999999998","NA","NA","NA","2.6351351351351353E-2","90","NA","days","36","temp","ambient","muscle","red and white axial muscles","homogenate","not-ambiguous","1","NA","NA","NA","metabolic capacity","CS","citrate synthase","umol/mg/min","ELISA","figure2a",22,27,"-5","celsius",2.03844970264275,3.32047335797507,10,"1.0500258721108844",1.68616472690949,3.40564989567361,10,"1.0769610583443427","1","yes","raw","View study_notes","merged_03072025","merged_03072025_320",320,"constant",-5,"cooler",5,FALSE,FALSE,FALSE,"Danio_rerio","Danio_rerio",0.100306636695833,0.222501885369611,0.2,0.447213595499958,20,"1.s92"
"1","s92","Schnurr","2014","Actinopterygii","Cypriniformes","Cyprinidae","Danio","rerio","zebrafish","2.5","56","90","730","days","prenatal","both","1.5","60","58.5","hours","NA","NA","NA","NA","58.5","hours","2.5000000000000001E-2","1","0.97499999999999998","NA","NA","NA","2.6351351351351353E-2","90","NA","days","36","temp","ambient","muscle","red and white axial muscles","homogenate","not-ambiguous","1","NA","NA","NA","metabolic capacity","CS","citrate synthase","umol/mg/min","ELISA","figure2a",32,27,"5","celsius",1.68616472690949,3.36124369047053,10,"1.0629185832756891",1.68616472690949,3.40564989567361,10,"1.0769610583443427","2","yes","raw","View study_notes","merged_03072025","merged_03072025_321",321,"constant",5,"warmer",5,FALSE,FALSE,FALSE,"Danio_rerio","Danio_rerio",0,0.222222222222222,0.2,0.447213595499958,20,"2.s92"
"1","s92","Schnurr","2014","Actinopterygii","Cypriniformes","Cyprinidae","Danio","rerio","zebrafish","2.5","56","90","730","days","prenatal","both","1.5","60","58.5","hours","NA","NA","NA","NA","58.5","hours","2.5000000000000001E-2","1","0.97499999999999998","NA","NA","NA","2.6351351351351353E-2","90","NA","days","36","temp","ambient","muscle","red and white axial muscles","homogenate","not-ambiguous","1","NA","NA","NA","metabolic capacity","COX","cytochrome c oxidase","umol/mg/min","ELISA","figure2a",22,27,"-5","celsius",5.21674970307601,3.83707245492279,10,"1.2133888504649772",2.53162863912695,3.60827807972742,10,"1.1410377163197278","1","yes","raw","View study_notes","merged_03072025","merged_03072025_322",322,"constant",-5,"cooler",5,FALSE,FALSE,FALSE,"Danio_rerio","Danio_rerio",0.690412983592043,0.235512978153898,0.2,0.447213595499958,20,"1.s92"
"1","s92","Schnurr","2014","Actinopterygii","Cypriniformes","Cyprinidae","Danio","rerio","zebrafish","2.5","56","90","730","days","prenatal","both","1.5","60","58.5","hours","NA","NA","NA","NA","58.5","hours","2.5000000000000001E-2","1","0.97499999999999998","NA","NA","NA","2.6351351351351353E-2","90","NA","days","36","temp","ambient","muscle","red and white axial muscles","homogenate","not-ambiguous","1","NA","NA","NA","metabolic capacity","COX","cytochrome c oxidase","umol/mg/min","ELISA","figure2a",32,27,"5","celsius",3.65005997070862,3.56533218782928,10,"1.1274570328651792",2.53162863912695,3.60827807972742,10,"1.1410377163197278","2","yes","raw","View study_notes","merged_03072025","merged_03072025_323",323,"constant",5,"warmer",5,FALSE,FALSE,FALSE,"Danio_rerio","Danio_rerio",0.298606290477453,0.224699402738463,0.2,0.447213595499958,20,"2.s92"
"1","s95","Treidel","2016","Reptilia","Testudines","Cyprinidae","Trachemys","scripta elegans","red-eared slider turtle","70","1003.75","2007.5","7300","days","prenatal","both","0","70","70","days","NA","NA","NA","NA","70","days","0","1","1","NA","NA","NA","3.3694344163658241E-2","40.5","NA","days","0.57857142857142863","temp","ambient","liver","liver","homogenate","not-ambiguous","1","NA","general","NA","antioxidant","TAC","total antioxidant capacity","umol/mg","CUPRAC method","figure2c",27.7,27.1,"0.6","celsius",52.3605442176871,8.59918839201898,76,"0.98639455782312502",52.7687074829932,4.20560041253706,78,"0.476190476190474","1","yes","raw","View study_notes","merged_03072025","merged_03072025_328",328,"constant",0.599999999999998,"warmer",0.599999999999998,FALSE,FALSE,FALSE,"Trachemys_scripta_elegans","Trachemys_scripta_elegans",-0.0600026374771152,0.0265494743478823,0.0259784075573549,0.16117818573664,153.974025974026,"1.s95"
"1","s95","Treidel","2016","Reptilia","Testudines","Cyprinidae","Trachemys","scripta elegans","red-eared slider turtle","70","1003.75","2007.5","7300","days","prenatal","both","0","70","70","days","NA","NA","NA","NA","70","days","0","1","1","NA","NA","NA","3.3694344163658241E-2","40.5","NA","days","0.57857142857142863","temp","ambient","liver","liver","homogenate","not-ambiguous","1","NA","general","NA","antioxidant","TAC","total antioxidant capacity","umol/mg","CUPRAC method","figure2c",26.5,27.1,"-0.6","celsius",55.2063492063492,4.25017357306683,76,"0.48752834467119799",52.7687074829932,4.20560041253706,78,"0.476190476190474","2","yes","raw","View study_notes","merged_03072025","merged_03072025_329",329,"constant",-0.600000000000001,"cooler",0.600000000000001,FALSE,FALSE,FALSE,"Trachemys_scripta_elegans","Trachemys_scripta_elegans",0.573704326181522,0.0274072919694789,0.0259784075573549,0.16117818573664,153.974025974026,"2.s95"
"1","s95","Treidel","2016","Reptilia","Testudines","Cyprinidae","Trachemys","scripta elegans","red-eared slider turtle","70","1003.75","2007.5","7300","days","prenatal","both","0","70","70","days","NA","NA","NA","NA","70","days","0","1","1","NA","NA","NA","3.3694344163658241E-2","40.5","NA","days","0.57857142857142863","temp","ambient","liver","liver","homogenate","not-ambiguous","0","NA","NA","lipids","oxidative damage","lipid hydroperoxides","long-term by-products of oxidative damage to lipids","nmol/mg","FOXO method (Hermes-Lima et al. 1995)","figure2c",27.7,27.1,"0.6","celsius",5.625390625,1.09823821038428,76,"0.125976562500001",5.637109375,1.24196637182736,78,"0.140625000000001","1","yes","raw","View study_notes","merged_03072025","merged_03072025_330",330,"constant",0.599999999999998,"warmer",0.599999999999998,FALSE,FALSE,FALSE,"Trachemys_scripta_elegans","Trachemys_scripta_elegans",0.00994689577269889,0.0262782956658521,0.0259784075573549,0.16117818573664,153.974025974026,"1.s95"
"1","s95","Treidel","2016","Reptilia","Testudines","Cyprinidae","Trachemys","scripta elegans","red-eared slider turtle","70","1003.75","2007.5","7300","days","prenatal","both","0","70","70","days","NA","NA","NA","NA","70","days","0","1","1","NA","NA","NA","3.3694344163658241E-2","40.5","NA","days","0.57857142857142863","temp","ambient","liver","liver","homogenate","not-ambiguous","0","NA","NA","lipids","oxidative damage","lipid hydroperoxides","long-term by-products of oxidative damage to lipids","nmol/mg","FOXO method (Hermes-Lima et al. 1995)","figure2c",26.5,27.1,"-0.6","celsius",5.7748046875,1.12377863388159,76,"0.128906250000001",5.637109375,1.24196637182736,78,"0.140625000000001","2","yes","raw","View study_notes","merged_03072025","merged_03072025_331",331,"constant",-0.600000000000001,"cooler",0.600000000000001,FALSE,FALSE,FALSE,"Trachemys_scripta_elegans","Trachemys_scripta_elegans",-0.115687808490555,0.0263301843297847,0.0259784075573549,0.16117818573664,153.974025974026,"2.s95"
"1","s98","Walter","2007","Aves","Galliformes","Phasianidae","Gallus","gallus","broiler chicken","20","67.5","135","912.5","days","prenatal","both","0","22.5","22.5","days","NA","NA","NA","NA","22.5","days","0","1.125","1.125","NA","NA","NA","0.25714285714285712","4","NA","days","0.2","temp","ambient","liver","liver","homogenate","not-ambiguous","1","NA","NA","NA","metabolic capacity","PGC-1α mRNA expression","peroxisome proliferator-activated receptor gamma coactivator-1 alpha, major metabolic regulator, nuclear encoded","relative to adult levels (control)","qPCR","figure2a",35,38,"-3","celsius",1.11969111969112,0.898461488665643,6,"0.36679536679536601",1.83397683397683,0.993036382209394,6,"0.40540540540540398","1","no","raw","View study_notes","merged_03072025","merged_03072025_332",332,"constant",-3,"cooler",3,FALSE,FALSE,FALSE,"Gallus_gallus","Gallus_gallus",-0.696042726185291,0.424464804910284,0.333333333333333,0.577350269189626,12,"1.s98"
"1","s98","Walter","2007","Aves","Galliformes","Phasianidae","Gallus","gallus","broiler chicken","20","67.5","135","912.5","days","prenatal","both","0","22.5","22.5","days","NA","NA","NA","NA","22.5","days","0","1.125","1.125","NA","NA","NA","0.25714285714285712","8","NA","days","0.4","temp","ambient","liver","liver","homogenate","not-ambiguous","1","NA","NA","NA","metabolic capacity","PGC-1α mRNA expression","peroxisome proliferator-activated receptor gamma coactivator-1 alpha, major metabolic regulator, nuclear encoded","relative to adult levels (control)","qPCR","figure2a",35,38,"-3","celsius",1.1003861003861,0.520161914490634,6,"0.21235521235521099",1.87258687258687,1.08761127575314,6,"0.44401544401544202","2","no","raw","View study_notes","merged_03072025","merged_03072025_333",333,"constant",-3,"cooler",3,FALSE,FALSE,FALSE,"Gallus_gallus","Gallus_gallus",-0.835842928285044,0.44869466535475,0.333333333333333,0.577350269189626,12,"2.s98"
"1","s98","Walter","2007","Aves","Galliformes","Phasianidae","Gallus","gallus","broiler chicken","20","67.5","135","912.5","days","prenatal","both","0","22.5","22.5","days","NA","NA","NA","NA","22.5","days","0","1.125","1.125","NA","NA","NA","0.25714285714285712","4","NA","days","0.2","temp","ambient","liver","liver","homogenate","not-ambiguous","1","NA","NA","NA","metabolic capacity","PPARγ mRNA expression","peroxisome proliferator-activated receptor gamma, nuclear encoded","relative to adult levels (control)","qPCR","figure2b",35,38,"-3","celsius",12.96573875803,5.69099865293309,6,"2.32334047109208",4.64668094218417,2.57012842390528,6,"1.0492505353319099","1","no","raw","View study_notes","merged_03072025","merged_03072025_334",334,"constant",-3,"cooler",3,FALSE,FALSE,FALSE,"Gallus_gallus","Gallus_gallus",1.73851186391933,0.617187701576003,0.333333333333333,0.577350269189626,12,"1.s98"
"1","s98","Walter","2007","Aves","Galliformes","Phasianidae","Gallus","gallus","broiler chicken","20","67.5","135","912.5","days","prenatal","both","0","22.5","22.5","days","NA","NA","NA","NA","22.5","days","0","1.125","1.125","NA","NA","NA","0.25714285714285712","8","NA","days","0.4","temp","ambient","liver","liver","homogenate","not-ambiguous","1","NA","NA","NA","metabolic capacity","PPARγ mRNA expression","peroxisome proliferator-activated receptor gamma, nuclear encoded","relative to adult levels (control)","qPCR","figure2b",35,38,"-3","celsius",21.5845824411135,20.7446079929496,6,"8.4689507494646694",18.8865096359743,11.0148361024511,6,"4.4967880085653098","2","no","raw","View study_notes","merged_03072025","merged_03072025_335",335,"constant",-3,"cooler",3,FALSE,FALSE,FALSE,"Gallus_gallus","Gallus_gallus",0.149903849588147,0.401476087510485,0.333333333333333,0.577350269189626,12,"2.s98"
"1","s98","Walter","2007","Aves","Galliformes","Phasianidae","Gallus","gallus","broiler chicken","20","67.5","135","912.5","days","prenatal","both","0","22.5","22.5","days","NA","NA","NA","NA","22.5","days","0","1.125","1.125","NA","NA","NA","0.25714285714285712","4","NA","days","0.2","temp","ambient","liver","liver","homogenate","not-ambiguous","1","NA","NA","NA","metabolic capacity","Atp5b mRNA expression","ATP synthase H+ transporting mitochondrial F1 complex mRNA expression, nuclear-encoded","relative to adult levels (control)","qPCR","figure3a",35,38,"-3","celsius",1.45454545454546,0.334021328561343,6,"0.13636363636363699",1.62121212121212,0.556702214268905,6,"0.22727272727272799","1","no","raw","View study_notes","merged_03072025","merged_03072025_336",336,"constant",-3,"cooler",3,FALSE,FALSE,FALSE,"Gallus_gallus","Gallus_gallus",-0.335006575422289,0.40685414881806,0.333333333333333,0.577350269189626,12,"1.s98"
"1","s98","Walter","2007","Aves","Galliformes","Phasianidae","Gallus","gallus","broiler chicken","20","67.5","135","912.5","days","prenatal","both","0","22.5","22.5","days","NA","NA","NA","NA","22.5","days","0","1.125","1.125","NA","NA","NA","0.25714285714285712","8","NA","days","0.4","temp","ambient","liver","liver","homogenate","not-ambiguous","1","NA","NA","NA","metabolic capacity","Atp5b mRNA expression","ATP synthase H+ transporting mitochondrial F1 complex mRNA expression, nuclear-encoded","relative to adult levels (control)","qPCR","figure3a",35,38,"-3","celsius",0.848484848484851,0.593815695220162,6,"0.24242424242424099",2.10606060606061,0.779383099976466,6,"0.31818181818181801","2","no","raw","View study_notes","merged_03072025","merged_03072025_337",337,"constant",-3,"cooler",3,FALSE,FALSE,FALSE,"Gallus_gallus","Gallus_gallus",-1.6748775554326,0.550142040047,0.333333333333333,0.577350269189626,12,"2.s98"
"1","s98","Walter","2007","Aves","Galliformes","Phasianidae","Gallus","gallus","broiler chicken","20","67.5","135","912.5","days","prenatal","both","0","22.5","22.5","days","NA","NA","NA","NA","22.5","days","0","1.125","1.125","NA","NA","NA","0.25714285714285712","4","NA","days","0.2","temp","ambient","liver","liver","homogenate","not-ambiguous","1","NA","NA","NA","metabolic capacity","COX mRNA expression","COX subunit 1 mRNA expression, mitochondrial encoded","relative to adult levels (control)","qPCR","figure3b",35,38,"-3","celsius",0.847195357833655,0.341128165339242,6,"0.13926499032882",0.661508704061895,0.170564082669622,6,"6.9632495164410294E-2","1","no","raw","View study_notes","merged_03072025","merged_03072025_338",338,"constant",-3,"cooler",3,FALSE,FALSE,FALSE,"Gallus_gallus","Gallus_gallus",0.635338377382338,0.427448530056688,0.333333333333333,0.577350269189626,12,"1.s98"
"1","s98","Walter","2007","Aves","Galliformes","Phasianidae","Gallus","gallus","broiler chicken","20","67.5","135","912.5","days","prenatal","both","0","22.5","22.5","days","NA","NA","NA","NA","22.5","days","0","1.125","1.125","NA","NA","NA","0.25714285714285712","8","NA","days","0.4","temp","ambient","liver","liver","homogenate","not-ambiguous","1","NA","NA","NA","metabolic capacity","COX mRNA expression","COX subunit 1 mRNA expression, mitochondrial encoded","relative to adult levels (control)","qPCR","figure3b",35,38,"-3","celsius",1.38104448742747,0.966529801794524,6,"0.39458413926499097",1.04448742746615,0.341128165339242,6,"0.13926499032882","2","no","raw","View study_notes","merged_03072025","merged_03072025_339",339,"constant",-3,"cooler",3,FALSE,FALSE,FALSE,"Gallus_gallus","Gallus_gallus",0.428496896882957,0.414743871857203,0.333333333333333,0.577350269189626,12,"2.s98"
"1","s98","Walter","2007","Aves","Galliformes","Phasianidae","Gallus","gallus","broiler chicken","20","67.5","135","912.5","days","prenatal","both","0","22.5","22.5","days","NA","NA","NA","NA","22.5","days","0","1.125","1.125","NA","NA","NA","0.25714285714285712","4","NA","days","0.2","temp","ambient","liver","liver","homogenate","not-ambiguous","1","NA","NA","NA","metabolic capacity","COX activity","cytochrome c oxidase","units/g","references Seebacher et al. (2003)","figure3c",35,38,"-3","celsius",47.3717948717949,18.6852102173845,6,"7.6282051282051304",72.5,25.6463669650376,6,"10.4700854700855","1","no","raw","View study_notes","merged_03072025","merged_03072025_340",340,"constant",-3,"cooler",3,FALSE,FALSE,FALSE,"Gallus_gallus","Gallus_gallus",-1.03340618956979,0.458412350701158,0.333333333333333,0.577350269189626,12,"1.s98"
"1","s98","Walter","2007","Aves","Galliformes","Phasianidae","Gallus","gallus","broiler chicken","20","67.5","135","912.5","days","prenatal","both","0","22.5","22.5","days","NA","NA","NA","NA","22.5","days","0","1.125","1.125","NA","NA","NA","0.25714285714285712","8","NA","days","0.4","temp","ambient","liver","liver","homogenate","not-ambiguous","1","NA","NA","NA","metabolic capacity","COX activity","cytochrome c oxidase","units/g","references Seebacher et al. (2003)","figure3c",35,38,"-3","celsius",54.7008547008547,20.51709357203,6,"8.3760683760683694",65.7692307692308,11.3576767988023,6,"4.6367521367521203","2","no","raw","View study_notes","merged_03072025","merged_03072025_341",341,"constant",-3,"cooler",3,FALSE,FALSE,FALSE,"Gallus_gallus","Gallus_gallus",-0.615914030161188,0.424313108751762,0.333333333333333,0.577350269189626,12,"2.s98"
"1","s98","Walter","2007","Aves","Galliformes","Phasianidae","Gallus","gallus","broiler chicken","20","67.5","135","912.5","days","prenatal","both","0","22.5","22.5","days","NA","NA","NA","NA","22.5","days","0","1.125","1.125","NA","NA","NA","0.25714285714285712","4","NA","days","0.2","temp","ambient","liver","liver","homogenate","not-ambiguous","1","NA","NA","NA","metabolic capacity","CS activity","citrate synthase","units/g","references Seebacher et al. (2003)","figure3d",35,38,"-3","celsius",10.9368191721133,3.41541053459964,6,"1.39433551198257",7.10239651416123,2.56155790094973,6,"1.0457516339869299","1","no","raw","View study_notes","merged_03072025","merged_03072025_342",342,"constant",-3,"cooler",3,FALSE,FALSE,FALSE,"Gallus_gallus","Gallus_gallus",1.17204433544659,0.474069252875691,0.333333333333333,0.577350269189626,12,"1.s98"
"1","s98","Walter","2007","Aves","Galliformes","Phasianidae","Gallus","gallus","broiler chicken","20","67.5","135","912.5","days","prenatal","both","0","22.5","22.5","days","NA","NA","NA","NA","22.5","days","0","1.125","1.125","NA","NA","NA","0.25714285714285712","8","NA","days","0.4","temp","ambient","liver","liver","homogenate","not-ambiguous","1","NA","NA","NA","metabolic capacity","CS activity","citrate synthase","units/g","references Seebacher et al. (2003)","figure3d",35,38,"-3","celsius",13.681917211329,3.94906843063084,6,"1.6122004357298501",10.8932461873638,2.77502105936222,6,"1.13289760348584","2","no","raw","View study_notes","merged_03072025","merged_03072025_343",343,"constant",-3,"cooler",3,FALSE,FALSE,FALSE,"Gallus_gallus","Gallus_gallus",0.753971061318913,0.431687686107057,0.333333333333333,0.577350269189626,12,"2.s98"
"1","s98","Walter","2007","Aves","Galliformes","Phasianidae","Gallus","gallus","broiler chicken","20","67.5","135","912.5","days","prenatal","both","0","22.5","22.5","days","NA","NA","NA","NA","22.5","days","0","1.125","1.125","NA","NA","NA","0.25714285714285712","4","NA","days","0.2","temp","ambient","muscle","skeletal muscle","homogenate","not-ambiguous","1","NA","NA","NA","metabolic capacity","PGC-1α mRNA expression","peroxisome proliferator-activated receptor gamma coactivator-1 alpha, major metabolic regulator, nuclear encoded","relative to adult levels (control)","qPCR","figure5a",35,38,"-3","celsius",0.971428571428572,0.606540317260596,6,"0.24761904761904799",1.73333333333333,1.30639452948436,6,"0.53333333333333399","1","no","raw","View study_notes","merged_03072025","merged_03072025_344",344,"constant",-3,"cooler",3,FALSE,FALSE,FALSE,"Gallus_gallus","Gallus_gallus",-0.690295274577144,0.433747492828899,0.333333333333333,0.577350269189626,12,"1.s98"
"1","s98","Walter","2007","Aves","Galliformes","Phasianidae","Gallus","gallus","broiler chicken","20","67.5","135","912.5","days","prenatal","both","0","22.5","22.5","days","NA","NA","NA","NA","22.5","days","0","1.125","1.125","NA","NA","NA","0.25714285714285712","8","NA","days","0.4","temp","ambient","muscle","skeletal muscle","homogenate","not-ambiguous","1","NA","NA","NA","metabolic capacity","PGC-1α mRNA expression","peroxisome proliferator-activated receptor gamma coactivator-1 alpha, major metabolic regulator, nuclear encoded","relative to adult levels (control)","qPCR","figure5a",35,38,"-3","celsius",0.533333333333332,0.41991252733426,6,"0.17142857142857201",0.914285714285715,0.55988336977901,6,"0.22857142857142801","2","no","raw","View study_notes","merged_03072025","merged_03072025_345",345,"constant",-3,"cooler",3,FALSE,FALSE,FALSE,"Gallus_gallus","Gallus_gallus",-0.710329900270665,0.427206337144423,0.333333333333333,0.577350269189626,12,"2.s98"
"1","s98","Walter","2007","Aves","Galliformes","Phasianidae","Gallus","gallus","broiler chicken","20","67.5","135","912.5","days","prenatal","both","0","22.5","22.5","days","NA","NA","NA","NA","22.5","days","0","1.125","1.125","NA","NA","NA","0.25714285714285712","4","NA","days","0.2","temp","ambient","muscle","skeletal muscle","homogenate","not-ambiguous","1","NA","NA","NA","metabolic capacity","PPARγ mRNA expression","peroxisome proliferator-activated receptor gamma, nuclear encoded","relative to adult levels (control)","qPCR","figure5b",35,38,"-3","celsius",17.9742173112339,14.4352986683355,6,"5.8931860036832404",22.3941068139963,36.4491291375471,6,"14.880294659300199","1","no","raw","View study_notes","merged_03072025","merged_03072025_346",346,"constant",-3,"cooler",3,FALSE,FALSE,FALSE,"Gallus_gallus","Gallus_gallus",-0.147123893286565,0.401657177807747,0.333333333333333,0.577350269189626,12,"1.s98"
"1","s98","Walter","2007","Aves","Galliformes","Phasianidae","Gallus","gallus","broiler chicken","20","67.5","135","912.5","days","prenatal","both","0","22.5","22.5","days","NA","NA","NA","NA","22.5","days","0","1.125","1.125","NA","NA","NA","0.25714285714285712","8","NA","days","0.4","temp","ambient","muscle","skeletal muscle","homogenate","not-ambiguous","1","NA","NA","NA","metabolic capacity","PPARγ mRNA expression","peroxisome proliferator-activated receptor gamma, nuclear encoded","relative to adult levels (control)","qPCR","figure5b",35,38,"-3","celsius",13.7016574585636,17.3223584020026,6,"7.0718232044198901",13.4069981583794,7.21764933416776,6,"2.94659300184163","2","no","raw","View study_notes","merged_03072025","merged_03072025_347",347,"constant",-3,"cooler",3,FALSE,FALSE,FALSE,"Gallus_gallus","Gallus_gallus",0.0204902855847332,0.400031401051683,0.333333333333333,0.577350269189626,12,"2.s98"
"1","s98","Walter","2007","Aves","Galliformes","Phasianidae","Gallus","gallus","broiler chicken","20","67.5","135","912.5","days","prenatal","both","0","22.5","22.5","days","NA","NA","NA","NA","22.5","days","0","1.125","1.125","NA","NA","NA","0.25714285714285712","4","NA","days","0.2","temp","ambient","muscle","skeletal muscle","homogenate","not-ambiguous","1","NA","NA","NA","metabolic capacity","Atp5b mRNA expression","ATP synthase H+ transporting mitochondrial F1 complex mRNA expression, nuclear-encoded","relative to adult levels (control)","qPCR","figure6a",35,38,"-3","celsius",1.11304347826087,0.511197859363445,6,"0.208695652173913",1.70434782608696,0.298198751295342,6,"0.121739130434782","1","no","raw","View study_notes","merged_03072025","merged_03072025_348",348,"constant",-3,"cooler",3,FALSE,FALSE,FALSE,"Gallus_gallus","Gallus_gallus",-1.30383195862856,0.505593132194707,0.333333333333333,0.577350269189626,12,"1.s98"
"1","s98","Walter","2007","Aves","Galliformes","Phasianidae","Gallus","gallus","broiler chicken","20","67.5","135","912.5","days","prenatal","both","0","22.5","22.5","days","NA","NA","NA","NA","22.5","days","0","1.125","1.125","NA","NA","NA","0.25714285714285712","8","NA","days","0.4","temp","ambient","muscle","skeletal muscle","homogenate","not-ambiguous","1","NA","NA","NA","metabolic capacity","Atp5b mRNA expression","ATP synthase H+ transporting mitochondrial F1 complex mRNA expression, nuclear-encoded","relative to adult levels (control)","qPCR","figure6a",35,38,"-3","celsius",0.678260869565215,0.68159714581793,6,"0.27826086956521801",5.49565217391304,3.40798572908964,6,"1.39130434782609","2","no","raw","View study_notes","merged_03072025","merged_03072025_349",349,"constant",-3,"cooler",3,FALSE,FALSE,FALSE,"Gallus_gallus","Gallus_gallus",-1.80881633699185,0.702981827610405,0.333333333333333,0.577350269189626,12,"2.s98"
"1","s98","Walter","2007","Aves","Galliformes","Phasianidae","Gallus","gallus","broiler chicken","20","67.5","135","912.5","days","prenatal","both","0","22.5","22.5","days","NA","NA","NA","NA","22.5","days","0","1.125","1.125","NA","NA","NA","0.25714285714285712","4","NA","days","0.2","temp","ambient","muscle","skeletal muscle","homogenate","not-ambiguous","1","NA","NA","NA","metabolic capacity","COX mRNA expression","COX subunit 1 mRNA expression, mitochondrial encoded","relative to adult levels (control)","qPCR","figure6b",35,38,"-3","celsius",0.839427662957075,0.514042362555453,6,"0.20985691573926901",0.756756756756756,0.264809701922505,6,"0.108108108108108","1","no","raw","View study_notes","merged_03072025","merged_03072025_350",350,"constant",-3,"cooler",3,FALSE,FALSE,FALSE,"Gallus_gallus","Gallus_gallus",0.186569266002857,0.402326990625894,0.333333333333333,0.577350269189626,12,"1.s98"
"1","s98","Walter","2007","Aves","Galliformes","Phasianidae","Gallus","gallus","broiler chicken","20","67.5","135","912.5","days","prenatal","both","0","22.5","22.5","days","NA","NA","NA","NA","22.5","days","0","1.125","1.125","NA","NA","NA","0.25714285714285712","8","NA","days","0.4","temp","ambient","muscle","skeletal muscle","homogenate","not-ambiguous","1","NA","NA","NA","metabolic capacity","COX mRNA expression","COX subunit 1 mRNA expression, mitochondrial encoded","relative to adult levels (control)","qPCR","figure6b",35,38,"-3","celsius",0.794912559618442,0.514042362555453,6,"0.20985691573926901",1.01112877583466,0.482888279976333,6,"0.197138314785373","2","no","raw","View study_notes","merged_03072025","merged_03072025_351",351,"constant",-3,"cooler",3,FALSE,FALSE,FALSE,"Gallus_gallus","Gallus_gallus",-0.400058356007765,0.408033532565724,0.333333333333333,0.577350269189626,12,"2.s98"
"1","s98","Walter","2007","Aves","Galliformes","Phasianidae","Gallus","gallus","broiler chicken","20","67.5","135","912.5","days","prenatal","both","0","22.5","22.5","days","NA","NA","NA","NA","22.5","days","0","1.125","1.125","NA","NA","NA","0.25714285714285712","4","NA","days","0.2","temp","ambient","muscle","skeletal muscle","homogenate","not-ambiguous","1","NA","NA","NA","metabolic capacity","COX activity","cytochrome c oxidase","units/g","references Seebacher et al. (2003)","figure6c",35,38,"-3","celsius",13.5971223021583,5.99155764421783,6,"2.44604316546762",10.2158273381295,3.34822338941586,6,"1.36690647482015","1","no","raw","View study_notes","merged_03072025","merged_03072025_352",352,"constant",-3,"cooler",3,FALSE,FALSE,FALSE,"Gallus_gallus","Gallus_gallus",0.642874836630862,0.426339665279883,0.333333333333333,0.577350269189626,12,"1.s98"
"1","s98","Walter","2007","Aves","Galliformes","Phasianidae","Gallus","gallus","broiler chicken","20","67.5","135","912.5","days","prenatal","both","0","22.5","22.5","days","NA","NA","NA","NA","22.5","days","0","1.125","1.125","NA","NA","NA","0.25714285714285712","8","NA","days","0.4","temp","ambient","muscle","skeletal muscle","homogenate","not-ambiguous","1","NA","NA","NA","metabolic capacity","COX activity","cytochrome c oxidase","units/g","references Seebacher et al. (2003)","figure6c",35,38,"-3","celsius",16.6187050359712,7.57755819709902,6,"3.0935251798561101",26.1870503597122,11.8068930047822,6,"4.8201438848920803","2","no","raw","View study_notes","merged_03072025","merged_03072025_353",353,"constant",-3,"cooler",3,FALSE,FALSE,FALSE,"Gallus_gallus","Gallus_gallus",-0.890014091754497,0.446478001061799,0.333333333333333,0.577350269189626,12,"2.s98"
"1","s98","Walter","2007","Aves","Galliformes","Phasianidae","Gallus","gallus","broiler chicken","20","67.5","135","912.5","days","prenatal","both","0","22.5","22.5","days","NA","NA","NA","NA","22.5","days","0","1.125","1.125","NA","NA","NA","0.25714285714285712","4","NA","days","0.2","temp","ambient","muscle","skeletal muscle","homogenate","not-ambiguous","1","NA","NA","NA","metabolic capacity","CS activity","citrate synthase","units/g","references Seebacher et al. (2003)","figure6d",35,38,"-3","celsius",17.2340425531915,7.12262974851846,6,"2.9078014184397198",15.4609929078014,4.69051227341459,6,"1.91489361702127","1","no","raw","View study_notes","merged_03072025","merged_03072025_354",354,"constant",-3,"cooler",3,FALSE,FALSE,FALSE,"Gallus_gallus","Gallus_gallus",0.2713019072179,0.404254505423627,0.333333333333333,0.577350269189626,12,"1.s98"
"1","s98","Walter","2007","Aves","Galliformes","Phasianidae","Gallus","gallus","broiler chicken","20","67.5","135","912.5","days","prenatal","both","0","22.5","22.5","days","NA","NA","NA","NA","22.5","days","0","1.125","1.125","NA","NA","NA","0.25714285714285712","8","NA","days","0.4","temp","ambient","muscle","skeletal muscle","homogenate","not-ambiguous","1","NA","NA","NA","metabolic capacity","CS activity","citrate synthase","units/g","references Seebacher et al. (2003)","figure6d",35,38,"-3","celsius",18.3687943262411,4.86423495020773,6,"1.9858156028368801",25.9574468085106,8.85985651644979,6,"3.6170212765957399","2","no","raw","View study_notes","merged_03072025","merged_03072025_355",355,"constant",-3,"cooler",3,FALSE,FALSE,FALSE,"Gallus_gallus","Gallus_gallus",-0.979773752019846,0.461827573399812,0.333333333333333,0.577350269189626,12,"2.s98"
"1","l11","Voituron","2021","Actinopterygii","Perciformes","Moronidae","Dichentrarchus","labrax","European seabass","3","547.5","1095",NA,"days","postnatal","both","NA","NA","NA","NA","636","696","60","days","60","days","NA","NA","NA","0.58082191780821912","0.63561643835616444","5.4794520547945202E-2","5.4644808743169397E-2","NA","1","days","1.8264840182648401E-3","temp","ambient","muscle","skeletal muscle","isolated","not-ambiguous","1","NA","NA","NA","metabolic capacity","ATP synthesis","Rate of ATP synthesis (nmol ATP/min.mg protein)","nmol/min/mg","Clarke electrode","figure1b",26,22,"4","celsius",183.535474636336,59.304008829638,8,"22.414808444628701",241.811802508137,65.2382444367421,8,"24.657738678580401","1","yes","raw","View study_notes","merged_03072025","merged_03072025_361",361,"constant",4,"warmer",4,FALSE,FALSE,FALSE,"Dicentrarchus_labrax","Dicentrarchus_labrax",-0.883643383716538,0.313853020872113,0.25,0.5,16,"1.l11"
"1","l11","Voituron","2021","Actinopterygii","Perciformes","Moronidae","Dichentrarchus","labrax","European seabass","3","547.5","1095",NA,"days","postnatal","both","NA","NA","NA","NA","636","696","60","days","60","days","NA","NA","NA","0.58082191780821912","0.63561643835616444","5.4794520547945202E-2","5.4644808743169397E-2","NA","1","days","1.8264840182648401E-3","temp","ambient","muscle","skeletal muscle","isolated","not-ambiguous","1","NA","NA","NA","metabolic capacity","ATP synthesis","Rate of ATP synthesis (nmol ATP/min.mg protein)","nmol/min/mg","Clarke electrode","figure1b",18,22,"-4","celsius",290.471431121606,24.8202519980495,8,"9.3811734663989892",241.811802508137,65.2382444367421,8,"24.657738678580401","2","yes","raw","View study_notes","merged_03072025","merged_03072025_362",362,"constant",-4,"cooler",4,FALSE,FALSE,FALSE,"Dicentrarchus_labrax","Dicentrarchus_labrax",0.931946313693972,0.334046899977108,0.25,0.5,16,"2.l11"
"1","l11","Voituron","2021","Actinopterygii","Perciformes","Moronidae","Dichentrarchus","labrax","European seabass","3","547.5","1095",NA,"days","postnatal","both","NA","NA","NA","NA","636","696","60","days","60","days","NA","NA","NA","0.58082191780821912","0.63561643835616444","5.4794520547945202E-2","5.4644808743169397E-2","NA","1","days","1.8264840182648401E-3","temp","ambient","muscle","skeletal muscle","isolated","not-ambiguous","1","basal","NA","NA","respiration","oxygen consumption","routine respiration; Rate of oxygen consumption (nmol O/min.mg protein)","nmol/min/mg","Clarke electrode","figure1a",26,22,"4","celsius",64.3401597942878,18.6543812018536,8,"7.0506933602718203",94.9329598677565,23.8358162930881,8,"9.0090917439618003","1","yes","raw","View study_notes","merged_03072025","merged_03072025_363",363,"constant",4,"warmer",4,FALSE,FALSE,FALSE,"Dicentrarchus_labrax","Dicentrarchus_labrax",-1.35119864841568,0.354684872875212,0.25,0.5,16,"1.l11"
"1","l11","Voituron","2021","Actinopterygii","Perciformes","Moronidae","Dichentrarchus","labrax","European seabass","3","547.5","1095",NA,"days","postnatal","both","NA","NA","NA","NA","636","696","60","days","60","days","NA","NA","NA","0.58082191780821912","0.63561643835616444","5.4794520547945202E-2","5.4644808743169397E-2","NA","1","days","1.8264840182648401E-3","temp","ambient","muscle","skeletal muscle","isolated","not-ambiguous","1","basal","NA","NA","respiration","oxygen consumption","Rate of oxygen consumption (nmol O/min.mg protein)","nmol/min/mg","Clarke electrode","figure1a",18,22,"-4","celsius",111.171824777298,22.9671818053431,8,"8.6807787675636092",94.9329598677565,23.8358162930881,8,"9.0090917439618003","2","yes","raw","View study_notes","merged_03072025","merged_03072025_364",364,"constant",-4,"cooler",4,FALSE,FALSE,FALSE,"Dicentrarchus_labrax","Dicentrarchus_labrax",0.655845023479728,0.301097318728952,0.25,0.5,16,"2.l11"
"1","l11","Voituron","2021","Actinopterygii","Perciformes","Moronidae","Dichentrarchus","labrax","European seabass","3","547.5","1095",NA,"days","postnatal","both","NA","NA","NA","NA","636","696","60","days","60","days","NA","NA","NA","0.58082191780821912","0.63561643835616444","5.4794520547945202E-2","5.4644808743169397E-2","NA","1","days","1.8264840182648401E-3","temp","ambient","muscle","skeletal muscle","isolated","not-ambiguous","1","mitochondrial efficiency","NA","NA","respiration","ATP/O","Mitochondrial efficiency (ATP/O ratio)","unitless","Clarke electrode","figure1c",26,22,"4","celsius",2.85032783754536,0.361039200328705,8,"0.13645999108791201",2.49388567063467,0.191471282575834,8,"7.2369342415175897E-2","1","yes","raw","View study_notes","merged_03072025","merged_03072025_365",365,"constant",4,"warmer",4,FALSE,FALSE,FALSE,"Dicentrarchus_labrax","Dicentrarchus_labrax",1.16599350755716,0.349549015710693,0.25,0.5,16,"1.l11"
"1","l11","Voituron","2021","Actinopterygii","Perciformes","Moronidae","Dichentrarchus","labrax","European seabass","3","547.5","1095",NA,"days","postnatal","both","NA","NA","NA","NA","636","696","60","days","60","days","NA","NA","NA","0.58082191780821912","0.63561643835616444","5.4794520547945202E-2","5.4644808743169397E-2","NA","1","days","1.8264840182648401E-3","temp","ambient","muscle","skeletal muscle","isolated","not-ambiguous","1","mitochondrial efficiency","NA","NA","respiration","ATP/O","Mitochondrial efficiency (ATP/O ratio)","unitless","Clarke electrode","figure1c",18,22,"-4","celsius",2.58923865300146,0.204232280068725,8,"7.2207015086892798E-2",2.49388567063467,0.191471282575834,8,"7.2369342415175897E-2","2","yes","raw","View study_notes","merged_03072025","merged_03072025_366",366,"constant",-4,"cooler",4,FALSE,FALSE,FALSE,"Dicentrarchus_labrax","Dicentrarchus_labrax",0.455336665759816,0.29314972067851,0.25,0.5,16,"2.l11"
"1","l11","Voituron","2021","Actinopterygii","Perciformes","Moronidae","Dichentrarchus","labrax","European seabass","3","547.5","1095",NA,"days","postnatal","both","NA","NA","NA","NA","636","696","60","days","60","days","NA","NA","NA","0.58082191780821912","0.63561643835616444","5.4794520547945202E-2","5.4644808743169397E-2","NA","1","days","1.8264840182648401E-3","temp","ambient","muscle","skeletal muscle","isolated","not-ambiguous","0","leak","NA","NA","respiration","Leak","Basal nonphosphorylating oxygen consumption rate (LEAK; nmol O/min.mg protein)","nmol/min/mg","Clarke electrode","table1",26,22,"4","celsius",5.9,2.26274169979695,8,"0.8",6.1,1.13137084989848,8,"0.4","1","yes","raw","View study_notes","merged_03072025","merged_03072025_367",367,"constant",4,"warmer",4,FALSE,FALSE,FALSE,"Dicentrarchus_labrax","Dicentrarchus_labrax",0.105686381051322,0.28625680968393,0.25,0.5,16,"1.l11"
"1","l11","Voituron","2021","Actinopterygii","Perciformes","Moronidae","Dichentrarchus","labrax","European seabass","3","547.5","1095",NA,"days","postnatal","both","NA","NA","NA","NA","636","696","60","days","60","days","NA","NA","NA","0.58082191780821912","0.63561643835616444","5.4794520547945202E-2","5.4644808743169397E-2","NA","1","days","1.8264840182648401E-3","temp","ambient","muscle","skeletal muscle","isolated","not-ambiguous","0","leak","NA","NA","respiration","Leak","Basal nonphosphorylating oxygen consumption rate (LEAK; nmol O/min.mg protein)","nmol/min/mg","Clarke electrode","table1",18,22,"-4","celsius",7.3,3.67695526217005,8,"1.3",6.1,1.13137084989848,8,"0.4","2","yes","raw","View study_notes","merged_03072025","merged_03072025_368",368,"constant",-4,"cooler",4,FALSE,FALSE,FALSE,"Dicentrarchus_labrax","Dicentrarchus_labrax",-0.416993616403332,0.296171983501581,0.25,0.5,16,"2.l11"
"1","l11","Voituron","2021","Actinopterygii","Perciformes","Moronidae","Dichentrarchus","labrax","European seabass","3","547.5","1095",NA,"days","postnatal","both","NA","NA","NA","NA","636","696","60","days","60","days","NA","NA","NA","0.58082191780821912","0.63561643835616444","5.4794520547945202E-2","5.4644808743169397E-2","NA","1","days","1.8264840182648401E-3","temp","ambient","muscle","skeletal muscle","isolated","not-ambiguous","1","ets","NA","NA","respiration","ETSmax","Maximal activity of the electron transport system (ETSmax; nmol O/min.mg protein)","nmol/min/mg","Clarke electrode","table1",26,22,"4","celsius",64.7,23.4759451353934,8,"8.3000000000000007",79,23.4759451353934,8,"8.3000000000000007","1","yes","raw","View study_notes","merged_03072025","merged_03072025_369",369,"constant",4,"warmer",4,FALSE,FALSE,FALSE,"Dicentrarchus_labrax","Dicentrarchus_labrax",-0.575807042107439,0.297555491062161,0.25,0.5,16,"1.l11"
"1","l11","Voituron","2021","Actinopterygii","Perciformes","Moronidae","Dichentrarchus","labrax","European seabass","3","547.5","1095",NA,"days","postnatal","both","NA","NA","NA","NA","636","696","60","days","60","days","NA","NA","NA","0.58082191780821912","0.63561643835616444","5.4794520547945202E-2","5.4644808743169397E-2","NA","1","days","1.8264840182648401E-3","temp","ambient","muscle","skeletal muscle","isolated","not-ambiguous","1","ets","NA","NA","respiration","ETSmax","Maximal activity of the electron transport system (ETSmax; nmol O/min.mg protein)","nmol/min/mg","Clarke electrode","table1",18,22,"-4","celsius",116.4,38.4666088965482,8,"13.6",79,23.4759451353934,8,"8.3000000000000007","2","yes","raw","View study_notes","merged_03072025","merged_03072025_370",370,"constant",-4,"cooler",4,FALSE,FALSE,FALSE,"Dicentrarchus_labrax","Dicentrarchus_labrax",1.10947377993861,0.338867122486788,0.25,0.5,16,"2.l11"
"1","l11","Voituron","2021","Actinopterygii","Perciformes","Moronidae","Dichentrarchus","labrax","European seabass","3","547.5","1095",NA,"days","postnatal","both","NA","NA","NA","NA","636","696","60","days","60","days","NA","NA","NA","0.58082191780821912","0.63561643835616444","5.4794520547945202E-2","5.4644808743169397E-2","NA","1","days","1.8264840182648401E-3","temp","ambient","muscle","skeletal muscle","isolated","not-ambiguous","1","mitochondrial capacity","NA","NA","respiration","mitochondrial aerobic scope (mtAS)","Mitochondrial aerobic scope (mtAS; ETSmax - LEAK)","nmol/min/mg","Clarke electrode","table1",26,22,"4","celsius",59,22.6274169979695,8,"8",73,22.6274169979695,8,"8","1","yes","raw","View study_notes","merged_03072025","merged_03072025_371",371,"constant",4,"warmer",4,FALSE,FALSE,FALSE,"Dicentrarchus_labrax","Dicentrarchus_labrax",-0.584866943119619,0.29793104789836,0.25,0.5,16,"1.l11"
"1","l11","Voituron","2021","Actinopterygii","Perciformes","Moronidae","Dichentrarchus","labrax","European seabass","3","547.5","1095",NA,"days","postnatal","both","NA","NA","NA","NA","636","696","60","days","60","days","NA","NA","NA","0.58082191780821912","0.63561643835616444","5.4794520547945202E-2","5.4644808743169397E-2","NA","1","days","1.8264840182648401E-3","temp","ambient","muscle","skeletal muscle","isolated","not-ambiguous","1","mitochondrial capacity","NA","NA","respiration","mitochondrial aerobic scope (mtAS)","Mitochondrial aerobic scope (mtAS; ETSmax - LEAK)","nmol/min/mg","Clarke electrode","table1",18,22,"-4","celsius",109,36.7695526217005,8,"13",73,22.6274169979695,8,"8","2","yes","raw","View study_notes","merged_03072025","merged_03072025_372",372,"constant",-4,"cooler",4,FALSE,FALSE,FALSE,"Dicentrarchus_labrax","Dicentrarchus_labrax",1.11470144724401,0.339103501101966,0.25,0.5,16,"2.l11"
"1","l11","Voituron","2021","Actinopterygii","Perciformes","Moronidae","Dichentrarchus","labrax","European seabass","3","547.5","1095",NA,"days","postnatal","both","NA","NA","NA","NA","636","696","60","days","60","days","NA","NA","NA","0.58082191780821912","0.63561643835616444","5.4794520547945202E-2","5.4644808743169397E-2","NA","1","days","1.8264840182648401E-3","temp","ambient","muscle","skeletal muscle","isolated","not-ambiguous","1","mitochondrial efficiency","NA","NA","respiration","RCR","Respiratory control ratio (RCR; ETSmax:LEAK)","unitless","Clarke electrode","table1",26,22,"4","celsius",11.8,4.24264068711929,8,"1.5",13,3.95979797464467,8,"1.4","1","yes","raw","View study_notes","merged_03072025","merged_03072025_373",373,"constant",4,"warmer",4,FALSE,FALSE,FALSE,"Dicentrarchus_labrax","Dicentrarchus_labrax",-0.276423029806033,0.288456151846753,0.25,0.5,16,"1.l11"
"1","l11","Voituron","2021","Actinopterygii","Perciformes","Moronidae","Dichentrarchus","labrax","European seabass","3","547.5","1095",NA,"days","postnatal","both","NA","NA","NA","NA","636","696","60","days","60","days","NA","NA","NA","0.58082191780821912","0.63561643835616444","5.4794520547945202E-2","5.4644808743169397E-2","NA","1","days","1.8264840182648401E-3","temp","ambient","muscle","skeletal muscle","isolated","not-ambiguous","1","mitochondrial efficiency","NA","NA","respiration","RCR","Respiratory control ratio (RCR; ETSmax:LEAK)","unitless","Clarke electrode","table1",18,22,"-4","celsius",19.5,8.76812408671319,8,"3.1",13,3.95979797464467,8,"1.4","2","yes","raw","View study_notes","merged_03072025","merged_03072025_374",374,"constant",-4,"cooler",4,FALSE,FALSE,FALSE,"Dicentrarchus_labrax","Dicentrarchus_labrax",0.903193288807125,0.327585280583041,0.25,0.5,16,"2.l11"
"1","l12","Tang","2022","Amphibia","Anura","Ranidae","Rana","kukunoris","Plateau brown frog","14","365","730",NA,"days","postnatal","both","NA","NA","NA","NA","0","21","21","days","21","days","NA","NA","NA","0","2.8767123287671233E-2","2.8767123287671233E-2","2.8225806451612902E-2","NA","0","days","0","temp","ambient","whole body","whole animal","NA","not-ambiguous","1","NA","enzymatic","NA","antioxidant","CAT","catalase","U/mg","decompoistion of H2O2 into H2O and O2 with absorbance spectrophotometry","figure4a",22,14,"8","celsius",14.4801512287335,1.91290898157633,40,"0.302457466918714",6.38941398865785,3.82581796315264,40,"0.60491493383742401","1","no","raw","View study_notes","merged_03072025","merged_03072025_375",375,"constant",8,"warmer",8,FALSE,FALSE,FALSE,"Rana_kukunoris","Rana_kukunoris",2.6491822724175,0.112466068775564,0.05,0.223606797749979,80,"1.l12"
"1","l12","Tang","2022","Amphibia","Anura","Ranidae","Rana","kukunoris","Plateau brown frog","14","365","730",NA,"days","postnatal","both","NA","NA","NA","NA","0","21","21","days","21","days","NA","NA","NA","0","2.8767123287671233E-2","2.8767123287671233E-2","2.8225806451612902E-2","NA","0","days","0","temp","ambient","whole body","whole animal","NA","not-ambiguous","1","NA","enzymatic","NA","antioxidant","SOD","superoxide dismutase","U/mg","commerical assay kits, Nanjing Jiancheng Bioengeineering Institute","figure4b",22,14,"8","celsius",300.399201596806,56.8073831167969,40,"8.9820359281436595",281.437125748503,69.4312460316409,40,"10.9780439121756","1","no","raw","View study_notes","merged_03072025","merged_03072025_376",376,"constant",8,"warmer",8,FALSE,FALSE,FALSE,"Rana_kukunoris","Rana_kukunoris",0.296040393119508,0.0518658745950704,0.05,0.223606797749979,80,"1.l12"
"1","l12","Tang","2022","Amphibia","Anura","Ranidae","Rana","kukunoris","Plateau brown frog","14","365","730",NA,"days","postnatal","both","NA","NA","NA","NA","0","21","21","days","21","days","NA","NA","NA","0","2.8767123287671233E-2","2.8767123287671233E-2","2.8225806451612902E-2","NA","0","days","0","temp","ambient","whole body","whole animal","NA","not-ambiguous","1","NA","general","NA","antioxidant","T-AOC","total antioxidant capacity","nmol/mg","commerical assay kits, Nanjing Jiancheng Bioengeineering Institute","figure4d",22,14,"8","celsius",4.06749555950266,1.23570352617591,40,"0.19538188277086899",1.91829484902309,1.40420855247264,40,"0.22202486678507999","1","no","raw","View study_notes","merged_03072025","merged_03072025_377",377,"constant",8,"warmer",8,FALSE,FALSE,FALSE,"Rana_kukunoris","Rana_kukunoris",1.60924678043844,0.0681508797721168,0.05,0.223606797749979,80,"1.l12"
"1","l12","Tang","2022","Amphibia","Anura","Ranidae","Rana","kukunoris","Plateau brown frog","14","365","730",NA,"days","postnatal","both","NA","NA","NA","NA","0","21","21","days","21","days","NA","NA","NA","0","2.8767123287671233E-2","2.8767123287671233E-2","2.8225806451612902E-2","NA","0","days","0","temp","ambient","whole body","whole animal","NA","not-ambiguous","1","NA","NA","NA","oxidative/nitrosative stress","GSH:GSSG","the ratio of glutathione to oxidized glutathione","unitless","commerical assay kits, Nanjing Jiancheng Bioengeineering Institute","figure4c",22,14,"8","celsius",0.563232682060391,0.172998493664629,40,"2.73534635879218E-2",0.241207815275311,0.157271357876935,40,"2.4866785079928899E-2","1","no","raw","View study_notes","merged_03072025","merged_03072025_378",378,"constant",8,"warmer",8,FALSE,FALSE,FALSE,"Rana_kukunoris","Rana_kukunoris",1.92906422763454,0.0753518552827132,0.05,0.223606797749979,80,"1.l12"
"1","l12","Tang","2022","Amphibia","Anura","Ranidae","Rana","kukunoris","Plateau brown frog","14","365","730",NA,"days","postnatal","both","NA","NA","NA","NA","0","21","21","days","21","days","NA","NA","NA","0","2.8767123287671233E-2","2.8767123287671233E-2","2.8225806451612902E-2","NA","0","days","0","temp","ambient","whole body","whole animal","NA","not-ambiguous","0","NA","NA","proteins","oxidative damage","carbonyl content","protein carbonyl, oxidative damage biomarker","nmol/mg","DNPH method","figure3b",22,14,"8","celsius",56.5930018416206,32.6128082816628,40,"5.1565377532228398",26.9429097605893,22.0136455901224,40,"3.4806629834254101","1","no","raw","View study_notes","merged_03072025","merged_03072025_379",379,"constant",8,"warmer",8,FALSE,FALSE,FALSE,"Rana_kukunoris","Rana_kukunoris",-1.05539771062776,0.059420838197419,0.05,0.223606797749979,80,"1.l12"
"1","l12","Tang","2022","Amphibia","Anura","Ranidae","Rana","kukunoris","Plateau brown frog","14","365","730",NA,"days","postnatal","both","NA","NA","NA","NA","0","21","21","days","21","days","NA","NA","NA","0","2.8767123287671233E-2","2.8767123287671233E-2","2.8225806451612902E-2","NA","0","days","0","temp","ambient","whole body","whole animal","NA","not-ambiguous","0","NA","NA","lipids","oxidative damage","MDA","malondialdehyde, oxidative damage biomarker","nmol/mg","thiobarbiturate method","figure3a",22,14,"8","celsius",68.300395256917,32.9976799321917,40,"5.2173913043478102",36.0474308300395,31.4977853898195,40,"4.9802371541502","1","no","raw","View study_notes","merged_03072025","merged_03072025_380",380,"constant",8,"warmer",8,FALSE,FALSE,FALSE,"Rana_kukunoris","Rana_kukunoris",-0.990241442561241,0.0575813919065698,0.05,0.223606797749979,80,"1.l12"
"1","Recio8","Li","2021","Reptilia","Testudines","Geoemydidae","Mauremys","mutica","Asian yellow pond turtle","83.5","912.5","1825",NA,"days","postnatal","both","NA","NA","NA","NA","546","553","7","days","7","days","NA","NA","NA","0.29917808219178083","0.303013698630137","3.8356164383561643E-3","3.6678019386953103E-3","NA","0","days","0","temp","incubator","liver","liver","homogenate","not-ambiguous","0","NA","NA","lipids","oxidative damage","MDA content","Lipid peroxidation","nmol / mg prot","absorbance of a red compound produced by thiobarbituric acind and malondialdehyde at 532 nm","figure1",34,28,"6","celsius",1.64829106945976,1.07956454975798,10,"0.34138828584094",1.09651166755703,0.554429271850068,10,"0.175325930051489","1","no","raw","View study_notes","merged_03072025","merged_03072025_381",381,"heat wave",6,"warmer",6,FALSE,FALSE,FALSE,"Mauremys_mutica","Mauremys_mutica",-0.615752528007035,0.236328863366212,0.2,0.447213595499958,20,"1.Recio8"
"1","Recio8","Li","2021","Reptilia","Testudines","Geoemydidae","Mauremys","mutica","Asian yellow pond turtle","83.5","912.5","1825",NA,"days","postnatal","both","NA","NA","NA","NA","546","553","7","days","7","days","NA","NA","NA","0.29917808219178083","0.303013698630137","3.8356164383561643E-3","3.6678019386953103E-3","NA","0","days","0","temp","incubator","liver","liver","homogenate","not-ambiguous","1","NA","general","NA","antioxidant","TAC","Total antioxidant capacity","U / mg prot","absorbance of Fe2+--o-phenanthroline complex produced by oxidation","figure2a",34,28,"6","celsius",1.40597799918515,0.752181456113243,10,"0.23786066150598301",1.48675876884329,0.966521547157651,10,"0.30564094966480199","1","no","raw","View study_notes","merged_03072025","merged_03072025_382",382,"heat wave",6,"warmer",6,FALSE,FALSE,FALSE,"Mauremys_mutica","Mauremys_mutica",-0.0893287201113077,0.222457248602999,0.2,0.447213595499958,20,"1.Recio8"
"1","Recio8","Li","2021","Reptilia","Testudines","Geoemydidae","Mauremys","mutica","Asian yellow pond turtle","83.5","912.5","1825",NA,"days","postnatal","both","NA","NA","NA","NA","546","553","7","days","7","days","NA","NA","NA","0.29917808219178083","0.303013698630137","3.8356164383561643E-3","3.6678019386953103E-3","NA","0","days","0","temp","incubator","liver","liver","homogenate","not-ambiguous","1","NA","enzymatic","NA","antioxidant","Catalase (CAT) activity","Catalase (CAT) activity","U / mg prot","H2O2 consumption at 405nm","figure2b",34,28,"6","celsius",32.6524125441207,8.029437482807,10,"2.5391310775599201",32.1172361539741,11.5591174243029,10,"3.65531388021361","1","no","raw","View study_notes","merged_03072025","merged_03072025_383",383,"heat wave",6,"warmer",6,FALSE,FALSE,FALSE,"Mauremys_mutica","Mauremys_mutica",0.0514981079816749,0.222304865783641,0.2,0.447213595499958,20,"1.Recio8"
"1","Recio8","Li","2021","Reptilia","Testudines","Geoemydidae","Mauremys","mutica","Asian yellow pond turtle","83.5","912.5","1825",NA,"days","postnatal","both","NA","NA","NA","NA","546","553","7","days","7","days","NA","NA","NA","0.29917808219178083","0.303013698630137","3.8356164383561643E-3","3.6678019386953103E-3","NA","0","days","0","temp","incubator","liver","liver","homogenate","not-ambiguous","1","NA","enzymatic","NA","antioxidant","GSH-Px activity","Glutathione peroxidase activity","U / mg prot","GSH consumption rate at 412nm","figure2c",34,28,"6","celsius",22.3438738821794,15.2216134592709,10,"4.81349681939707",12.8241910205587,6.37236702276764,10,"2.0151193878491802","1","no","raw","View study_notes","merged_03072025","merged_03072025_384",384,"heat wave",6,"warmer",6,FALSE,FALSE,FALSE,"Mauremys_mutica","Mauremys_mutica",0.781295278540896,0.247528580732973,0.2,0.447213595499958,20,"1.Recio8"
"1","Recio8","Li","2021","Reptilia","Testudines","Geoemydidae","Mauremys","mutica","Asian yellow pond turtle","83.5","912.5","1825",NA,"days","postnatal","both","NA","NA","NA","NA","546","553","7","days","7","days","NA","NA","NA","0.29917808219178083","0.303013698630137","3.8356164383561643E-3","3.6678019386953103E-3","NA","0","days","0","temp","incubator","liver","liver","homogenate","not-ambiguous","1","NA","enzymatic","NA","antioxidant","SOD activity","Superoxide dismutase (SOD) activity","U / mg prot","rate of cytochrome c reduction by superoxide ions at 550nm","figure2d",34,28,"6","celsius",579.676010394206,98.4390850848758,10,"31.1291719651317",598.975322975986,110.228929920984,10,"34.857448259339201","1","no","raw","View study_notes","merged_03072025","merged_03072025_385",385,"heat wave",6,"warmer",6,FALSE,FALSE,FALSE,"Mauremys_mutica","Mauremys_mutica",-0.17685976663363,0.223102118121962,0.2,0.447213595499958,20,"1.Recio8"
"1","Recio8","Li","2021","Reptilia","Testudines","Geoemydidae","Mauremys","mutica","Asian yellow pond turtle","83.5","912.5","1825",NA,"days","postnatal","both","NA","NA","NA","NA","546","553","7","days","7","days","NA","NA","NA","0.29917808219178083","0.303013698630137","3.8356164383561643E-3","3.6678019386953103E-3","NA","0","days","0","temp","incubator","muscle","muscle","homogenate","not-ambiguous","0","NA","NA","lipids","oxidative damage","MDA content","Lipid peroxidation","nmol / mg prot","absorbance of a red compound produced by thiobarbituric acind and malondialdehyde at 532 nm","figure1",34,28,"6","celsius",0.345764330124234,0.0521181487314499,10,"1.6481205742279698E-2",0.334341149592516,0.0679333111051303,10,"2.14823992089022E-2","1","no","raw","View study_notes","merged_03072025","merged_03072025_386",386,"heat wave",6,"warmer",6,FALSE,FALSE,FALSE,"Mauremys_mutica","Mauremys_mutica",-0.180683554392694,0.223189893001827,0.2,0.447213595499958,20,"1.Recio8"
"1","Recio8","Li","2021","Reptilia","Testudines","Geoemydidae","Mauremys","mutica","Asian yellow pond turtle","83.5","912.5","1825",NA,"days","postnatal","both","NA","NA","NA","NA","546","553","7","days","7","days","NA","NA","NA","0.29917808219178083","0.303013698630137","3.8356164383561643E-3","3.6678019386953103E-3","NA","0","days","0","temp","incubator","muscle","muscle","homogenate","not-ambiguous","1","NA","general","NA","antioxidant","TAC","Total antioxidant capacity","U / mg prot","absorbance of Fe2+--o-phenanthroline complex produced by oxidation","figure2a",34,28,"6","celsius",0.775250935219823,0.115485972551797,10,"3.6519871106336602E-2",0.699877773250861,0.0817537615021874,10,"2.5852809363310102E-2","1","no","raw","View study_notes","merged_03072025","merged_03072025_387",387,"heat wave",6,"warmer",6,FALSE,FALSE,FALSE,"Mauremys_mutica","Mauremys_mutica",0.721435373844561,0.238276355825862,0.2,0.447213595499958,20,"1.Recio8"
"1","Recio8","Li","2021","Reptilia","Testudines","Geoemydidae","Mauremys","mutica","Asian yellow pond turtle","83.5","912.5","1825",NA,"days","postnatal","both","NA","NA","NA","NA","546","553","7","days","7","days","NA","NA","NA","0.29917808219178083","0.303013698630137","3.8356164383561643E-3","3.6678019386953103E-3","NA","0","days","0","temp","incubator","muscle","muscle","homogenate","not-ambiguous","1","NA","enzymatic","NA","antioxidant","Catalase (CAT) activity","Catalase (CAT) activity","U / mg prot","H2O2 consumption at 405nm","figure2b",34,28,"6","celsius",1.77406538170131,0.00935014554041767,10,"2.9567756361785799E-3",1.6565335501636,0.81346266201355,10,"0.257239480346655","1","no","raw","View study_notes","merged_03072025","merged_03072025_388",388,"heat wave",6,"warmer",6,FALSE,FALSE,FALSE,"Mauremys_mutica","Mauremys_mutica",0.195663304411594,0.224348556407349,0.2,0.447213595499958,20,"1.Recio8"
"1","Recio8","Li","2021","Reptilia","Testudines","Geoemydidae","Mauremys","mutica","Asian yellow pond turtle","83.5","912.5","1825",NA,"days","postnatal","both","NA","NA","NA","NA","546","553","7","days","7","days","NA","NA","NA","0.29917808219178083","0.303013698630137","3.8356164383561643E-3","3.6678019386953103E-3","NA","0","days","0","temp","incubator","muscle","muscle","homogenate","not-ambiguous","1","NA","enzymatic","NA","antioxidant","GSH-Px activity","Glutathione peroxidase activity","U / mg prot","GSH consumption rate at 412nm","figure2c",34,28,"6","celsius",6.93316124273993,3.45643624402656,10,"1.0930211118281501",3.47543099474508,0.610473810306306,10,"0.19304876924495001","1","no","raw","View study_notes","merged_03072025","merged_03072025_389",389,"heat wave",6,"warmer",6,FALSE,FALSE,FALSE,"Mauremys_mutica","Mauremys_mutica",1.33417399420459,0.315310228324305,0.2,0.447213595499958,20,"1.Recio8"
"1","Recio8","Li","2021","Reptilia","Testudines","Geoemydidae","Mauremys","mutica","Asian yellow pond turtle","83.5","912.5","1825",NA,"days","postnatal","both","NA","NA","NA","NA","546","553","7","days","7","days","NA","NA","NA","0.29917808219178083","0.303013698630137","3.8356164383561643E-3","3.6678019386953103E-3","NA","0","days","0","temp","incubator","muscle","muscle","homogenate","not-ambiguous","1","NA","enzymatic","NA","antioxidant","SOD activity","Superoxide dismutase (SOD) activity","U / mg prot","rate of cytochrome c reduction by superoxide ions at 550nm","figure2d",34,28,"6","celsius",55.0598035421389,7.13917939902725,10,"2.2576067525478201",56.891690164206,4.73225605878413,10,"1.4964707616889501","1","no","raw","View study_notes","merged_03072025","merged_03072025_390",390,"heat wave",6,"warmer",6,FALSE,FALSE,FALSE,"Mauremys_mutica","Mauremys_mutica",-0.289656191277639,0.224906346999377,0.2,0.447213595499958,20,"1.Recio8"
"1","Wild7","Leo","2020","Actinopterygii","Gadiformes","Gadidae","Boreogadus","saida","Polar cod","67.5","456.25","912.5",NA,"days","postnatal","both","NA","NA","NA","NA","456.25","576.25","120","days","120","days","NA","NA","NA","0.5","0.63150684931506851","0.13150684931506848","0.12244897959183673","NA","4","days","8.7671232876712323E-3","temp","incubator","heart","heart","homogenate","not-ambiguous","1","NA","NA","NA","metabolic capacity","CS","Citrate synthase","U mg / FW","CS activity was detected in a buffer containing Tris–HCl 75 mM pH 8.0, 5,5′-dithiobis(2-nitrobenzoic acid) (DTNB) 0.25 mM, acetyl-CoA 0.4 mM, oxaloacetate 0.5 mM employing a UV/Vis spectrophotometer","figure1a",3,0,"3","celsius",2.81785403456422,1.10215541876632,12,"0.31816486385676901",2.32264080566953,2.03030896602751,12,"0.58609971403704697","1","yes","raw","View study_notes","merged_03072025","merged_03072025_391",391,"constant",3,"warmer",3,FALSE,FALSE,FALSE,"Boreogadus_saida","Boreogadus_saida",0.2926797954236,0.184342818486579,0.166666666666667,0.408248290463863,24,"1.Wild7"
"1","Wild7","Leo","2020","Actinopterygii","Gadiformes","Gadidae","Boreogadus","saida","Polar cod","67.5","456.25","912.5",NA,"days","postnatal","both","NA","NA","NA","NA","456.25","576.25","120","days","120","days","NA","NA","NA","0.5","0.63150684931506851","0.13150684931506848","0.12244897959183673","NA","4","days","8.7671232876712323E-3","temp","incubator","heart","heart","homogenate","not-ambiguous","1","NA","NA","NA","metabolic capacity","CCO","cytochrome c oxidase","U mg / FW","CCO activity was detected in a buffer containing Tris–HCl 20 mM pH 7.8, cytochrome c red 0.057 mM, Tween 20 0.5% employing a UV/Vis spectrophotometer","figure1b",3,0,"3","celsius",2.25220929652005,1.28703940132046,12,"0.37153627240501103",0.921763443007638,0.329218504389371,12,"9.5037196065704599E-2","1","yes","raw","View study_notes","merged_03072025","merged_03072025_392",392,"constant",3,"warmer",3,FALSE,FALSE,FALSE,"Boreogadus_saida","Boreogadus_saida",1.36737533112254,0.257007706792427,0.166666666666667,0.408248290463863,24,"1.Wild7"
"1","Wild7","Leo","2020","Actinopterygii","Gadiformes","Gadidae","Boreogadus","saida","Polar cod","67.5","456.25","912.5",NA,"days","postnatal","both","NA","NA","NA","NA","456.25","576.25","120","days","120","days","NA","NA","NA","0.5","0.63150684931506851","0.13150684931506848","0.12244897959183673","NA","4","days","8.7671232876712323E-3","temp","incubator","heart","heart","homogenate","not-ambiguous","1","NA","NA","NA","metabolic capacity","CI:CIII","NADH:cytochrome c oxidoreductase","U mg / FW","CI:CIII was determined in a buffer containing imidazole/HCl buffer 25 mM pH 7.4, MgCl2 2 mM, sodium azide 4 mM, cytochrome cox 0.08 mM, NADH 0.2 mM. Employing a UV/Vis spectrophotometer","figure1c",3,0,"3","celsius",0.686417396836413,0.312541483451312,12,"9.0222954801770103E-2",0.931147161736214,0.314544954499076,12,"9.0801307076139995E-2","1","yes","raw","View study_notes","merged_03072025","merged_03072025_393",393,"constant",3,"warmer",3,FALSE,FALSE,FALSE,"Boreogadus_saida","Boreogadus_saida",-0.753558975588813,0.194724416230643,0.166666666666667,0.408248290463863,24,"1.Wild7"
"1","Wild7","Leo","2020","Actinopterygii","Gadiformes","Gadidae","Boreogadus","saida","Polar cod","67.5","456.25","912.5",NA,"days","postnatal","both","NA","NA","NA","NA","456.25","576.25","120","days","120","days","NA","NA","NA","0.5","0.63150684931506851","0.13150684931506848","0.12244897959183673","NA","4","days","8.7671232876712323E-3","temp","incubator","heart","heart","homogenate","not-ambiguous","1","NA","NA","NA","metabolic capacity","SDH","succinate dehydrogenase","U mg / FW","SDH activity was detected in a buffer containing imidazole/ HCl buffer 100 mM pH 8.0, MgCl2 5 mM, succinate 20 mM, sodium azide 4 mM, antimycin A 0.04 mM, rotenone 0.005 mM, 2,6-dichlorphenolindophenol (DCPIP) 0.1 mM, ubiquinone Q1 0.1 mMemploying a UV/Vis spectrophotometer","figure1d",3,0,"3","celsius",0.0826558265582654,0.024349630255457,12,"7.0291327913279697E-3",0.0985167440960123,0.0852446608254716,12,"2.4608013937282201E-2","1","yes","raw","View study_notes","merged_03072025","merged_03072025_394",394,"constant",3,"warmer",3,FALSE,FALSE,FALSE,"Boreogadus_saida","Boreogadus_saida",-0.244272379392782,0.184152071670857,0.166666666666667,0.408248290463863,24,"1.Wild7"
"1","Wild7","Leo","2020","Actinopterygii","Gadiformes","Gadidae","Boreogadus","saida","Polar cod","67.5","456.25","912.5",NA,"days","postnatal","both","NA","NA","NA","NA","456.25","576.25","120","days","120","days","NA","NA","NA","0.5","0.63150684931506851","0.13150684931506848","0.12244897959183673","NA","4","days","8.7671232876712323E-3","temp","incubator","heart","heart","homogenate","not-ambiguous","1","NA","NA","NA","metabolic capacity","CCO:CS ratio","CCO:CS ratio; ratio of the capacity for OXPHOS to mitochondria content","ratio","ratio","figure3a",3,0,"3","celsius",0.819626441302735,0.130650300289972,12,"3.7715493021060399E-2",0.572812478928322,0.176665990082209,12,"5.0999078465307601E-2","1","yes","raw","View study_notes","merged_03072025","merged_03072025_395",395,"constant",3,"warmer",3,FALSE,FALSE,FALSE,"Boreogadus_saida","Boreogadus_saida",1.53366143451416,0.239861543943912,0.166666666666667,0.408248290463863,24,"1.Wild7"
"1","Wild7","Leo","2020","Actinopterygii","Gadiformes","Gadidae","Boreogadus","saida","Polar cod","67.5","456.25","912.5",NA,"days","postnatal","both","NA","NA","NA","NA","456.25","576.25","120","days","120","days","NA","NA","NA","0.5","0.63150684931506851","0.13150684931506848","0.12244897959183673","NA","4","days","8.7671232876712323E-3","temp","incubator","heart","heart","homogenate","not-ambiguous","1","NA","NA","NA","metabolic capacity","CS","Citrate synthase","U mg / FW","CS activity was detected in a buffer containing Tris–HCl 75 mM pH 8.0, 5,5′-dithiobis(2-nitrobenzoic acid) (DTNB) 0.25 mM, acetyl-CoA 0.4 mM, oxaloacetate 0.5 mM employing a UV/Vis spectrophotometer","figure1a",6,0,"6","celsius",2.24145219445481,1.55611079640591,12,"0.449210493596917",2.32264080566953,2.03030896602751,12,"0.58609971403704697","2","yes","raw","View study_notes","merged_03072025","merged_03072025_396",396,"constant",6,"warmer",6,FALSE,FALSE,FALSE,"Boreogadus_saida","Boreogadus_saida",-0.0433341866980312,0.181863743052942,0.166666666666667,0.408248290463863,24,"2.Wild7"
"1","Wild7","Leo","2020","Actinopterygii","Gadiformes","Gadidae","Boreogadus","saida","Polar cod","67.5","456.25","912.5",NA,"days","postnatal","both","NA","NA","NA","NA","456.25","576.25","120","days","120","days","NA","NA","NA","0.5","0.63150684931506851","0.13150684931506848","0.12244897959183673","NA","4","days","8.7671232876712323E-3","temp","incubator","heart","heart","homogenate","not-ambiguous","1","NA","NA","NA","metabolic capacity","CCO","cytochrome c oxidase","U mg / FW","CCO activity was detected in a buffer containing Tris–HCl 20 mM pH 7.8, cytochrome c red 0.057 mM, Tween 20 0.5% employing a UV/Vis spectrophotometer","figure1b",6,0,"6","celsius",1.39470268111239,0.993881867861062,12,"0.28690898197613601",0.921763443007638,0.329218504389371,12,"9.5037196065704599E-2","2","yes","raw","View study_notes","merged_03072025","merged_03072025_397",397,"constant",6,"warmer",6,FALSE,FALSE,FALSE,"Boreogadus_saida","Boreogadus_saida",0.616748787958842,0.196027127077919,0.166666666666667,0.408248290463863,24,"2.Wild7"
"1","Wild7","Leo","2020","Actinopterygii","Gadiformes","Gadidae","Boreogadus","saida","Polar cod","67.5","456.25","912.5",NA,"days","postnatal","both","NA","NA","NA","NA","456.25","576.25","120","days","120","days","NA","NA","NA","0.5","0.63150684931506851","0.13150684931506848","0.12244897959183673","NA","4","days","8.7671232876712323E-3","temp","incubator","heart","heart","homogenate","not-ambiguous","1","NA","NA","NA","metabolic capacity","CI:CIII","NADH:cytochrome c oxidoreductase","U mg / FW","CI:CIII was determined in a buffer containing imidazole/HCl buffer 25 mM pH 7.4, MgCl2 2 mM, sodium azide 4 mM, cytochrome cox 0.08 mM, NADH 0.2 mM. Employing a UV/Vis spectrophotometer","figure1c",6,0,"6","celsius",0.574737572655505,0.218478517758753,12,"6.3069315520083102E-2",0.931147161736214,0.314544954499076,12,"9.0801307076139995E-2","2","yes","raw","View study_notes","merged_03072025","merged_03072025_398",398,"constant",6,"warmer",6,FALSE,FALSE,FALSE,"Boreogadus_saida","Boreogadus_saida",-1.27063775500622,0.222984177795793,0.166666666666667,0.408248290463863,24,"2.Wild7"
"1","Wild7","Leo","2020","Actinopterygii","Gadiformes","Gadidae","Boreogadus","saida","Polar cod","67.5","456.25","912.5",NA,"days","postnatal","both","NA","NA","NA","NA","456.25","576.25","120","days","120","days","NA","NA","NA","0.5","0.63150684931506851","0.13150684931506848","0.12244897959183673","NA","4","days","8.7671232876712323E-3","temp","incubator","heart","heart","homogenate","not-ambiguous","1","NA","NA","NA","metabolic capacity","SDH","succinate dehydrogenase","U mg / FW","SDH activity was detected in a buffer containing imidazole/ HCl buffer 100 mM pH 8.0, MgCl2 5 mM, succinate 20 mM, sodium azide 4 mM, antimycin A 0.04 mM, rotenone 0.005 mM, 2,6-dichlorphenolindophenol (DCPIP) 0.1 mM, ubiquinone Q1 0.1 mMemploying a UV/Vis spectrophotometer","figure1d",6,0,"6","celsius",0.39795054200542,0.0948839292570638,12,"2.7390631049167599E-2",0.0985167440960123,0.0852446608254716,12,"2.4608013937282201E-2","2","yes","raw","View study_notes","merged_03072025","merged_03072025_399",399,"constant",6,"warmer",6,FALSE,FALSE,FALSE,"Boreogadus_saida","Boreogadus_saida",3.20521597620497,0.417964021326988,0.166666666666667,0.408248290463863,24,"2.Wild7"
"1","Wild7","Leo","2020","Actinopterygii","Gadiformes","Gadidae","Boreogadus","saida","Polar cod","67.5","456.25","912.5",NA,"days","postnatal","both","NA","NA","NA","NA","456.25","576.25","120","days","120","days","NA","NA","NA","0.5","0.63150684931506851","0.13150684931506848","0.12244897959183673","NA","4","days","8.7671232876712323E-3","temp","incubator","heart","heart","homogenate","not-ambiguous","1","NA","NA","NA","metabolic capacity","CCO:CS ratio","CCO:CS ratio","ratio","ratio","figure3a",6,0,"6","celsius",0.50041581443438,0.180948330079794,12,"5.2235283540491298E-2",0.572812478928322,0.176665990082209,12,"5.0999078465307601E-2","2","yes","raw","View study_notes","merged_03072025","merged_03072025_400",400,"constant",6,"warmer",6,FALSE,FALSE,FALSE,"Boreogadus_saida","Boreogadus_saida",-0.390870234887168,0.185292435144924,0.166666666666667,0.408248290463863,24,"2.Wild7"
"1","Wild7","Leo","2020","Actinopterygii","Gadiformes","Gadidae","Boreogadus","saida","Polar cod","67.5","456.25","912.5",NA,"days","postnatal","both","NA","NA","NA","NA","456.25","576.25","120","days","120","days","NA","NA","NA","0.5","0.63150684931506851","0.13150684931506848","0.12244897959183673","NA","4","days","8.7671232876712323E-3","temp","incubator","heart","heart","homogenate","not-ambiguous","1","NA","NA","NA","metabolic capacity","CS","Citrate synthase","U mg / FW","CS activity was detected in a buffer containing Tris–HCl 75 mM pH 8.0, 5,5′-dithiobis(2-nitrobenzoic acid) (DTNB) 0.25 mM, acetyl-CoA 0.4 mM, oxaloacetate 0.5 mM employing a UV/Vis spectrophotometer","figure1a",8,0,"8","celsius",3.23623026233992,1.44369869625038,12,"0.41675991545443303",2.32264080566953,2.03030896602751,12,"0.58609971403704697","3","yes","raw","View study_notes","merged_03072025","merged_03072025_401",401,"constant",8,"warmer",8,FALSE,FALSE,FALSE,"Boreogadus_saida","Boreogadus_saida",0.500697662966133,0.188130161977462,0.166666666666667,0.408248290463863,24,"3.Wild7"
"1","Wild7","Leo","2020","Actinopterygii","Gadiformes","Gadidae","Boreogadus","saida","Polar cod","67.5","456.25","912.5",NA,"days","postnatal","both","NA","NA","NA","NA","456.25","576.25","120","days","120","days","NA","NA","NA","0.5","0.63150684931506851","0.13150684931506848","0.12244897959183673","NA","4","days","8.7671232876712323E-3","temp","incubator","heart","heart","homogenate","not-ambiguous","1","NA","NA","NA","metabolic capacity","CCO","cytochrome c oxidase","U mg / FW","CCO activity was detected in a buffer containing Tris–HCl 20 mM pH 7.8, cytochrome c red 0.057 mM, Tween 20 0.5% employing a UV/Vis spectrophotometer","figure1b",8,0,"8","celsius",1.67397273952769,0.934990929723636,12,"0.26990863248289998",0.921763443007638,0.329218504389371,12,"9.5037196065704599E-2","3","yes","raw","View study_notes","merged_03072025","merged_03072025_402",402,"constant",8,"warmer",8,FALSE,FALSE,FALSE,"Boreogadus_saida","Boreogadus_saida",1.03608879054354,0.221035553595379,0.166666666666667,0.408248290463863,24,"3.Wild7"
"1","Wild7","Leo","2020","Actinopterygii","Gadiformes","Gadidae","Boreogadus","saida","Polar cod","67.5","456.25","912.5",NA,"days","postnatal","both","NA","NA","NA","NA","456.25","576.25","120","days","120","days","NA","NA","NA","0.5","0.63150684931506851","0.13150684931506848","0.12244897959183673","NA","4","days","8.7671232876712323E-3","temp","incubator","heart","heart","homogenate","not-ambiguous","1","NA","NA","NA","metabolic capacity","CCO:CS ratio","NADH:cytochrome c oxidoreductase","U mg / FW","CI:CIII was determined in a buffer containing imidazole/HCl buffer 25 mM pH 7.4, MgCl2 2 mM, sodium azide 4 mM, cytochrome cox 0.08 mM, NADH 0.2 mM. Employing a UV/Vis spectrophotometer","figure1c",8,0,"8","celsius",0.724183800352795,0.748697130549711,12,"0.21613024493218799",0.931147161736214,0.314544954499076,12,"9.0801307076139995E-2","3","yes","raw","View study_notes","merged_03072025","merged_03072025_403",403,"constant",8,"warmer",8,FALSE,FALSE,FALSE,"Boreogadus_saida","Boreogadus_saida",-0.347965178852579,0.18591820024983,0.166666666666667,0.408248290463863,24,"3.Wild7"
"1","Wild7","Leo","2020","Actinopterygii","Gadiformes","Gadidae","Boreogadus","saida","Polar cod","67.5","456.25","912.5",NA,"days","postnatal","both","NA","NA","NA","NA","456.25","576.25","120","days","120","days","NA","NA","NA","0.5","0.63150684931506851","0.13150684931506848","0.12244897959183673","NA","4","days","8.7671232876712323E-3","temp","incubator","heart","heart","homogenate","not-ambiguous","1","NA","NA","NA","metabolic capacity","SDH","succinate dehydrogenase","U mg / FW","SDH activity was detected in a buffer containing imidazole/ HCl buffer 100 mM pH 8.0, MgCl2 5 mM, succinate 20 mM, sodium azide 4 mM, antimycin A 0.04 mM, rotenone 0.005 mM, 2,6-dichlorphenolindophenol (DCPIP) 0.1 mM, ubiquinone Q1 0.1 mMemploying a UV/Vis spectrophotometer","figure1d",8,0,"8","celsius",0.0877250290360047,0.056033486491472,12,"1.6175474254742299E-2",0.0985167440960123,0.0852446608254716,12,"2.4608013937282201E-2","3","yes","raw","View study_notes","merged_03072025","merged_03072025_404",404,"constant",8,"warmer",8,FALSE,FALSE,FALSE,"Boreogadus_saida","Boreogadus_saida",-0.144439246401911,0.182366904045011,0.166666666666667,0.408248290463863,24,"3.Wild7"
"1","Wild7","Leo","2020","Actinopterygii","Gadiformes","Gadidae","Boreogadus","saida","Polar cod","67.5","456.25","912.5",NA,"days","postnatal","both","NA","NA","NA","NA","456.25","576.25","120","days","120","days","NA","NA","NA","0.5","0.63150684931506851","0.13150684931506848","0.12244897959183673","NA","4","days","8.7671232876712323E-3","temp","incubator","heart","heart","homogenate","not-ambiguous","1","NA","NA","NA","metabolic capacity","CCO:CS ratio","CCO:CS ratio","ratio","ratio","figure3a",8,0,"8","celsius",0.520667101211481,0.247441391133214,12,"7.1430176889708305E-2",0.572812478928322,0.176665990082209,12,"5.0999078465307601E-2","3","yes","raw","View study_notes","merged_03072025","merged_03072025_405",405,"constant",8,"warmer",8,FALSE,FALSE,FALSE,"Boreogadus_saida","Boreogadus_saida",-0.234172213138918,0.183195879913929,0.166666666666667,0.408248290463863,24,"3.Wild7"
"1","Wild7","Leo","2020","Actinopterygii","Gadiformes","Gadidae","Gadus","morhua","Atlantic cod","10.666666666666666","1277.5","2555",NA,"days","postnatal","both","NA","NA","NA","NA","1277.5","1397.5","120","days","120","days","NA","NA","NA","0.5","0.54696673189823874","4.6966731898238745E-2","4.6771469403663765E-2","NA","4","days","3.1311154598825833E-3","temp","incubator","heart","heart","homogenate","not-ambiguous","1","NA","NA","NA","metabolic capacity","CS","Citrate synthase","U mg / FW","CS activity was detected in a buffer containing Tris–HCl 75 mM pH 8.0, 5,5′-dithiobis(2-nitrobenzoic acid) (DTNB) 0.25 mM, acetyl-CoA 0.4 mM, oxaloacetate 0.5 mM employing a UV/Vis spectrophotometer","figure2a",8,3,"5","celsius",4.97418720422839,1.60526864840134,12,"0.463401143138089",6.87972466351177,0.864375426062285,12,"0.24952369245897901","4","yes","raw","View study_notes","merged_03072025","merged_03072025_406",406,"constant",5,"warmer",5,FALSE,FALSE,FALSE,"Gadus_morhua","Gadus_morhua",-1.42701964994358,0.242123171151788,0.166666666666667,0.408248290463863,24,"4.Wild7"
"1","Wild7","Leo","2020","Actinopterygii","Gadiformes","Gadidae","Gadus","morhua","Atlantic cod","10.666666666666666","1277.5","2555",NA,"days","postnatal","both","NA","NA","NA","NA","1277.5","1397.5","120","days","120","days","NA","NA","NA","0.5","0.54696673189823874","4.6966731898238745E-2","4.6771469403663765E-2","NA","4","days","3.1311154598825833E-3","temp","incubator","heart","heart","homogenate","not-ambiguous","1","NA","NA","NA","metabolic capacity","CCO","cytochrome c oxidase","U mg / FW","CCO activity was detected in a buffer containing Tris–HCl 20 mM pH 7.8, cytochrome c red 0.057 mM, Tween 20 0.5% employing a UV/Vis spectrophotometer","figure2b",8,3,"5","celsius",2.28177491961415,1.20760141706358,12,"0.348604501607717",1.66029581993569,0.124039342720819,12,"3.5807073954984503E-2","4","yes","raw","View study_notes","merged_03072025","merged_03072025_407",407,"constant",5,"warmer",5,FALSE,FALSE,FALSE,"Gadus_morhua","Gadus_morhua",0.698986827428184,0.203567599190154,0.166666666666667,0.408248290463863,24,"4.Wild7"
"1","Wild7","Leo","2020","Actinopterygii","Gadiformes","Gadidae","Gadus","morhua","Atlantic cod","10.666666666666666","1277.5","2555",NA,"days","postnatal","both","NA","NA","NA","NA","1277.5","1397.5","120","days","120","days","NA","NA","NA","0.5","0.54696673189823874","4.6966731898238745E-2","4.6771469403663765E-2","NA","4","days","3.1311154598825833E-3","temp","incubator","heart","heart","homogenate","not-ambiguous","1","NA","NA","NA","metabolic capacity","CI:CIII","NADH:cytochrome c oxidoreductase","U mg / FW","CI:CIII was determined in a buffer containing imidazole/HCl buffer 25 mM pH 7.4, MgCl2 2 mM, sodium azide 4 mM, cytochrome cox 0.08 mM, NADH 0.2 mM. Employing a UV/Vis spectrophotometer","figure2c",8,3,"5","celsius",0.365118892161924,0.469293246230665,12,"0.13547329102007399",0.819368945306569,0.709042026360607,12,"0.204682802393027","4","yes","raw","View study_notes","merged_03072025","merged_03072025_408",408,"constant",5,"warmer",5,FALSE,FALSE,FALSE,"Gadus_morhua","Gadus_morhua",-0.729420396972819,0.195756632589998,0.166666666666667,0.408248290463863,24,"4.Wild7"
"1","Wild7","Leo","2020","Actinopterygii","Gadiformes","Gadidae","Gadus","morhua","Atlantic cod","10.666666666666666","1277.5","2555",NA,"days","postnatal","both","NA","NA","NA","NA","1277.5","1397.5","120","days","120","days","NA","NA","NA","0.5","0.54696673189823874","4.6966731898238745E-2","4.6771469403663765E-2","NA","4","days","3.1311154598825833E-3","temp","incubator","heart","heart","homogenate","not-ambiguous","1","NA","NA","NA","metabolic capacity","SDH","succinate dehydrogenase","U mg / FW","SDH activity was detected in a buffer containing imidazole/ HCl buffer 100 mM pH 8.0, MgCl2 5 mM, succinate 20 mM, sodium azide 4 mM, antimycin A 0.04 mM, rotenone 0.005 mM, 2,6-dichlorphenolindophenol (DCPIP) 0.1 mM, ubiquinone Q1 0.1 mMemploying a UV/Vis spectrophotometer","figure2d",8,3,"5","celsius",0.0597184119260832,0.0052000076007551,12,"1.5011128940420301E-3",0.0649412495470781,0.0858897807159264,12,"2.4794244008489001E-2","4","yes","raw","View study_notes","merged_03072025","merged_03072025_409",409,"constant",5,"warmer",5,FALSE,FALSE,FALSE,"Gadus_morhua","Gadus_morhua",-0.0828734899134668,0.182128092452052,0.166666666666667,0.408248290463863,24,"4.Wild7"
"1","Wild7","Leo","2020","Actinopterygii","Gadiformes","Gadidae","Gadus","morhua","Atlantic cod","10.666666666666666","1277.5","2555",NA,"days","postnatal","both","NA","NA","NA","NA","1277.5","1397.5","120","days","120","days","NA","NA","NA","0.5","0.54696673189823874","4.6966731898238745E-2","4.6771469403663765E-2","NA","4","days","3.1311154598825833E-3","temp","incubator","heart","heart","homogenate","not-ambiguous","1","NA","NA","NA","metabolic capacity","CCO:CS ratio","CCO:CS ratio","ratio","ratio","figure3b",8,3,"5","celsius",0.59375,0.0318391692567811,12,"9.1911764705883102E-3",0.226102941176471,0.0318391692567811,12,"9.1911764705883102E-3","4","yes","raw","View study_notes","merged_03072025","merged_03072025_410",410,"constant",5,"warmer",5,FALSE,FALSE,FALSE,"Gadus_morhua","Gadus_morhua",11.1480639548413,3.00634840775529,0.166666666666667,0.408248290463863,24,"4.Wild7"
"1","Wild7","Leo","2020","Actinopterygii","Gadiformes","Gadidae","Gadus","morhua","Atlantic cod","10.666666666666666","1277.5","2555",NA,"days","postnatal","both","NA","NA","NA","NA","1277.5","1397.5","120","days","120","days","NA","NA","NA","0.5","0.54696673189823874","4.6966731898238745E-2","4.6771469403663765E-2","NA","4","days","3.1311154598825833E-3","temp","incubator","heart","heart","homogenate","not-ambiguous","1","NA","NA","NA","metabolic capacity","CS","Citrate synthase","U mg / FW","CS activity was detected in a buffer containing Tris–HCl 75 mM pH 8.0, 5,5′-dithiobis(2-nitrobenzoic acid) (DTNB) 0.25 mM, acetyl-CoA 0.4 mM, oxaloacetate 0.5 mM employing a UV/Vis spectrophotometer","figure2a",12,3,"9","celsius",3.99852498309876,0.308705509307994,12,"8.9115604449645502E-2",6.87972466351177,0.864375426062285,12,"0.24952369245897901","5","yes","raw","View study_notes","merged_03072025","merged_03072025_411",411,"constant",9,"warmer",9,FALSE,FALSE,FALSE,"Gadus_morhua","Gadus_morhua",-4.28595815220875,0.849254073929552,0.166666666666667,0.408248290463863,24,"5.Wild7"
"1","Wild7","Leo","2020","Actinopterygii","Gadiformes","Gadidae","Gadus","morhua","Atlantic cod","10.666666666666666","1277.5","2555",NA,"days","postnatal","both","NA","NA","NA","NA","1277.5","1397.5","120","days","120","days","NA","NA","NA","0.5","0.54696673189823874","4.6966731898238745E-2","4.6771469403663765E-2","NA","4","days","3.1311154598825833E-3","temp","incubator","heart","heart","homogenate","not-ambiguous","1","NA","NA","NA","metabolic capacity","CCO","cytochrome c oxidase","U mg / FW","CCO activity was detected in a buffer containing Tris–HCl 20 mM pH 7.8, cytochrome c red 0.057 mM, Tween 20 0.5% employing a UV/Vis spectrophotometer","figure2b",12,3,"9","celsius",2.77354709418838,0.333220195444113,12,"9.6192384769539202E-2",1.52304609218437,0.277683496203434,12,"8.0160320641284394E-2","5","yes","raw","View study_notes","merged_03072025","merged_03072025_412",412,"constant",9,"warmer",9,FALSE,FALSE,FALSE,"Gadus_morhua","Gadus_morhua",3.93626331961696,0.545409329089639,0.166666666666667,0.408248290463863,24,"5.Wild7"
"1","Wild7","Leo","2020","Actinopterygii","Gadiformes","Gadidae","Gadus","morhua","Atlantic cod","10.666666666666666","1277.5","2555",NA,"days","postnatal","both","NA","NA","NA","NA","1277.5","1397.5","120","days","120","days","NA","NA","NA","0.5","0.54696673189823874","4.6966731898238745E-2","4.6771469403663765E-2","NA","4","days","3.1311154598825833E-3","temp","incubator","heart","heart","homogenate","not-ambiguous","1","NA","NA","NA","metabolic capacity","CI:CIII","NADH:cytochrome c oxidoreductase","U mg / FW","CI:CIII was determined in a buffer containing imidazole/HCl buffer 25 mM pH 7.4, MgCl2 2 mM, sodium azide 4 mM, cytochrome cox 0.08 mM, NADH 0.2 mM. Employing a UV/Vis spectrophotometer","figure2c",12,3,"9","celsius",0.610464939718789,0.0550191364668552,12,"1.5882656624859801E-2",0.819368945306569,0.709042026360607,12,"0.204682802393027","5","yes","raw","View study_notes","merged_03072025","merged_03072025_413",413,"constant",9,"warmer",9,FALSE,FALSE,FALSE,"Gadus_morhua","Gadus_morhua",-0.40106642143934,0.18904274175277,0.166666666666667,0.408248290463863,24,"5.Wild7"
"1","Wild7","Leo","2020","Actinopterygii","Gadiformes","Gadidae","Gadus","morhua","Atlantic cod","10.666666666666666","1277.5","2555",NA,"days","postnatal","both","NA","NA","NA","NA","1277.5","1397.5","120","days","120","days","NA","NA","NA","0.5","0.54696673189823874","4.6966731898238745E-2","4.6771469403663765E-2","NA","4","days","3.1311154598825833E-3","temp","incubator","heart","heart","homogenate","not-ambiguous","1","NA","NA","NA","metabolic capacity","SDH","succinate dehydrogenase","U mg / FW","SDH activity was detected in a buffer containing imidazole/ HCl buffer 100 mM pH 8.0, MgCl2 5 mM, succinate 20 mM, sodium azide 4 mM, antimycin A 0.04 mM, rotenone 0.005 mM, 2,6-dichlorphenolindophenol (DCPIP) 0.1 mM, ubiquinone Q1 0.1 mMemploying a UV/Vis spectrophotometer","figure2d",12,3,"9","celsius",0.0590869092603137,0.0083558742825931,12,"2.4121331331849001E-3",0.0649412495470781,0.0858897807159264,12,"2.4794244008489001E-2","5","yes","raw","View study_notes","merged_03072025","merged_03072025_414",414,"constant",9,"warmer",9,FALSE,FALSE,FALSE,"Gadus_morhua","Gadus_morhua",-0.0926266611353904,0.182200923781045,0.166666666666667,0.408248290463863,24,"5.Wild7"
"1","Wild7","Leo","2020","Actinopterygii","Gadiformes","Gadidae","Gadus","morhua","Atlantic cod","10.666666666666666","1277.5","2555",NA,"days","postnatal","both","NA","NA","NA","NA","1277.5","1397.5","120","days","120","days","NA","NA","NA","0.5","0.54696673189823874","4.6966731898238745E-2","4.6771469403663765E-2","NA","4","days","3.1311154598825833E-3","temp","incubator","heart","heart","homogenate","not-ambiguous","1","NA","NA","NA","metabolic capacity","CS","Citrate synthase","U mg / FW","CS activity was detected in a buffer containing Tris–HCl 75 mM pH 8.0, 5,5′-dithiobis(2-nitrobenzoic acid) (DTNB) 0.25 mM, acetyl-CoA 0.4 mM, oxaloacetate 0.5 mM employing a UV/Vis spectrophotometer","figure2a",16,3,"13","celsius",4.83160223710897,1.42004534281659,12,"0.40993178046831602",6.87972466351177,0.864375426062285,12,"0.24952369245897901","6","yes","raw","View study_notes","merged_03072025","merged_03072025_416",416,"constant",13,"warmer",13,FALSE,FALSE,FALSE,"Gadus_morhua","Gadus_morhua",-1.68212248054538,0.259692543624777,0.166666666666667,0.408248290463863,24,"6.Wild7"
"1","Wild7","Leo","2020","Actinopterygii","Gadiformes","Gadidae","Gadus","morhua","Atlantic cod","10.666666666666666","1277.5","2555",NA,"days","postnatal","both","NA","NA","NA","NA","1277.5","1397.5","120","days","120","days","NA","NA","NA","0.5","0.54696673189823874","4.6966731898238745E-2","4.6771469403663765E-2","NA","4","days","3.1311154598825833E-3","temp","incubator","heart","heart","homogenate","not-ambiguous","1","NA","NA","NA","metabolic capacity","CCO","cytochrome c oxidase","U mg / FW","CCO activity was detected in a buffer containing Tris–HCl 20 mM pH 7.8, cytochrome c red 0.057 mM, Tween 20 0.5% employing a UV/Vis spectrophotometer","figure2b",16,3,"13","celsius",3.84843729903537,0.330771580588863,12,"9.5485530546628894E-2",1.66029581993569,0.124039342720819,12,"3.5807073954984503E-2","6","yes","raw","View study_notes","merged_03072025","merged_03072025_417",417,"constant",13,"warmer",13,FALSE,FALSE,FALSE,"Gadus_morhua","Gadus_morhua",8.45708797346031,2.73004317380689,0.166666666666667,0.408248290463863,24,"6.Wild7"
"1","Wild7","Leo","2020","Actinopterygii","Gadiformes","Gadidae","Gadus","morhua","Atlantic cod","10.666666666666666","1277.5","2555",NA,"days","postnatal","both","NA","NA","NA","NA","1277.5","1397.5","120","days","120","days","NA","NA","NA","0.5","0.54696673189823874","4.6966731898238745E-2","4.6771469403663765E-2","NA","4","days","3.1311154598825833E-3","temp","incubator","heart","heart","homogenate","not-ambiguous","1","NA","NA","NA","metabolic capacity","CI:CIII","NADH:cytochrome c oxidoreductase","U mg / FW","CI:CIII was determined in a buffer containing imidazole/HCl buffer 25 mM pH 7.4, MgCl2 2 mM, sodium azide 4 mM, cytochrome cox 0.08 mM, NADH 0.2 mM. Employing a UV/Vis spectrophotometer","figure2c",16,3,"13","celsius",0.891372346563819,0.522629196878265,12,"0.15087005375201201",0.819368945306569,0.709042026360607,12,"0.204682802393027","6","yes","raw","View study_notes","merged_03072025","merged_03072025_418",418,"constant",13,"warmer",13,FALSE,FALSE,FALSE,"Gadus_morhua","Gadus_morhua",0.11160927584251,0.182126078274663,0.166666666666667,0.408248290463863,24,"6.Wild7"
"1","Wild7","Leo","2020","Actinopterygii","Gadiformes","Gadidae","Gadus","morhua","Atlantic cod","10.666666666666666","1277.5","2555",NA,"days","postnatal","both","NA","NA","NA","NA","1277.5","1397.5","120","days","120","days","NA","NA","NA","0.5","0.54696673189823874","4.6966731898238745E-2","4.6771469403663765E-2","NA","4","days","3.1311154598825833E-3","temp","incubator","heart","heart","homogenate","not-ambiguous","1","NA","NA","NA","metabolic capacity","SDH","succinate dehydrogenase","U mg / FW","SDH activity was detected in a buffer containing imidazole/ HCl buffer 100 mM pH 8.0, MgCl2 5 mM, succinate 20 mM, sodium azide 4 mM, antimycin A 0.04 mM, rotenone 0.005 mM, 2,6-dichlorphenolindophenol (DCPIP) 0.1 mM, ubiquinone Q1 0.1 mMemploying a UV/Vis spectrophotometer","figure2d",16,3,"13","celsius",0.0688700243283814,0.0457959290080329,12,"1.3220145970288401E-2",0.0649412495470781,0.0858897807159264,12,"2.4794244008489001E-2","6","yes","raw","View study_notes","merged_03072025","merged_03072025_419",419,"constant",13,"warmer",13,FALSE,FALSE,FALSE,"Gadus_morhua","Gadus_morhua",0.0551097136549477,0.18190864220319,0.166666666666667,0.408248290463863,24,"6.Wild7"
"1","N5","San't Anne","2003","Mammalia","Rodentia","Muridae","Rattus","norvegicus","Sprague Dawley rats","22","22","63","1095","days","postnatal","both","NA","NA","NA","NA","1","21","20","days","20","days","NA","NA","NA","4.5454545454545456E-2","0.95454545454545459","0.90909090909090906","0.45454545454545453","NA","11","days","0.5","temp","ambient","adipose","brown adipose tissue","NA","not-ambiguous","0","NA","NA","NA","metabolic capacity","UCP","uncoupling protein","protein/wet mass (% of control)","Mortola and Naso, 1997","table1",23,14,"9","celsius",100,17.8885438199983,5,"8",161,13.4164078649987,5,"6","1","no","raw","View study_notes","merged_03072025","merged_03072025_421",421,"constant",9,"warmer",9,FALSE,FALSE,FALSE,"Rattus_norvegicus","Rattus_norvegicus",3.48261027473021,1.31746590954924,0.4,0.632455532033676,10,"1.N5"
"1","N13","Juric-Lekic","2018","Mammalia","Rodentia","Muridae","Rattus","norvegicus","Sprague Dawley rat","22","22","63","1095","days","prenatal","both","17","22","5","days","NA","NA","NA","NA","5","days","0.77272727272727271","1","0.22727272727272727","NA","NA","NA","0.11363636363636363","NA","7","days","0.31818181818181818","temp","maternal","adipose","brown adipose tissue (BAT)","NA","not-ambiguous","0","NA","NA","NA","metabolic capacity","UCP1","uncoupling protein 1 mRNA","%","Loncar 1991","table3",33,20,"13","celsius",64,12,3,"6.9282032302755097",100,17,3,"9.8149545762236379","1","yes","raw","View study_notes","merged_03072025","merged_03072025_422",422,"constant",13,"warmer",13,FALSE,FALSE,FALSE,"Rattus_norvegicus","Rattus_norvegicus",1.95215191855304,1.52978134760112,0.666666666666667,0.816496580927726,6,"1.N13"
"1","N13","Juric-Lekic","2018","Mammalia","Rodentia","Muridae","Rattus","norvegicus","Sprague Dawley rat","22","22","63","1095","days","prenatal","both","17","22","5","days","NA","NA","NA","NA","5","days","0.77272727272727271","1","0.22727272727272727","NA","NA","NA","0.11363636363636363","NA","14","days","0.63636363636363635","temp","maternal","adipose","brown adipose tissue (BAT)","NA","not-ambiguous","0","NA","NA","NA","metabolic capacity","UCP1","uncoupling protein 1 mRNA","%","Loncar 1991","table3",33,20,"13","celsius",52,16,3,"9.2376043070340135",112,23,3,"13.279056191361393","2","yes","raw","View study_notes","merged_03072025","merged_03072025_423",423,"constant",13,"warmer",13,FALSE,FALSE,FALSE,"Rattus_norvegicus","Rattus_norvegicus",2.4164147683176,1.81815779158296,0.666666666666667,0.816496580927726,6,"2.N13"
"1","N13","Juric-Lekic","2018","Mammalia","Rodentia","Muridae","Rattus","norvegicus","Sprague Dawley rat","22","22","63","1095","days","prenatal","both","17","22","5","days","NA","NA","NA","NA","5","days","0.77272727272727271","1","0.22727272727272727","NA","NA","NA","0.11363636363636363","NA","30","days","1.3636363636363635","temp","maternal","adipose","brown adipose tissue (BAT)","NA","not-ambiguous","0","NA","NA","NA","metabolic capacity","UCP1","uncoupling protein 1 mRNA","%","Loncar 1991","table3",33,20,"13","celsius",34,9,3,"5.196152422706632",93,11,3,"6.3508529610858835","3","yes","raw","View study_notes","merged_03072025","merged_03072025_424",424,"constant",13,"warmer",13,FALSE,FALSE,FALSE,"Rattus_norvegicus","Rattus_norvegicus",4.68415638780997,3.85021008497881,0.666666666666667,0.816496580927726,6,"3.N13"
"1","N13","Juric-Lekic","2018","Mammalia","Rodentia","Muridae","Rattus","norvegicus","Sprague Dawley rat","22","22","63","1095","days","prenatal","both","17","22","5","days","NA","NA","NA","NA","5","days","0.77272727272727271","1","0.22727272727272727","NA","NA","NA","0.11363636363636363","NA","7","days","0.31818181818181818","temp","maternal","adipose","brown adipose tissue (BAT)","NA","not-ambiguous","1","NA","NA","NA","metabolic capacity","mitochondrial cristae per mitochondrion","mitochondrial cristae per mitochondrion","um^2/um^3","Four randomly selected IBAT samples from each animal, and one hundred EM images per a sample were analyzed at magnifications of x8000 and and x20 000","table2",33,20,"13","celsius",31,6,3,"3.4641016151377548",27,4,3,"2.3094010767585034","1","yes","raw","View study_notes","merged_03072025","merged_03072025_425",425,"constant",13,"warmer",13,FALSE,FALSE,FALSE,"Rattus_norvegicus","Rattus_norvegicus",0.625912145404341,1.05621494576209,0.666666666666667,0.816496580927726,6,"1.N13"
"1","N13","Juric-Lekic","2018","Mammalia","Rodentia","Muridae","Rattus","norvegicus","Sprague Dawley rat","22","22","63","1095","days","prenatal","both","17","22","5","days","NA","NA","NA","NA","5","days","0.77272727272727271","1","0.22727272727272727","NA","NA","NA","0.11363636363636363","NA","14","days","0.63636363636363635","temp","maternal","adipose","brown adipose tissue (BAT)","NA","not-ambiguous","1","NA","NA","NA","metabolic capacity","mitochondrial cristae per mitochondrion","mitochondrial cristae per mitochondrion","um^2/um^3","Four randomly selected IBAT samples from each animal, and one hundred EM images per a sample were analyzed at magnifications of x8000 and and x20 000","table2",33,20,"13","celsius",33,8,3,"4.6188021535170067",29,7,3,"4.0414518843273806","2","yes","raw","View study_notes","merged_03072025","merged_03072025_426",426,"constant",13,"warmer",13,FALSE,FALSE,FALSE,"Rattus_norvegicus","Rattus_norvegicus",0.42459593197442,1.02293230167405,0.666666666666667,0.816496580927726,6,"2.N13"
"1","N13","Juric-Lekic","2018","Mammalia","Rodentia","Muridae","Rattus","norvegicus","Sprague Dawley rat","22","22","63","1095","days","prenatal","both","17","22","5","days","NA","NA","NA","NA","5","days","0.77272727272727271","1","0.22727272727272727","NA","NA","NA","0.11363636363636363","NA","30","days","1.3636363636363635","temp","maternal","adipose","brown adipose tissue (BAT)","NA","not-ambiguous","1","NA","NA","NA","metabolic capacity","mitochondrial cristae per mitochondrion","mitochondrial cristae per mitochondrion","um^2/um^3","Four randomly selected IBAT samples from each animal, and one hundred EM images per a sample were analyzed at magnifications of x8000 and and x20 000","table2",33,20,"13","celsius",42,3,3,"1.7320508075688774",33,7,3,"4.0414518843273806","3","yes","raw","View study_notes","merged_03072025","merged_03072025_427",427,"constant",13,"warmer",13,FALSE,FALSE,FALSE,"Rattus_norvegicus","Rattus_norvegicus",1.33347099010083,1.32798421490304,0.666666666666667,0.816496580927726,6,"3.N13"
"1","N13","Juric-Lekic","2018","Mammalia","Rodentia","Muridae","Rattus","norvegicus","Sprague Dawley rat","22","22","63","1095","days","prenatal","both","17","22","5","days","NA","NA","NA","NA","5","days","0.77272727272727271","1","0.22727272727272727","NA","NA","NA","0.11363636363636363","NA","7","days","0.31818181818181818","temp","maternal","adipose","brown adipose tissue (BAT)","NA","not-ambiguous","1","NA","NA","NA","metabolic capacity","mitochondrial cristae per cytoplasm","mitochondrial cristae per cytoplasm","um^2/um^3","Four randomly selected IBAT samples from each animal, and one hundred EM images per a sample were analyzed at magnifications of x8000 and x20 000. Multipurpose test system M168 (for mitochondrial volume; volumetric density of mitochondria per cytoplasm) and M42 (for mitochondrial
cristae per mitochondrion) were used for EM morphometric estimation; Per μm3 of adipocyte cytoplasm excluding the nucleus and lipid droplets (nucleus occupies 10% of the cytoplasm).","table2",33,20,"13","celsius",12,4,3,"2.3094010767585034",12,3,3,"1.7320508075688774","1","yes","raw","View study_notes","merged_03072025","merged_03072025_428",428,"constant",13,"warmer",13,FALSE,FALSE,FALSE,"Rattus_norvegicus","Rattus_norvegicus",0,1,0.666666666666667,0.816496580927726,6,"1.N13"
"1","N13","Juric-Lekic","2018","Mammalia","Rodentia","Muridae","Rattus","norvegicus","Sprague Dawley rat","22","22","63","1095","days","prenatal","both","17","22","5","days","NA","NA","NA","NA","5","days","0.77272727272727271","1","0.22727272727272727","NA","NA","NA","0.11363636363636363","NA","14","days","0.63636363636363635","temp","maternal","adipose","brown adipose tissue (BAT)","NA","not-ambiguous","1","NA","NA","NA","metabolic capacity","mitochondrial cristae per cytoplasm","mitochondrial cristae per cytoplasm","um^2/um^3","Four randomly selected IBAT samples from each animal, and one hundred EM images per a sample were analyzed at magnifications of x8000 and x20 000. Multipurpose test system M168 (for mitochondrial volume; volumetric density of mitochondria per cytoplasm) and M42 (for mitochondrial
cristae per mitochondrion) were used for EM morphometric estimation; Per μm3 of adipocyte cytoplasm excluding the nucleus and lipid droplets (nucleus occupies 10% of the cytoplasm).","table2",33,20,"13","celsius",15,7,3,"4.0414518843273806",15,5,3,"2.8867513459481291","2","yes","raw","View study_notes","merged_03072025","merged_03072025_429",429,"constant",13,"warmer",13,FALSE,FALSE,FALSE,"Rattus_norvegicus","Rattus_norvegicus",0,1,0.666666666666667,0.816496580927726,6,"2.N13"
"1","N13","Juric-Lekic","2018","Mammalia","Rodentia","Muridae","Rattus","norvegicus","Sprague Dawley rat","22","22","63","1095","days","prenatal","both","17","22","5","days","NA","NA","NA","NA","5","days","0.77272727272727271","1","0.22727272727272727","NA","NA","NA","0.11363636363636363","NA","30","days","1.3636363636363635","temp","maternal","adipose","brown adipose tissue (BAT)","NA","not-ambiguous","1","NA","NA","NA","metabolic capacity","mitochondrial cristae per cytoplasm","mitochondrial cristae per cytoplasm","um^2/um^3","Four randomly selected IBAT samples from each animal, and one hundred EM images per a sample were analyzed at magnifications of x8000 and x20 000. Multipurpose test system M168 (for mitochondrial volume; volumetric density of mitochondria per cytoplasm) and M42 (for mitochondrial
cristae per mitochondrion) were used for EM morphometric estimation; Per μm3 of adipocyte cytoplasm excluding the nucleus and lipid droplets (nucleus occupies 10% of the cytoplasm).","table2",33,20,"13","celsius",25,2,3,"1.1547005383792517",14,3,3,"1.7320508075688774","3","yes","raw","View study_notes","merged_03072025","merged_03072025_430",430,"constant",13,"warmer",13,FALSE,FALSE,FALSE,"Rattus_norvegicus","Rattus_norvegicus",3.44251679972388,2.70050210930321,0.666666666666667,0.816496580927726,6,"3.N13"
"1","N13","Juric-Lekic","2018","Mammalia","Rodentia","Muridae","Rattus","norvegicus","Sprague Dawley rat","22","22","63","1095","days","prenatal","both","17","22","5","days","NA","NA","NA","NA","5","days","0.77272727272727271","1","0.22727272727272727","NA","NA","NA","0.11363636363636363","NA","7","days","0.31818181818181818","temp","maternal","adipose","brown adipose tissue (BAT)","NA","not-ambiguous","1","NA","NA","NA","metabolic capacity","mitochondrial volume","adipocyte average mitochondrial volume","um^3","Four randomly selected IBAT samples from each animal, and one hundred EM images per a sample were analyzed at magnifications of x8000 and and x20 000","table2",33,20,"13","celsius",0.34,0.4,3,"0.23094010767585033",0.38,0.1,3,"5.7735026918962581E-2","1","yes","raw","View study_notes","merged_03072025","merged_03072025_431",431,"constant",13,"warmer",13,FALSE,FALSE,FALSE,"Rattus_norvegicus","Rattus_norvegicus",-0.109468858627795,1.0026641364787,0.666666666666667,0.816496580927726,6,"1.N13"
"1","N13","Juric-Lekic","2018","Mammalia","Rodentia","Muridae","Rattus","norvegicus","Sprague Dawley rat","22","22","63","1095","days","prenatal","both","17","22","5","days","NA","NA","NA","NA","5","days","0.77272727272727271","1","0.22727272727272727","NA","NA","NA","0.11363636363636363","NA","14","days","0.63636363636363635","temp","maternal","adipose","brown adipose tissue (BAT)","NA","not-ambiguous","1","NA","NA","NA","metabolic capacity","mitochondrial volume","adipocyte average mitochondrial volume","um^3","Four randomly selected IBAT samples from each animal, and one hundred EM images per a sample were analyzed at magnifications of x8000 and and x20 000","table2",33,20,"13","celsius",0.4,0.4,3,"0.23094010767585033",0.37,0.5,3,"0.28867513459481292","2","yes","raw","View study_notes","merged_03072025","merged_03072025_432",432,"constant",13,"warmer",13,FALSE,FALSE,FALSE,"Rattus_norvegicus","Rattus_norvegicus",0.0528669658086115,1.00036619884905,0.666666666666667,0.816496580927726,6,"2.N13"
"1","N13","Juric-Lekic","2018","Mammalia","Rodentia","Muridae","Rattus","norvegicus","Sprague Dawley rat","22","22","63","1095","days","prenatal","both","17","22","5","days","NA","NA","NA","NA","5","days","0.77272727272727271","1","0.22727272727272727","NA","NA","NA","0.11363636363636363","NA","30","days","1.3636363636363635","temp","maternal","adipose","brown adipose tissue (BAT)","NA","not-ambiguous","1","NA","NA","NA","metabolic capacity","mitochondrial volume","adipocyte average mitochondrial volume","um^3","Four randomly selected IBAT samples from each animal, and one hundred EM images per a sample were analyzed at magnifications of x8000 and and x20 000","table2",33,20,"13","celsius",0.47,0.1,3,"5.7735026918962581E-2",0.43,0.1,3,"5.7735026918962581E-2","3","yes","raw","View study_notes","merged_03072025","merged_03072025_433",433,"constant",13,"warmer",13,FALSE,FALSE,FALSE,"Rattus_norvegicus","Rattus_norvegicus",0.319153824321146,1.01273239544735,0.666666666666667,0.816496580927726,6,"3.N13"
"1","N13","Juric-Lekic","2018","Mammalia","Rodentia","Muridae","Rattus","norvegicus","Sprague Dawley rat","22","22","63","1095","days","prenatal","both","17","22","5","days","NA","NA","NA","NA","5","days","0.77272727272727271","1","0.22727272727272727","NA","NA","NA","0.11363636363636363","NA","7","days","0.31818181818181818","temp","maternal","adipose","brown adipose tissue (BAT)","NA","not-ambiguous","1","NA","NA","NA","metabolic capacity","mitochondrial density","volumetric density of mitochondria per cytoplasm","percent","Four randomly selected IBAT samples from each animal, and one hundred EM images per a sample were analyzed at magnifications of x8000 and and x20 000","table2",33,20,"13","celsius",12,4,3,"2.3094010767585034",12,3,3,"1.7320508075688774","1","yes","raw","View study_notes","merged_03072025","merged_03072025_434",434,"constant",13,"warmer",13,FALSE,FALSE,FALSE,"Rattus_norvegicus","Rattus_norvegicus",0,1,0.666666666666667,0.816496580927726,6,"1.N13"
"1","N13","Juric-Lekic","2018","Mammalia","Rodentia","Muridae","Rattus","norvegicus","Sprague Dawley rat","22","22","63","1095","days","prenatal","both","17","22","5","days","NA","NA","NA","NA","5","days","0.77272727272727271","1","0.22727272727272727","NA","NA","NA","0.11363636363636363","NA","14","days","0.63636363636363635","temp","maternal","adipose","brown adipose tissue (BAT)","NA","not-ambiguous","1","NA","NA","NA","metabolic capacity","mitochondrial density","volumetric density of mitochondria per cytoplasm","percent","Four randomly selected IBAT samples from each animal, and one hundred EM images per a sample were analyzed at magnifications of x8000 and and x20 000","table2",33,20,"13","celsius",15,7,3,"4.0414518843273806",15,5,3,"2.8867513459481291","2","yes","raw","View study_notes","merged_03072025","merged_03072025_435",435,"constant",13,"warmer",13,FALSE,FALSE,FALSE,"Rattus_norvegicus","Rattus_norvegicus",0,1,0.666666666666667,0.816496580927726,6,"2.N13"
"1","N13","Juric-Lekic","2018","Mammalia","Rodentia","Muridae","Rattus","norvegicus","Sprague Dawley rat","22","22","63","1095","days","prenatal","both","17","22","5","days","NA","NA","NA","NA","5","days","0.77272727272727271","1","0.22727272727272727","NA","NA","NA","0.11363636363636363","NA","30","days","1.3636363636363635","temp","maternal","adipose","brown adipose tissue (BAT)","NA","not-ambiguous","1","NA","NA","NA","metabolic capacity","mitochondrial density","volumetric density of mitochondria per cytoplasm","percent","Four randomly selected IBAT samples from each animal, and one hundred EM images per a sample were analyzed at magnifications of x8000 and and x20 000","table2",33,20,"13","celsius",25,2,3,"1.1547005383792517",14,3,3,"1.7320508075688774","3","yes","raw","View study_notes","merged_03072025","merged_03072025_436",436,"constant",13,"warmer",13,FALSE,FALSE,FALSE,"Rattus_norvegicus","Rattus_norvegicus",3.44251679972388,2.70050210930321,0.666666666666667,0.816496580927726,6,"3.N13"
"1","N17","Schnell","2008","Actinopterygii","Cichliformes","Cichlidae","Oreochromis","mossambicus","Tilapia","1.25","52.5","105",NA,"days","postnatal","both","NA","NA","NA","NA","66.5","91.5","28","days","28","days","NA","NA","NA","0.6333333333333333","0.87142857142857144","0.26666666666666666","0.2635294117647059","NA","17","days","0.32380952380952382","temp","juvenile","muscle","caudal muscle","isolated","not-ambiguous","1","total oxphos","NA","NA","respiration","ADP-stimulated","State 3, measured following addition of ADP to buffer that contained malate and pyruvate","umol O2 / min / mg protein","Brand 1990; Birkedal and Gesser 2004","figure3a",14,22,"-8","celsius",0.564947197911126,0.454929002418847,15,"0.11746216333833",0.474197814419032,0.188083052953426,15,"4.8562835452831098E-2","1","yes","raw","View study_notes","merged_03072025","merged_03072025_437",437,"constant",-8,"cooler",8,FALSE,FALSE,FALSE,"Oreochromis_mossambicus","Oreochromis_mossambicus",0.253648665851097,0.144582002282755,0.133333333333333,0.365148371670111,30,"1.N17"
"1","N17","Schnell","2008","Actinopterygii","Cichliformes","Cichlidae","Oreochromis","mossambicus","Tilapia","1.25","52.5","105",NA,"days","postnatal","both","NA","NA","NA","NA","66.5","91.5","28","days","28","days","NA","NA","NA","0.6333333333333333","0.87142857142857144","0.26666666666666666","0.2635294117647059","NA","17","days","0.32380952380952382","temp","juvenile","muscle","caudal muscle","isolated","not-ambiguous","1","total oxphos","NA","NA","respiration","ADP-stimulated","State 3, measured following addition of ADP to buffer that contained malate and pyruvate","umol O2 / min / mg protein","Brand 1990; Birkedal and Gesser 2004","figure3a",17,22,"-5","celsius",0.323662685556791,0.193196716859985,15,"4.9883177796044703E-2",0.474197814419032,0.188083052953426,15,"4.8562835452831098E-2","2","yes","raw","View study_notes","merged_03072025","merged_03072025_438",438,"constant",-5,"cooler",5,FALSE,FALSE,FALSE,"Oreochromis_mossambicus","Oreochromis_mossambicus",-0.768188098162382,0.153402453457415,0.133333333333333,0.365148371670111,30,"2.N17"
"1","N17","Schnell","2008","Actinopterygii","Cichliformes","Cichlidae","Oreochromis","mossambicus","Tilapia","1.25","52.5","105",NA,"days","postnatal","both","NA","NA","NA","NA","66.5","91.5","28","days","28","days","NA","NA","NA","0.6333333333333333","0.87142857142857144","0.26666666666666666","0.2635294117647059","NA","17","days","0.32380952380952382","temp","juvenile","muscle","caudal muscle","isolated","not-ambiguous","0","leak","NA","NA","respiration","Leak","State 4, determined after all of ADP had been used","umol O2 / min / mg protein","Brand 1990; Birkedal and Gesser 2004","figure3b",14,22,"-8","celsius",0.0479546039882478,0.0571171227159601,15,"1.47475776708133E-2",0.022698681002688,0.0163513642957735,15,"4.2219041070200797E-3","1","yes","raw","View study_notes","merged_03072025","merged_03072025_439",439,"constant",-8,"cooler",8,FALSE,FALSE,FALSE,"Oreochromis_mossambicus","Oreochromis_mossambicus",-0.584911102212649,0.153364912810672,0.133333333333333,0.365148371670111,30,"1.N17"
"1","N17","Schnell","2008","Actinopterygii","Cichliformes","Cichlidae","Oreochromis","mossambicus","Tilapia","1.25","52.5","105",NA,"days","postnatal","both","NA","NA","NA","NA","66.5","91.5","28","days","28","days","NA","NA","NA","0.6333333333333333","0.87142857142857144","0.26666666666666666","0.2635294117647059","NA","17","days","0.32380952380952382","temp","juvenile","muscle","caudal muscle","isolated","not-ambiguous","0","leak","NA","NA","respiration","Leak","State 4, determined after all of ADP had been used","umol O2 / min / mg protein","Brand 1990; Birkedal and Gesser 2004","figure3b",17,22,"-5","celsius",0.0180089141714071,0.0276549459461498,15,"7.1404763393136299E-3",0.022698681002688,0.0163513642957735,15,"4.2219041070200797E-3","2","yes","raw","View study_notes","merged_03072025","merged_03072025_440",440,"constant",-5,"cooler",5,FALSE,FALSE,FALSE,"Oreochromis_mossambicus","Oreochromis_mossambicus",0.200851284133523,0.143744833909781,0.133333333333333,0.365148371670111,30,"2.N17"
"1","N17","Schnell","2008","Actinopterygii","Cichliformes","Cichlidae","Oreochromis","mossambicus","Tilapia","1.25","52.5","105",NA,"days","postnatal","both","NA","NA","NA","NA","66.5","91.5","28","days","28","days","NA","NA","NA","0.6333333333333333","0.87142857142857144","0.26666666666666666","0.2635294117647059","NA","17","days","0.32380952380952382","temp","juvenile","muscle","caudal muscle","isolated","not-ambiguous","1","mitochondrial efficiency","NA","NA","respiration","RCR","respiratory control ratio; state 3 / state 4 (total oxphos / leak in our terms)","unitless","Brand 1990; Birkedal and Gesser 2004","figure3c",14,22,"-8","celsius",6.11000549559768,3.08668480850177,15,"0.79697859055458597",9.63455444734165,7.41510813591669,15,"1.9145726880488301","1","yes","raw","View study_notes","merged_03072025","merged_03072025_441",441,"constant",-8,"cooler",8,FALSE,FALSE,FALSE,"Oreochromis_mossambicus","Oreochromis_mossambicus",-0.603785495521319,0.152599227126175,0.133333333333333,0.365148371670111,30,"1.N17"
"1","N17","Schnell","2008","Actinopterygii","Cichliformes","Cichlidae","Oreochromis","mossambicus","Tilapia","1.25","52.5","105",NA,"days","postnatal","both","NA","NA","NA","NA","66.5","91.5","28","days","28","days","NA","NA","NA","0.6333333333333333","0.87142857142857144","0.26666666666666666","0.2635294117647059","NA","17","days","0.32380952380952382","temp","juvenile","muscle","caudal muscle","isolated","not-ambiguous","1","mitochondrial efficiency","NA","NA","respiration","RCR","respiratory control ratio; state 3 / state 4 (total oxphos / leak in our terms)","unitless","Brand 1990; Birkedal and Gesser 2004","figure3c",17,22,"-5","celsius",4.29622440746934,2.7656079996362,15,"0.71407691498193504",9.63455444734165,7.41510813591669,15,"1.9145726880488301","2","yes","raw","View study_notes","merged_03072025","merged_03072025_442",442,"constant",-5,"cooler",5,FALSE,FALSE,FALSE,"Oreochromis_mossambicus","Oreochromis_mossambicus",-0.928118381393712,0.16702531944961,0.133333333333333,0.365148371670111,30,"2.N17"
"1","N17","Schnell","2008","Actinopterygii","Cichliformes","Cichlidae","Oreochromis","mossambicus","Tilapia","1.25","52.5","105",NA,"days","postnatal","both","NA","NA","NA","NA","66.5","91.5","28","days","28","days","NA","NA","NA","0.6333333333333333","0.87142857142857144","0.26666666666666666","0.2635294117647059","NA","17","days","0.32380952380952382","temp","juvenile","muscle","caudal muscle","NA","not-ambiguous","1","NA","NA","NA","metabolic capacity","CCO","cytochrome c oxidase","units/g wet tissue","Bou- chard and Guderley 2003; Seebacher et al. 2003","figure4d",14,22,"-8","celsius",2.11054864187115,1.10918597789155,15,"0.28639058801471901",1.78771473435047,1.87186479779611,15,"0.48331341254775101","1","yes","raw","View study_notes","merged_03072025","merged_03072025_443",443,"constant",-8,"cooler",8,FALSE,FALSE,FALSE,"Oreochromis_mossambicus","Oreochromis_mossambicus",0.204152495508942,0.143773051801769,0.133333333333333,0.365148371670111,30,"1.N17"
"1","N17","Schnell","2008","Actinopterygii","Cichliformes","Cichlidae","Oreochromis","mossambicus","Tilapia","1.25","52.5","105",NA,"days","postnatal","both","NA","NA","NA","NA","66.5","91.5","28","days","28","days","NA","NA","NA","0.6333333333333333","0.87142857142857144","0.26666666666666666","0.2635294117647059","NA","17","days","0.32380952380952382","temp","juvenile","muscle","caudal muscle","NA","not-ambiguous","1","NA","NA","NA","metabolic capacity","CCO","cytochrome c oxidase","units/g wet tissue","Bou- chard and Guderley 2003; Seebacher et al. 2003","figure4d",17,22,"-5","celsius",1.94848719210668,1.24034585825598,15,"0.32025592350418403",1.78771473435047,1.87186479779611,15,"0.48331341254775101","2","yes","raw","View study_notes","merged_03072025","merged_03072025_444",444,"constant",-5,"cooler",5,FALSE,FALSE,FALSE,"Oreochromis_mossambicus","Oreochromis_mossambicus",0.0985129470055705,0.143056772564563,0.133333333333333,0.365148371670111,30,"2.N17"
"1","N17","Schnell","2008","Actinopterygii","Cichliformes","Cichlidae","Oreochromis","mossambicus","Tilapia","1.25","52.5","105",NA,"days","postnatal","both","NA","NA","NA","NA","66.5","91.5","28","days","28","days","NA","NA","NA","0.6333333333333333","0.87142857142857144","0.26666666666666666","0.2635294117647059","NA","17","days","0.32380952380952382","temp","juvenile","liver","liver","NA","not-ambiguous","1","NA","NA","NA","metabolic capacity","CCO","cytochrome c oxidase","units/g wet tissue","Bou- chard and Guderley 2003; Seebacher et al. 2003","figure4b",14,22,"-8","celsius",6.14559048901686,5.14713065612862,15,"1.3289834207959901",3.58013281939349,4.27515632545415,15,"1.1038406167278101","1","yes","raw","View study_notes","merged_03072025","merged_03072025_445",445,"constant",-8,"cooler",8,FALSE,FALSE,FALSE,"Oreochromis_mossambicus","Oreochromis_mossambicus",0.527556832683506,0.147994453058044,0.133333333333333,0.365148371670111,30,"1.N17"
"1","N17","Schnell","2008","Actinopterygii","Cichliformes","Cichlidae","Oreochromis","mossambicus","Tilapia","1.25","52.5","105",NA,"days","postnatal","both","NA","NA","NA","NA","66.5","91.5","28","days","28","days","NA","NA","NA","0.6333333333333333","0.87142857142857144","0.26666666666666666","0.2635294117647059","NA","17","days","0.32380952380952382","temp","juvenile","liver","liver","NA","not-ambiguous","1","NA","NA","NA","metabolic capacity","CCO","cytochrome c oxidase","units/g wet tissue","Bou- chard and Guderley 2003; Seebacher et al. 2003","figure4b",17,22,"-5","celsius",5.21520456973018,3.86183185930521,15,"0.99712069846282103",3.58013281939349,4.27515632545415,15,"1.1038406167278101","2","yes","raw","View study_notes","merged_03072025","merged_03072025_446",446,"constant",-5,"cooler",5,FALSE,FALSE,FALSE,"Oreochromis_mossambicus","Oreochromis_mossambicus",0.390504552140869,0.145608206753999,0.133333333333333,0.365148371670111,30,"2.N17"
"1","s59","Taouis","2002","Aves","Galliformes","Phasianidae","Gallus","gallus","broiler chicken","20","67.5","135","912.5","days","postnatal","both","NA","NA","NA","NA","5","6","1","days","1","days","NA","NA","NA","7.407407407407407E-2","8.8888888888888892E-2","1.4814814814814815E-2","1.1428571428571429E-2","NA","1","days","1.4814814814814815E-2","temp","ambient","muscle","pectoralis major","NA","not-ambiguous","0","NA","NA","NA","metabolic capacity","avUCP","avian uncoupling protein","unitless","rt PCR","figure1d",NA,NA,"10","celsius",0.256742346245096,0.340281691741792,10,"0.107606519195937",1.7510978126593,1.64071629720827,10,"0.51884004933358896","1","no","raw","View study_notes","merged_03072025","merged_03072025_451",451,"constant",NA,NA,NA,FALSE,FALSE,FALSE,"Gallus_gallus","Gallus_gallus",1.20780142852553,0.296856968436168,0.2,0.447213595499958,20,"1.s59"
"1","s79","Wang","2019","Actinopterygii","Perciformes","Percidae","Sander","lucioperca","pikeperch","12","748.24999999999989","1496.4999999999998",NA,"days","postnatal","both","NA","NA","NA","NA","755.25","757.25","2","days","2","days","NA","NA","NA","0.50467758102238569","0.50601403274306722","1.3364517206815906E-3","1.3258203513423932E-3","NA","0","days","0","temp","ambient","liver","liver","homogenate","not-ambiguous","1","NA","general","NA","antioxidant","TAR","total antioxidant capacity","U/mg","kit (Nanjing Jiancheng Bioengineering Institute)","figure2a",29,23,"6","celsius",0.0630914826498423,0.0244781943782605,3,"1.4132492113564699E-2",0.0873186119873817,0.0192328670114904,3,"1.11041009463723E-2","1","no","raw","View study_notes","merged_03072025","merged_03072025_452",452,"constant",6,"warmer",6,FALSE,FALSE,FALSE,"Sander_lucioperca","Sander_lucioperca",-0.878164835437637,1.10179261220834,0.666666666666667,0.816496580927726,6,"1.s79"
"1","s79","Wang","2019","Actinopterygii","Perciformes","Percidae","Sander","lucioperca","pikeperch","12","748.24999999999989","1496.4999999999998",NA,"days","postnatal","both","NA","NA","NA","NA","755.25","757.25","2","days","2","days","NA","NA","NA","0.50467758102238569","0.50601403274306722","1.3364517206815906E-3","1.3258203513423932E-3","NA","0","days","0","temp","ambient","liver","liver","homogenate","not-ambiguous","1","NA","enzymatic","NA","antioxidant","SOD","superoxide dismutase","U/mg","kit (Nanjing Jiancheng Bioengineering Institute)","figure2b",29,23,"6","celsius",0.51875,0.238156986040721,3,"0.13750000000000001",1.05625,0.064951905283833,3,"3.7500000000000103E-2","1","no","raw","View study_notes","merged_03072025","merged_03072025_453",453,"constant",6,"warmer",6,FALSE,FALSE,FALSE,"Sander_lucioperca","Sander_lucioperca",-2.45692110755661,2.31462697754384,0.666666666666667,0.816496580927726,6,"1.s79"
"1","s79","Wang","2019","Actinopterygii","Perciformes","Percidae","Sander","lucioperca","pikeperch","12","748.24999999999989","1496.4999999999998",NA,"days","postnatal","both","NA","NA","NA","NA","755.25","757.25","2","days","2","days","NA","NA","NA","0.50467758102238569","0.50601403274306722","1.3364517206815906E-3","1.3258203513423932E-3","NA","0","days","0","temp","ambient","liver","liver","homogenate","not-ambiguous","1","NA","enzymatic","NA","antioxidant","CAT","catalase","U/mg","kit (Nanjing Jiancheng Bioengineering Institute)","figure2c",29,23,"6","celsius",0.0435483870967748,0.0754280190392897,3,"4.3548387096774097E-2",2.8741935483871,0.276569403144065,3,"0.15967741935484001","1","no","raw","View study_notes","merged_03072025","merged_03072025_454",454,"constant",6,"warmer",6,FALSE,FALSE,FALSE,"Sander_lucioperca","Sander_lucioperca",-11.1418515342683,28.0355277561407,0.666666666666667,0.816496580927726,6,"1.s79"
"1","s79","Wang","2019","Actinopterygii","Perciformes","Percidae","Sander","lucioperca","pikeperch","12","748.24999999999989","1496.4999999999998",NA,"days","postnatal","both","NA","NA","NA","NA","755.25","757.25","2","days","2","days","NA","NA","NA","0.50467758102238569","0.50601403274306722","1.3364517206815906E-3","1.3258203513423932E-3","NA","0","days","0","temp","ambient","liver","liver","homogenate","not-ambiguous","1","NA","enzymatic","NA","antioxidant","GPx","glutathione peroxidase (GPx) activity, converts H2O2 to H20","U/mg","kit (Nanjing Jiancheng Bioengineering Institute)","figure2d",29,23,"6","celsius",2.15985130111524,0.135215862300916,3,"7.8066914498141002E-2",4.99628252788104,0.450719541003051,3,"0.260223048327136","1","no","raw","View study_notes","merged_03072025","merged_03072025_455",455,"constant",6,"warmer",6,FALSE,FALSE,FALSE,"Sander_lucioperca","Sander_lucioperca",-6.8015466470535,10.8130946869077,0.666666666666667,0.816496580927726,6,"1.s79"
"1","s79","Wang","2019","Actinopterygii","Perciformes","Percidae","Sander","lucioperca","pikeperch","12","748.24999999999989","1496.4999999999998",NA,"days","postnatal","both","NA","NA","NA","NA","755.25","757.25","2","days","2","days","NA","NA","NA","0.50467758102238569","0.50601403274306722","1.3364517206815906E-3","1.3258203513423932E-3","NA","0","days","0","temp","ambient","liver","liver","homogenate","not-ambiguous","1","NA","non-enzymatic","NA","antioxidant","GSH","reduced glutathione","mg/g","kit (Nanjing Jiancheng Bioengineering Institute)","figure2e",29,23,"6","celsius",0.684385382059801,0.184138291834565,3,"0.106312292358804",1.3953488372093,0.126595075636263,3,"7.3089700996677595E-2","1","no","raw","View study_notes","merged_03072025","merged_03072025_456",456,"constant",6,"warmer",6,FALSE,FALSE,FALSE,"Sander_lucioperca","Sander_lucioperca",-3.59010817385437,2.8176998838625,0.666666666666667,0.816496580927726,6,"1.s79"
"1","s79","Wang","2019","Actinopterygii","Perciformes","Percidae","Sander","lucioperca","pikeperch","12","748.24999999999989","1496.4999999999998",NA,"days","postnatal","both","NA","NA","NA","NA","755.25","757.25","2","days","2","days","NA","NA","NA","0.50467758102238569","0.50601403274306722","1.3364517206815906E-3","1.3258203513423932E-3","NA","0","days","0","temp","ambient","liver","liver","homogenate","not-ambiguous","0","NA","NA","lipids","oxidative damage","MDA","malondialdehyde","nmol/mg","kit (Nanjing Jiancheng Bioengineering Institute)","figure2f",29,23,"6","celsius",0.229530201342282,0.0418482074311945,3,"2.41610738255034E-2",0.0181208053691276,0.0104620518577987,3,"6.0402684563759003E-3","1","no","raw","View study_notes","merged_03072025","merged_03072025_457",457,"constant",6,"warmer",6,FALSE,FALSE,FALSE,"Sander_lucioperca","Sander_lucioperca",-5.53016406220584,7.79909830502822,0.666666666666667,0.816496580927726,6,"1.s79"
"1","s79","Wang","2019","Actinopterygii","Perciformes","Percidae","Sander","lucioperca","pikeperch","12","748.24999999999989","1496.4999999999998",NA,"days","postnatal","both","NA","NA","NA","NA","755.25","757.25","2","days","2","days","NA","NA","NA","0.50467758102238569","0.50601403274306722","1.3364517206815906E-3","1.3258203513423932E-3","NA","0","days","0","temp","ambient","plasma/serum","serum","serum","not-ambiguous","1","NA","NA","NA","metabolic capacity","ALT","alanine-aminotransferase (ALT) activity","U/L","clinical automatic chemistry analyzer","figure3a",29,23,"6","celsius",46.2857142857143,6.92820323027553,3,"4.0000000000000098",26.2857142857143,29.6922995583236,3,"17.142857142857199","1","no","raw","View study_notes","merged_03072025","merged_03072025_458",458,"constant",6,"warmer",6,FALSE,FALSE,FALSE,"Sander_lucioperca","Sander_lucioperca",0.740166406426873,1.12354829981388,0.666666666666667,0.816496580927726,6,"1.s79"
"1","s79","Wang","2019","Actinopterygii","Perciformes","Percidae","Sander","lucioperca","pikeperch","12","748.24999999999989","1496.4999999999998",NA,"days","postnatal","both","NA","NA","NA","NA","755.25","757.25","2","days","2","days","NA","NA","NA","0.50467758102238569","0.50601403274306722","1.3364517206815906E-3","1.3258203513423932E-3","NA","0","days","0","temp","ambient","plasma/serum","serum","serum","not-ambiguous","1","NA","NA","NA","metabolic capacity","AST","asparatate-aminotransferase (AST) activity","U/L","clinical automatic chemistry analyzer","figure3b",29,23,"6","celsius",203.966005665722,48.575929164113,3,"28.045325779036801",112.181303116147,39.7439420433651,3,"22.946175637393701","1","no","raw","View study_notes","merged_03072025","merged_03072025_459",459,"constant",6,"warmer",6,FALSE,FALSE,FALSE,"Sander_lucioperca","Sander_lucioperca",1.65014173307495,1.35371753999163,0.666666666666667,0.816496580927726,6,"1.s79"
NA,"WildNew1","Kazerouni_et_al","2016","Actinopterygii","Cyprinodontiformes","Poeciliidae","Gambusia","holbrooki","mosquito fish","24.5","35","35","365","days","postnatal","both","NA","NA","NA","NA","35","63","28","days","28","days","NA",NA,NA,"1","1.8","0.8","0.47058823529411764","NA","0","days","0","temp","juvenile","muscle","tail muscle","homogenate","NA","1","NA","enzymatic","NA","antioxidant","SOD","superoxide dismutase","U/mg tissue","Yakovleva et al. 2004; Barata et al. 2005","figure 7a,b",18,28,"-10","celsius",0.680272108843535,0.179983082312923,7,"6.802721088435304E-2",1.36,0.31749016,7,"0.12","1","no","raw","View study_notes","kris_temp_OC","kris_temp_OC_460",460,"constant",-10,"cooler",10,FALSE,FALSE,FALSE,"Gambusia_holbrooki","Gambusia_holbrooki",-2.4652260943236,0.65334761044721,0.285714285714286,0.534522483824849,14,"1.WildNew1"
NA,"WildNew1","Kazerouni_et_al","2016","Actinopterygii","Cyprinodontiformes","Poeciliidae","Gambusia","holbrooki","mosquito fish","24.5","35","35","365","days","postnatal","both","NA","NA","NA","NA","35","63","28","days","28","days","NA",NA,NA,NA,NA,NA,NA,"NA","0","days",NA,"temp","juvenile","muscle","tail muscle","homogenate","NA","1","NA","enzymatic","NA","antioxidant","SOD","superoxide dismutase","U/mg tissue","Yakovleva et al. 2004; Barata et al. 2005","figure 7b,c",32,28,"4","celsius",8.09523809523809,3.59966164625849,7,"1.360544217687071",1.36,0.31749016,7,"0.12","1","no","raw","View study_notes","kris_temp_OC","kris_temp_OC_461",461,"constant",4,"warmer",4,FALSE,FALSE,FALSE,"Gambusia_holbrooki","Gambusia_holbrooki",2.46701858058107,0.832745433295937,0.285714285714286,0.534522483824849,14,"1.WildNew1"
NA,"WildNew1","Kazerouni_et_al","2016","Actinopterygii","Cyprinodontiformes","Poeciliidae","Gambusia","holbrooki","mosquito fish","24.5","35","35","365","days","postnatal","both","NA","NA","NA","NA","35","63","28","days","28","days","NA",NA,NA,NA,NA,NA,NA,"NA","0","days",NA,"temp","juvenile","muscle","tail muscle","homogenate","NA","1","NA","enzymatic","NA","antioxidant","SOD","superoxide dismutase","U/mg tissue","Yakovleva et al. 2004; Barata et al. 2005","figure7d,e",28,18,"10","celsius",2.55800950517192,1.44972674520547,7,"0.5479452054794498",1.34697728427317,0.637484167878647,7,"0.24094636766093003","1","no","raw","View study_notes","kris_temp_OC","kris_temp_OC_462",462,"constant",10,"warmer",10,FALSE,FALSE,FALSE,"Gambusia_holbrooki","Gambusia_holbrooki",1.01215650754015,0.395522170294652,0.285714285714286,0.534522483824849,14,"1.WildNew1"
NA,"WildNew1","Kazerouni_et_al","2016","Actinopterygii","Cyprinodontiformes","Poeciliidae","Gambusia","holbrooki","mosquito fish","24.5","35","35","365","days","postnatal","both","NA","NA","NA","NA","35","63","28","days","28","days","NA",NA,NA,NA,NA,NA,NA,"NA","0","days",NA,"temp","juvenile","muscle","tail muscle","homogenate","NA","1","NA","enzymatic","NA","antioxidant","SOD","superoxide dismutase","U/mg tissue","Yakovleva et al. 2004; Barata et al. 2005","figure 7e,f",32,18,"14","celsius",5.7415431926195,1.99522341591417,7,"0.75412356723511031",1.34697728427317,0.637484167878647,7,"0.24094636766093003","1","no","raw","View study_notes","kris_temp_OC","kris_temp_OC_463",463,"constant",14,"warmer",14,FALSE,FALSE,FALSE,"Gambusia_holbrooki","Gambusia_holbrooki",2.77703301201592,0.867964396378055,0.285714285714286,0.534522483824849,14,"1.WildNew1"
NA,"WildNew1","Kazerouni_et_al","2016","Actinopterygii","Cyprinodontiformes","Poeciliidae","Gambusia","holbrooki","mosquito fish","24.5","35","35","365","days","postnatal","both","NA","NA","NA","NA","35","63","28","days","28","days","NA",NA,NA,NA,NA,NA,NA,"NA","0","days",NA,"temp","juvenile","muscle","tail muscle","homogenate","NA","1","NA","enzymatic","NA","antioxidant","CAT","catalase (CAT) activity","U/mg tissue","Yakovleva et al. 2004; Barata et al. 2005","figure 6a,b",18,28,"-10","celsius",0.800343428036215,0.103087656412114,7,"3.8963471745238953E-2",0.571995004683109,0.15463148461817,7,"5.8445207617857986E-2","1","no","raw","View study_notes","kris_temp_OC","kris_temp_OC_464",464,"constant",-10,"cooler",10,FALSE,FALSE,FALSE,"Gambusia_holbrooki","Gambusia_holbrooki",1.62634815929552,0.459845073234053,0.285714285714286,0.534522483824849,14,"1.WildNew1"
NA,"WildNew1","Kazerouni_et_al","2016","Actinopterygii","Cyprinodontiformes","Poeciliidae","Gambusia","holbrooki","mosquito fish","24.5","35","35","365","days","postnatal","both","NA","NA","NA","NA","35","63","28","days","28","days","NA",NA,NA,NA,NA,NA,NA,"NA","0","days",NA,"temp","juvenile","muscle","tail muscle","homogenate","NA","1","NA","enzymatic","NA","antioxidant","CAT","catalase (CAT) activity","U/mg tissue","Yakovleva et al. 2004; Barata et al. 2005","figure 6b,c",32,28,"4","celsius",0.548298470184201,0.128611763648766,7,"4.8610677489853038E-2",0.571995004683109,0.15463148461817,7,"5.8445207617857986E-2","1","no","raw","View study_notes","kris_temp_OC","kris_temp_OC_465",465,"constant",4,"warmer",4,FALSE,FALSE,FALSE,"Gambusia_holbrooki","Gambusia_holbrooki",-0.155947825949119,0.33438029041019,0.285714285714286,0.534522483824849,14,"1.WildNew1"
NA,"WildNew1","Kazerouni_et_al","2016","Actinopterygii","Cyprinodontiformes","Poeciliidae","Gambusia","holbrooki","mosquito fish","24.5","35","35","365","days","postnatal","both","NA","NA","NA","NA","35","63","28","days","28","days","NA",NA,NA,NA,NA,NA,NA,"NA","0","days",NA,"temp","juvenile","muscle","tail muscle","homogenate","NA","1","NA","enzymatic","NA","antioxidant","CAT","catalase (CAT) activity","U/mg tissue","Yakovleva et al. 2004; Barata et al. 2005","figure 6d,e",28,18,"10","celsius",0.664086397403084,0.154592872598789,7,"5.8430613646295093E-2",0.482239840189774,0.128827393832324,7,"4.8692178038579004E-2","1","no","raw","View study_notes","kris_temp_OC","kris_temp_OC_466",466,"constant",10,"warmer",10,FALSE,FALSE,FALSE,"Gambusia_holbrooki","Gambusia_holbrooki",1.19609534748381,0.394881915215518,0.285714285714286,0.534522483824849,14,"1.WildNew1"
NA,"WildNew1","Kazerouni_et_al","2016","Actinopterygii","Cyprinodontiformes","Poeciliidae","Gambusia","holbrooki","mosquito fish","24.5","35","35","365","days","postnatal","both","NA","NA","NA","NA","35","63","28","days","28","days","NA",NA,NA,NA,NA,NA,NA,"NA","0","days",NA,"temp","juvenile","muscle","tail muscle","homogenate","NA","1","NA","enzymatic","NA","antioxidant","CAT","catalase (CAT) activity","U/mg tissue","Yakovleva et al. 2004; Barata et al. 2005","figure 6e,f",32,18,"14","celsius",0.544041450777203,0.0772964362993957,7,"2.9215306823147991E-2",0.482239840189774,0.128827393832324,7,"4.8692178038579004E-2","1","no","raw","View study_notes","kris_temp_OC","kris_temp_OC_467",467,"constant",14,"warmer",14,FALSE,FALSE,FALSE,"Gambusia_holbrooki","Gambusia_holbrooki",0.544485062873312,0.348421537809015,0.285714285714286,0.534522483824849,14,"1.WildNew1"
NA,"WildNew1","Kazerouni_et_al","2016","Actinopterygii","Cyprinodontiformes","Poeciliidae","Gambusia","holbrooki","mosquito fish","24.5","35","35","365","days","postnatal","both","NA","NA","NA","NA","35","63","28","days","28","days","NA",NA,NA,NA,NA,NA,NA,"NA","0","days",NA,"temp","juvenile","muscle","tail muscle","homogenate","NA","0","NA","NA","lipids","oxidative damage","MDA","malondialdehyde","nmol/mg tissue","commercial kit (MAK085; Sigma-Aldrich)","Figure 5c,d",18,28,"-10","celsius",1.42310110304623,0.163308648042528,7,"0.16330864804252779",2.52071783734354,0.489925944127556,7,"0.48992594412755636","1","no","raw","View study_notes","kris_temp_OC","kris_temp_OC_468",468,"constant",-10,"cooler",10,FALSE,FALSE,FALSE,"Gambusia_holbrooki","Gambusia_holbrooki",2.81323096060947,0.874141676578322,0.285714285714286,0.534522483824849,14,"1.WildNew1"
NA,"WildNew1","Kazerouni_et_al","2016","Actinopterygii","Cyprinodontiformes","Poeciliidae","Gambusia","holbrooki","mosquito fish","24.5","35","35","365","days","postnatal","both","NA","NA","NA","NA","35","63","28","days","28","days","NA",NA,NA,NA,NA,NA,NA,"NA","0","days",NA,"temp","juvenile","muscle","tail muscle","homogenate","NA","0","NA","NA","proteins","oxidative damage","carbonyl content","protein carbonyl, oxidative damage biomarker","nmol/mg protein","commercial kit (MAK094; Sigma-Aldrich)","Figure 5a,b",18,28,"-10","celsius",7.79561042524006,2.35177894222222,7,"2.3517789422222233",7.50754458161866,2.15579736370369,7,"2.15579736370369","1","no","raw","View study_notes","kris_temp_OC","kris_temp_OC_469",469,"constant",-10,"cooler",10,FALSE,FALSE,FALSE,"Gambusia_holbrooki","Gambusia_holbrooki",-0.119513628016245,0.333932962664176,0.285714285714286,0.534522483824849,14,"1.WildNew1"
NA,"WildNew2","Arjona_et_al","2010","Actinopterygii","Pleuronectiformes","Soleidae","Solea","senegalensis","Senegalese sole","1.75","547.5","1095","NA","days","postnatal","both","NA","NA","NA","NA","NA","NA","28","days","28","days","NA","NA","NA","NA","NA","2.5570776255707701E-2","2.5570776255707701E-2","NA","0","days","0","temp","ambient","gill","gill arch scraping",NA,"NA","1","NA","NA","NA","metabolic capacity","ATPase","branchial Na+/K+-ATPase activity (SAopt)","umol inorganic phosphate/min/mg protein","Flik et al. 1983 adapted to 96-well plates","figure2a",26,19,"7","celsius",20.6611570247933,4.7107438016529,9,"1.5702479338842998",20.6611570247933,3.2231404958679,9,"1.0743801652892984","1","no","raw","View study_notes","kris_temp_OC","kris_temp_OC_470",470,"constant",7,"warmer",7,FALSE,FALSE,FALSE,"Solea_senegalensis","Solea_senegalensis",0,0.25,0.222222222222222,0.471404520791032,18,"1.WildNew2"
NA,"WildNew2","Arjona_et_al","2010","Actinopterygii","Pleuronectiformes","Soleidae","Solea","senegalensis","Senegalese sole","1.75","547.5","1095","NA","days","postnatal","both","NA","NA","NA","NA","NA","NA","28","days","28","days","NA","NA","NA","NA","NA","2.5570776255707701E-2","2.5570776255707701E-2","NA","0","days","0","temp","ambient","kidney","posterior kidney",NA,"NA","1","NA","NA","NA","metabolic capacity","ATPase","renal Na+/K+-ATPase activity (SAopt)","umol inorganic phosphate/min/mg protein","Flik et al. 1983 adapted to 96-well plates","figure2b",26,19,"7","celsius",11.3094895476308,2.6372936343894,9,"0.87909787812979978",14.057193689333,2.9653855210488,9,"0.98846184034960061","1","no","raw","View study_notes","kris_temp_OC","kris_temp_OC_471",471,"constant",7,"warmer",7,FALSE,FALSE,FALSE,"Solea_senegalensis","Solea_senegalensis",-0.9324242560183,0.277539356048092,0.222222222222222,0.471404520791032,18,"1.WildNew2"
NA,"WildNew2","Arjona_et_al","2010","Actinopterygii","Pleuronectiformes","Soleidae","Solea","senegalensis","Senegalese sole","1.75","547.5","1095","NA","days","postnatal","both","NA","NA","NA","NA","NA","NA","28","days","28","days","NA","NA","NA","NA","NA","2.5570776255707701E-2","2.5570776255707701E-2","NA","0","days","0","temp","ambient","gill","gill arch scraping",NA,"NA","1","NA","NA","NA","metabolic capacity","ATPase","branchial Na+/K+-ATPase activity (SAamb)","umol inorganic phosphate/min/mg protein","Flik et al. 1983 adapted to 96-well plates","figure2a",26,19,"7","celsius",13.3057851239669,2.7272727272727,9,"0.90909090909090118",7.10743801652893,1.23966942148758,9,"0.41322314049585973","1","no","raw","View study_notes","kris_temp_OC","kris_temp_OC_472",472,"constant",7,"warmer",7,FALSE,FALSE,FALSE,"Solea_senegalensis","Solea_senegalensis",2.78632203118541,0.597505899279852,0.222222222222222,0.471404520791032,18,"1.WildNew2"
NA,"WildNew2","Arjona_et_al","2010","Actinopterygii","Pleuronectiformes","Soleidae","Solea","senegalensis","Senegalese sole","1.75","547.5","1095","NA","days","postnatal","both","NA","NA","NA","NA","NA","NA","28","days","28","days","NA","NA","NA","NA","NA","2.5570776255707701E-2","2.5570776255707701E-2","NA","0","days","0","temp","ambient","kidney","posterior kidney",NA,"NA","1","NA","NA","NA","metabolic capacity","ATPase","renal Na+/K+-ATPase activity (SAamb)","umol inorganic phosphate/min/mg protein","Flik et al. 1983 adapted to 96-well plates","figure2b",26,19,"7","celsius",6.18037204678054,1.48504748698362,9,"0.49501582899454011",3.54360168493758,0.9905549305356,9,"0.33018497684519987","1","no","raw","View study_notes","kris_temp_OC","kris_temp_OC_473",473,"constant",7,"warmer",7,FALSE,FALSE,FALSE,"Solea_senegalensis","Solea_senegalensis",1.98920085972233,0.391902917751582,0.222222222222222,0.471404520791032,18,"1.WildNew2"
NA,"WildNew3","Glanville_and_Seebacher","2006","Reptilia","Crocodylia","Crocodylidae","Crocodylus","porosus","estuarine crocodile","80","1825","3650","NA","days","postnatal","both","NA","NA","NA","NA","NA","NA","33","days","33","days","NA","NA","NA","NA","NA","1.8082191780821901E-2","1.8082191780821901E-2","NA","NA","days","NA","temp","ambient","liver","liver","isolated","NA","1","total oxphos","NA","NA","respiration","ADP-stimulated","state 3 oxygen consumption with pyruvate and malate substrates; assayed at 20, 25, and 30C","umol min-1 mg-1 protein","isolated mitochondria; Strathkelvin Mitocell oxygen electrode; duplicate assays","figure3a",29,20,"9","celsius",0.00322916666666666,0.00218748,9,"7.2915999999999996E-4",0.00645833333333333,0.00206240420655118,8,"7.2917000000000001E-4","1","no","raw","View study_notes","kris_temp_OC","kris_temp_OC_474",474,"constant",9,"warmer",9,FALSE,FALSE,FALSE,"Crocodylus_porosus","Crocodylus_porosus",-1.44153450865265,0.336078652982649,0.236111111111111,0.485912657903775,16.9411764705882,"1.WildNew3"
NA,"WildNew3","Glanville_and_Seebacher","2006","Reptilia","Crocodylia","Crocodylidae","Crocodylus","porosus","estuarine crocodile","80","1825","3650","NA","days","postnatal","both","NA","NA","NA","NA","NA","NA","33","days","33","days","NA","NA","NA","NA","NA","1.8082191780821901E-2","1.8082191780821901E-2","NA","NA","days","NA","temp","ambient","liver","liver","isolated","NA","1","mitochondrial efficiency","NA","NA","respiration","RCR","respiratory control ratio; state 3/state 4; assayed at 20, 25, and 30C","ratio","isolated mitochondria; Strathkelvin Mitocell oxygen electrode; duplicate assays","figure3b",29,20,"9","celsius",3.71199999999999,1.344,9,"0.44800000000000001",7.35999999999999,1.44815468787005,8,"0.51200000000000001","1","no","raw","View study_notes","kris_temp_OC","kris_temp_OC_475",475,"constant",9,"warmer",9,FALSE,FALSE,FALSE,"Crocodylus_porosus","Crocodylus_porosus",-2.47806724778112,0.47797888534762,0.236111111111111,0.485912657903775,16.9411764705882,"1.WildNew3"
NA,"WildNew3","Glanville_and_Seebacher","2006","Reptilia","Crocodylia","Crocodylidae","Crocodylus","porosus","estuarine crocodile","80","1825","3650","NA","days","postnatal","both","NA","NA","NA","NA","NA","NA","33","days","33","days","NA","NA","NA","NA","NA","1.8082191780821901E-2","1.8082191780821901E-2","NA","NA","days","NA","temp","ambient","muscle","tail muscle (longissimus dorsi)","isolated","NA","1","total oxphos","NA","NA","respiration","ADP-stimulated","state 3 oxygen consumption with pyruvate and malate substrates; assayed at 20, 25, and 30C","umol min-1 mg-1 protein","isolated mitochondria; Strathkelvin Mitocell oxygen electrode; duplicate assays","figure3c",29,20,"9","celsius",0.00310726950354609,0.00159573,9,"5.3191000000000002E-4",0.0112996453900709,0.00992958458687481,8,"3.5106382978722997E-3","1","no","raw","View study_notes","kris_temp_OC","kris_temp_OC_476",476,"constant",9,"warmer",9,FALSE,FALSE,FALSE,"Crocodylus_porosus","Crocodylus_porosus",-1.09326797917128,0.365991819279865,0.236111111111111,0.485912657903775,16.9411764705882,"1.WildNew3"
NA,"WildNew3","Glanville_and_Seebacher","2006","Reptilia","Crocodylia","Crocodylidae","Crocodylus","porosus","estuarine crocodile","80","1825","3650","NA","days","postnatal","both","NA","NA","NA","NA","NA","NA","33","days","33","days","NA","NA","NA","NA","NA","1.8082191780821901E-2","1.8082191780821901E-2","NA","NA","days","NA","temp","ambient","muscle","tail muscle (longissimus dorsi)","isolated","NA","1","mitochondrial efficiency","NA","NA","respiration","RCR","respiratory control ratio; state 3/state 4; assayed at 20, 25, and 30C","ratio","isolated mitochondria; Strathkelvin Mitocell oxygen electrode; duplicate assays","figure3d",29,20,"9","celsius",4.9262940493094,1.88976378,9,"0.62992126000000004",6.88008261262423,1.24718045910995,8,"0.44094487999999998","1","no","raw","View study_notes","kris_temp_OC","kris_temp_OC_477",477,"constant",9,"warmer",9,FALSE,FALSE,FALSE,"Crocodylus_porosus","Crocodylus_porosus",-1.15809643067491,0.310329870873424,0.236111111111111,0.485912657903775,16.9411764705882,"1.WildNew3"
NA,"WildNew3","Glanville_and_Seebacher","2006","Reptilia","Crocodylia","Crocodylidae","Crocodylus","porosus","estuarine crocodile","80","1825","3650","NA","days","postnatal","both","NA","NA","NA","NA","NA","NA","33","days","33","days","NA","NA","NA","NA","NA","1.8082191780821901E-2","1.8082191780821901E-2","NA","NA","days","NA","temp","ambient","heart","ventricle","isolated","NA","1","total oxphos","NA","NA","respiration","ADP-stimulated","state 3 oxygen consumption with pyruvate and malate substrates; assayed at 20, 25, and 30C","umol min-1 mg-1 protein","isolated mitochondria; Strathkelvin Mitocell oxygen electrode; duplicate assays","figure3e",29,20,"9","celsius",0.0040813799203892,0.00157896,9,"5.2632000000000004E-4",0.00787439186200796,0.00744323225293958,8,"2.6315800000000001E-3","1","no","raw","View study_notes","kris_temp_OC","kris_temp_OC_478",478,"constant",9,"warmer",9,FALSE,FALSE,FALSE,"Crocodylus_porosus","Crocodylus_porosus",-0.669035302429265,0.313505900692342,0.236111111111111,0.485912657903775,16.9411764705882,"1.WildNew3"
NA,"WildNew3","Glanville_and_Seebacher","2006","Reptilia","Crocodylia","Crocodylidae","Crocodylus","porosus","estuarine crocodile","80","1825","3650","NA","days","postnatal","both","NA","NA","NA","NA","NA","NA","33","days","33","days","NA","NA","NA","NA","NA","1.8082191780821901E-2","1.8082191780821901E-2","NA","NA","days","NA","temp","ambient","heart","ventricle","isolated","NA","1","mitochondrial efficiency","NA","NA","respiration","RCR","respiratory control ratio; state 3/state 4; assayed at 20, 25, and 30C","ratio","isolated mitochondria; Strathkelvin Mitocell oxygen electrode; duplicate assays","figure3f",29,20,"9","celsius",3.28823133826495,0.76180227,9,"0.25393409",7.09724277067922,1.61602183772374,8,"0.57135000000000002","1","no","raw","View study_notes","kris_temp_OC","kris_temp_OC_479",479,"constant",9,"warmer",9,FALSE,FALSE,FALSE,"Crocodylus_porosus","Crocodylus_porosus",-2.86137257406925,0.687626073063019,0.236111111111111,0.485912657903775,16.9411764705882,"1.WildNew3"
".","WildNew3","Glanville_and_Seebacher","2006","Reptilia","Crocodylia","Crocodylidae","Crocodylus","porosus","estuarine crocodile","80","1825","3650","NA","days","postnatal","both","NA","NA","NA","NA","NA","NA","33","days","33","days","NA","NA","NA","NA","NA","1.8082191780821901E-2","1.8082191780821901E-2","NA","NA","days","NA","temp","ambient","liver","liver","NA","NA","1","NA","NA","NA","metabolic capacity","CcO","cytochrome c oxidase activity; assayed at 20, 25, and 30C","units/g wet tissue","spectrophotometric assay; methods following Seebacher et al. 2003; duplicate assays","figure5",29,20,"9","celsius",8.268437748,3.40444092,9,"1.13481364",14.6847739888977,3.20973768081802,8,"1.1348136399682005","1","no","raw","View study_notes","kris_temp_OC","kris_temp_OC_481",481,"constant",9,"warmer",9,FALSE,FALSE,FALSE,"Crocodylus_porosus","Crocodylus_porosus",-1.84044476944986,0.379721597515442,0.236111111111111,0.485912657903775,16.9411764705882,"1.WildNew3"
NA,"WildNew3","Glanville_and_Seebacher","2006","Reptilia","Crocodylia","Crocodylidae","Crocodylus","porosus","estuarine crocodile","80","1825","3650","NA","days","postnatal","both","NA","NA","NA","NA","NA","NA","33","days","33","days","NA","NA","NA","NA","NA","1.8082191780821901E-2","1.8082191780821901E-2","NA","NA","days","NA","temp","ambient","liver","liver","NA","NA","1","NA","NA","NA","metabolic capacity","CS","citrate synthase activity; assayed at 20, 25, and 30C","units/g wet tissue","spectrophotometric assay; methods following Seebacher et al. 2003; duplicate assays","figure6",29,20,"9","celsius",2.8197593059054,1.77581863979847,9,"0.59193954659949011",2.77917716204869,2.35108551931043,8,"0.83123425692695019","1","no","raw","View study_notes","kris_temp_OC","kris_temp_OC_482",482,"constant",9,"warmer",9,FALSE,FALSE,FALSE,"Crocodylus_porosus","Crocodylus_porosus",0.0184855090427481,0.272753334853681,0.236111111111111,0.485912657903775,16.9411764705882,"1.WildNew3"
NA,"WildNew3","Glanville_and_Seebacher","2006","Reptilia","Crocodylia","Crocodylidae","Crocodylus","porosus","estuarine crocodile","80","1825","3650","NA","days","postnatal","both","NA","NA","NA","NA","NA","NA","33","days","33","days","NA","NA","NA","NA","NA","1.8082191780821901E-2","1.8082191780821901E-2","NA","NA","days","NA","temp","ambient","muscle","tail muscle (longissimus dorsi)","NA","NA","1","NA","NA","NA","metabolic capacity","CcO","cytochrome c oxidase activity; assayed at 20, 25, and 30C","units/g wet tissue","spectrophotometric assay; methods following Seebacher et al. 2003; duplicate assays","figure5",29,20,"9","celsius",4.71431386717467,2.493726597,9,"0.83124219899999996",3.81212638770282,2.35445237632419,8,"0.83242462063980938","1","no","raw","View study_notes","kris_temp_OC","kris_temp_OC_484",484,"constant",9,"warmer",9,FALSE,FALSE,FALSE,"Crocodylus_porosus","Crocodylus_porosus",0.353052024252261,0.270987235826064,0.236111111111111,0.485912657903775,16.9411764705882,"1.WildNew3"
NA,"WildNew3","Glanville_and_Seebacher","2006","Reptilia","Crocodylia","Crocodylidae","Crocodylus","porosus","estuarine crocodile","80","1825","3650","NA","days","postnatal","both","NA","NA","NA","NA","NA","NA","33","days","33","days","NA","NA","NA","NA","NA","1.8082191780821901E-2","1.8082191780821901E-2","NA","NA","days","NA","temp","ambient","muscle","tail muscle (longissimus dorsi)","NA","NA","1","NA","NA","NA","metabolic capacity","CS","citrate synthase activity; assayed at 20, 25, and 30C","units/g wet tissue","spectrophotometric assay; methods following Seebacher et al. 2003; duplicate assays","figure6",29,20,"9","celsius",3.17489948305571,2.18408960367606,9,"0.72802986789201996",2.55743825387708,1.73832109332477,8,"0.61458931648477999","1","no","raw","View study_notes","kris_temp_OC","kris_temp_OC_485",485,"constant",9,"warmer",9,FALSE,FALSE,FALSE,"Crocodylus_porosus","Crocodylus_porosus",0.296872309608253,0.266861275222712,0.236111111111111,0.485912657903775,16.9411764705882,"1.WildNew3"
NA,"WildNew3","Glanville_and_Seebacher","2006","Reptilia","Crocodylia","Crocodylidae","Crocodylus","porosus","estuarine crocodile","80","1825","3650","NA","days","postnatal","both","NA","NA","NA","NA","NA","NA","33","days","33","days","NA","NA","NA","NA","NA","1.8082191780821901E-2","1.8082191780821901E-2","NA","NA","days","NA","temp","ambient","heart","ventricle","NA","NA","1","NA","NA","NA","metabolic capacity","CcO","cytochrome c oxidase activity; assayed at 20, 25, and 30C","units/g wet tissue","spectrophotometric assay; methods following Seebacher et al. 2003; duplicate assays","figure5",29,20,"9","celsius",8.0467562828755,2.4967855055523,9,"0.83226183518410046",7.35476329631794,3.53098792492177,8,"1.2483927530000001","1","no","raw","View study_notes","kris_temp_OC","kris_temp_OC_487",487,"constant",9,"warmer",9,FALSE,FALSE,FALSE,"Crocodylus_porosus","Crocodylus_porosus",0.214755607888408,0.275593927457072,0.236111111111111,0.485912657903775,16.9411764705882,"1.WildNew3"
NA,"WildNew3","Glanville_and_Seebacher","2006","Reptilia","Crocodylia","Crocodylidae","Crocodylus","porosus","estuarine crocodile","80","1825","3650","NA","days","postnatal","both","NA","NA","NA","NA","NA","NA","33","days","33","days","NA","NA","NA","NA","NA","1.8082191780821901E-2","1.8082191780821901E-2","NA","NA","days","NA","temp","ambient","heart","ventricle","NA","NA","1","NA","NA","NA","metabolic capacity","CS","citrate synthase activity; assayed at 20, 25, and 30C","units/g wet tissue","spectrophotometric assay; methods following Seebacher et al. 2003; duplicate assays","figure6",29,20,"9","celsius",11.26681614,2.1440582959641,9,"0.71468609865470101",9.67769058295965,4.38771071434752,8,"1.5512900000000001","1","no","raw","View study_notes","kris_temp_OC","kris_temp_OC_488",488,"constant",9,"warmer",9,FALSE,FALSE,FALSE,"Crocodylus_porosus","Crocodylus_porosus",0.436724832701245,0.288150797812916,0.236111111111111,0.485912657903775,16.9411764705882,"1.WildNew3"
NA,"WildNew4","Seebacher_and_James","2008","Reptilia","Crocodylia","Crocodylidae","Crocodylus","porosus","estuarine crocodile","80","1825","3650","NA","days","postnatal","both","NA","NA","NA","NA","NA","NA","30","days","30","days","NA","NA","NA","NA","NA","1.6438356164383501E-2","1.6438356164383501E-2","NA","0","days","0","temp","ambient","muscle","caudofemoralis muscle","NA","not-ambiguous","1","NA","NA","NA","metabolic capacity","CcO","cytochrome c oxidase activity; assayed at 20 and 30C in caudofemoralis muscle","umol substrate converted min-1 g-1 wet tissue","Seebacher et al. 2003; duplicate spectrophotometric assay in temperature-controlled cuvette holder","figure4",29,20,"9","celsius",1.54859404859404,0.62853936042617,8,"0.222222222",1.582719083,0.628539361054702,8,"0.22222222222221988","1","no","raw","View study_notes","kris_temp_OC","kris_temp_OC_490",490,"constant",9,"warmer",9,FALSE,FALSE,FALSE,"Crocodylus_porosus","Crocodylus_porosus",-0.0513221260290302,0.285808355736434,0.25,0.5,16,"1.WildNew4"
NA,"WildNew4","Seebacher_and_James","2008","Reptilia","Crocodylia","Crocodylidae","Crocodylus","porosus","estuarine crocodile","80","1825","3650","NA","days","postnatal","both","NA","NA","NA","NA","NA","NA","30","days","30","days","NA","NA","NA","NA","NA","1.6438356164383501E-2","1.6438356164383501E-2","NA","0","days","0","temp","ambient","muscle","caudofemoralis muscle","NA","ambiguous","1","NA","NA","NA","metabolic capacity","ATPase","myofibrillar ATPase activity of caudofemoralis muscle; assayed at 20 and 30C","umol substrate converted min-1 mg-1 myofibrillar protein","isolated myofibrils; linked enzyme assay measuring disappearance of NADH at 340 nm; duplicate assays","figure4",29,20,"9","celsius",0.250999724,0.155676597744409,8,"5.5039988968560993E-2",0.300020683949254,0.220614975608479,8,"7.799917264202999E-2","1","no","raw","View study_notes","kris_temp_OC","kris_temp_OC_491",491,"constant",9,"warmer",9,FALSE,FALSE,FALSE,"Crocodylus_porosus","Crocodylus_porosus",-0.242704979202026,0.288054393012873,0.25,0.5,16,"1.WildNew4"
NA,"WildNew5","Guderley_and_Seebacher","2011","Reptilia","Crocodilia","Alligatoridae","Alligator","mississippiensis","American alligator","70","2555","5110","NA","days","postnatal","both","NA","NA","NA","NA","NA","NA","74","days","74","days","NA","NA","NA","NA","NA","2.8962818003913801E-2","2.8962818003913801E-2","NA","0","days","0","temp","ambient","muscle","skeletal muscle","isolated","not-ambiguous","1","total oxphos","NA","NA","respiration","ADP-stimulated","state 3 oxygen consumption with malate and pyruvate after addition of ADP; assayed at 20 and 30C","nmol O min-1 mg mitochondrial protein-1","polarographic oxygen electrode; isolated mitochondria from fresh tissue","figure2",29,20,"-9","celsius",70.0117246657656,6.6830594863945,9,"2.2276864954648326",41.4963604683352,4.7020794997476,8,"1.6624361499748901","1","no","raw","View study_notes","kris_temp_OC","kris_temp_OC_492",492,"constant",9,"warmer",9,FALSE,FALSE,FALSE,"Alligator_mississippiensis","Alligator_mississippiensis",4.68342634915963,1.04695141718585,0.236111111111111,0.485912657903775,16.9411764705882,"1.WildNew5"
NA,"WildNew5","Guderley_and_Seebacher","2011","Reptilia","Crocodilia","Alligatoridae","Alligator","mississippiensis","American alligator","70","2555","5110","NA","days","postnatal","both","NA","NA","NA","NA","NA","NA","74","days","74","days","NA","NA","NA","NA","NA","2.8962818003913801E-2","2.8962818003913801E-2","NA","0","days","0","temp","ambient","muscle","skeletal muscle","isolated","not-ambiguous","0","leak","NA","NA","respiration","Leak","oligomycin-inhibited state 4 respiration after pyruvate and malate; assayed at 20 and 30C","nmol O min-1 mg mitochondrial protein-1","polarographic oxygen electrode; isolated mitochondria from fresh tissue; oligomycin 4 ug ml-1","figure2",29,20,"-9","celsius",27.4381605302154,4.7020794997476,9,"1.5673598332492016",12.2905437313748,2.7227279389015,8,"0.96262969446166102","1","no","raw","View study_notes","kris_temp_OC","kris_temp_OC_493",493,"constant",9,"warmer",9,FALSE,FALSE,FALSE,"Alligator_mississippiensis","Alligator_mississippiensis",-3.74153857420526,0.812726806381321,0.236111111111111,0.485912657903775,16.9411764705882,"1.WildNew5"
NA,"WildNew5","Guderley_and_Seebacher","2011","Reptilia","Crocodilia","Alligatoridae","Alligator","mississippiensis","American alligator","70","2555","5110","NA","days","postnatal","both","NA","NA","NA","NA","NA","NA","74","days","74","days","NA","NA","NA","NA","NA","2.8962818003913801E-2","2.8962818003913801E-2","NA","0","days","0","temp","ambient","muscle","skeletal muscle","isolated","not-ambiguous","1","total oxphos","NA","NA","respiration","OXPHOSCI respiration","flux through complexes 1-4 with malate, pyruvate, and ADP, corrected for rotenone; assayed at 20 and 30C","nmol O min-1 mg mitochondrial protein-1","polarographic oxygen electrode; intact isolated mitochondria","table2",29,20,"-9","celsius",37.5,19,9,"6.333333333333333",32.2,15.9,8,"5.6214989104330524","1","no","raw","View study_notes","kris_temp_OC","kris_temp_OC_494",494,"constant",9,"warmer",9,FALSE,FALSE,FALSE,"Alligator_mississippiensis","Alligator_mississippiensis",0.287106861820323,0.267490474291776,0.236111111111111,0.485912657903775,16.9411764705882,"1.WildNew5"
NA,"WildNew5","Guderley_and_Seebacher","2011","Reptilia","Crocodilia","Alligatoridae","Alligator","mississippiensis","American alligator","70","2555","5110","NA","days","postnatal","both","NA","NA","NA","NA","NA","NA","74","days","74","days","NA","NA","NA","NA","NA","2.8962818003913801E-2","2.8962818003913801E-2","NA","0","days","0","temp","ambient","muscle","skeletal muscle","isolated","not-ambiguous","1","mitochondrial capacity","NA","NA","respiration","Rotenone (complex II activity)","flux through complexes 2-4 from succinate after inhibition of complex I with rotenone, corrected for antimycin A; assayed at 20 and 30C","nmol O min-1 mg mitochondrial protein-1","polarographic oxygen electrode; intact isolated mitochondria","table2",29,20,"-9","celsius",19,12.5,9,"4.166666666666667",13.1,7.8,8,"2.7577164466275352","1","no","raw","View study_notes","kris_temp_OC","kris_temp_OC_495",495,"constant",9,"warmer",9,FALSE,FALSE,FALSE,"Alligator_mississippiensis","Alligator_mississippiensis",0.537423663005825,0.270980691779836,0.236111111111111,0.485912657903775,16.9411764705882,"1.WildNew5"
NA,"WildNew5","Guderley_and_Seebacher","2011","Reptilia","Crocodilia","Alligatoridae","Alligator","mississippiensis","American alligator","70","2555","5110","NA","days","postnatal","both","NA","NA","NA","NA","NA","NA","74","days","74","days","NA","NA","NA","NA","NA","2.8962818003913801E-2","2.8962818003913801E-2","NA","0","days","0","temp","ambient","muscle","skeletal muscle","isolated","not-ambiguous","1","mitochondrial capacity","NA","NA","respiration","TMPD (max complex IV)","flux through complex IV with ascorbate and TMPD, corrected for azide and TMPD auto-oxidation; assayed at 20 and 30C","nmol O min-1 mg mitochondrial protein-1","polarographic oxygen electrode; intact isolated mitochondria","table2",29,20,"-9","celsius",163,59.6,9,"19.866666666666667",144.9,81.6,8,"28.849956672411135","1","no","raw","View study_notes","kris_temp_OC","kris_temp_OC_496",496,"constant",9,"warmer",9,FALSE,FALSE,FALSE,"Alligator_mississippiensis","Alligator_mississippiensis",0.24040033787395,0.275482406775797,0.236111111111111,0.485912657903775,16.9411764705882,"1.WildNew5"
NA,"WildNew5","Guderley_and_Seebacher","2011","Reptilia","Crocodilia","Alligatoridae","Alligator","mississippiensis","American alligator","70","2555","5110","NA","days","postnatal","both","NA","NA","NA","NA","NA","NA","74","days","74","days","NA","NA","NA","NA","NA","2.8962818003913801E-2","2.8962818003913801E-2","NA","0","days","0","temp","ambient","liver","liver","isolated","not-ambiguous","1","total oxphos","NA","NA","respiration","ADP-stimulated","state 3 oxygen consumption with malate and pyruvate after addition of ADP; assayed at 20 and 30C","nmol O min-1 mg mitochondrial protein-1","polarographic oxygen electrode; isolated mitochondria from fresh tissue","figure3",29,20,"-9","celsius",17.5451041592773,1.7535645882103,9,"0.58452152940343305",20.8190868033387,4.2344706911636,8,"1.4971114702287345","1","no","raw","View study_notes","kris_temp_OC","kris_temp_OC_497",497,"constant",9,"warmer",9,FALSE,FALSE,FALSE,"Alligator_mississippiensis","Alligator_mississippiensis",-0.958720817053322,0.329555652561668,0.236111111111111,0.485912657903775,16.9411764705882,"1.WildNew5"
NA,"WildNew5","Guderley_and_Seebacher","2011","Reptilia","Crocodilia","Alligatoridae","Alligator","mississippiensis","American alligator","70","2555","5110","NA","days","postnatal","both","NA","NA","NA","NA","NA","NA","74","days","74","days","NA","NA","NA","NA","NA","2.8962818003913801E-2","2.8962818003913801E-2","NA","0","days","0","temp","ambient","liver","liver","isolated","not-ambiguous","0","leak","NA","NA","respiration","Leak","oligomycin-inhibited state 4 respiration after pyruvate and malate; assayed at 20 and 30C","nmol O min-1 mg mitochondrial protein-1","polarographic oxygen electrode; isolated mitochondria from fresh tissue; oligomycin 4 ug ml-1","figure3",29,20,"-9","celsius",4.68894090941334,1.01960227944479,9,"0.33986742648159662",4.30966399470334,0.58452152940343,8,"0.20665956859534865","1","no","raw","View study_notes","kris_temp_OC","kris_temp_OC_498",498,"constant",9,"warmer",9,FALSE,FALSE,FALSE,"Alligator_mississippiensis","Alligator_mississippiensis",-0.433116054177803,0.266295570252092,0.236111111111111,0.485912657903775,16.9411764705882,"1.WildNew5"
NA,"WildNew5","Guderley_and_Seebacher","2011","Reptilia","Crocodilia","Alligatoridae","Alligator","mississippiensis","American alligator","70","2555","5110","NA","days","postnatal","both","NA","NA","NA","NA","NA","NA","74","days","74","days","NA","NA","NA","NA","NA","2.8962818003913801E-2","2.8962818003913801E-2","NA","0","days","0","temp","ambient","liver","liver","isolated","not-ambiguous","1","total oxphos","NA","NA","respiration","OXPHOSCI respiration","flux through complexes 1-4 with malate, pyruvate, and ADP, corrected for rotenone; assayed at 20 and 30C","nmol O min-1 mg mitochondrial protein-1","polarographic oxygen electrode; intact isolated mitochondria","table3",29,20,"-9","celsius",10,4,9,"1.3333333333333333",14.1,8.5,8,"3.0052038200428268","1","no","raw","View study_notes","kris_temp_OC","kris_temp_OC_499",499,"constant",9,"warmer",9,FALSE,FALSE,FALSE,"Alligator_mississippiensis","Alligator_mississippiensis",-0.585748495886876,0.296370383000472,0.236111111111111,0.485912657903775,16.9411764705882,"1.WildNew5"
NA,"WildNew5","Guderley_and_Seebacher","2011","Reptilia","Crocodilia","Alligatoridae","Alligator","mississippiensis","American alligator","70","2555","5110","NA","days","postnatal","both","NA","NA","NA","NA","NA","NA","74","days","74","days","NA","NA","NA","NA","NA","2.8962818003913801E-2","2.8962818003913801E-2","NA","0","days","0","temp","ambient","liver","liver","isolated","not-ambiguous","1","mitochondrial capacity","NA","NA","respiration","Rotenone (complex II activity)","flux through complexes 2-4 from succinate after inhibition of complex I with rotenone, corrected for antimycin A; assayed at 20 and 30C","nmol O min-1 mg mitochondrial protein-1","polarographic oxygen electrode; intact isolated mitochondria","table3",29,20,"-9","celsius",18.7,6.9,9,"2.3000000000000003",26.5,11,8,"3.8890872965260113","1","no","raw","View study_notes","kris_temp_OC","kris_temp_OC_500",500,"constant",9,"warmer",9,FALSE,FALSE,FALSE,"Alligator_mississippiensis","Alligator_mississippiensis",-0.80619039729382,0.302776977774974,0.236111111111111,0.485912657903775,16.9411764705882,"1.WildNew5"
NA,"WildNew5","Guderley_and_Seebacher","2011","Reptilia","Crocodilia","Alligatoridae","Alligator","mississippiensis","American alligator","70","2555","5110","NA","days","postnatal","both","NA","NA","NA","NA","NA","NA","74","days","74","days","NA","NA","NA","NA","NA","2.8962818003913801E-2","2.8962818003913801E-2","NA","0","days","0","temp","ambient","liver","liver","isolated","not-ambiguous","1","mitochondrial capacity","NA","NA","respiration","TMPD (max complex IV)","flux through complex IV with ascorbate and TMPD, corrected for azide and TMPD auto-oxidation; assayed at 20 and 30C","nmol O min-1 mg mitochondrial protein-1","polarographic oxygen electrode; intact isolated mitochondria","table3",29,20,"-9","celsius",62.1,16,9,"5.333333333333333",60.9,19.5,8,"6.8942911165688381","1","no","raw","View study_notes","kris_temp_OC","kris_temp_OC_501",501,"constant",9,"warmer",9,FALSE,FALSE,FALSE,"Alligator_mississippiensis","Alligator_mississippiensis",0.0638486958210508,0.271489627360714,0.236111111111111,0.485912657903775,16.9411764705882,"1.WildNew5"
NA,"WildNew5","Guderley_and_Seebacher","2011","Reptilia","Crocodilia","Alligatoridae","Alligator","mississippiensis","American alligator","70","2555","5110","NA","days","postnatal","both","NA","NA","NA","NA","NA","NA","74","days","74","days","NA","NA","NA","NA","NA","2.8962818003913801E-2","2.8962818003913801E-2","NA","0","days","0","temp","ambient","muscle","caudofemoralis muscle","NA","not-ambiguous","1","NA","NA","NA","metabolic capacity","CcO","cytochrome c oxidase activity; assayed at 20 and 30C","umol substrate converted min-1 g-1 wet tissue","Seebacher et al. 2003; duplicate spectrophotometric assay","figure6",29,20,"-9","celsius",2.4914782221232,0.51331179681408,9,"0.17110393227135998",3.73220452266904,0.83435446140136,8,"0.29498884878507559","1","no","raw","View study_notes","kris_temp_OC","kris_temp_OC_503",503,"constant",9,"warmer",9,FALSE,FALSE,FALSE,"Alligator_mississippiensis","Alligator_mississippiensis",-1.69983716970939,0.398134237981696,0.236111111111111,0.485912657903775,16.9411764705882,"1.WildNew5"
NA,"WildNew5","Guderley_and_Seebacher","2011","Reptilia","Crocodilia","Alligatoridae","Alligator","mississippiensis","American alligator","70","2555","5110","NA","days","postnatal","both","NA","NA","NA","NA","NA","NA","74","days","74","days","NA","NA","NA","NA","NA","2.8962818003913801E-2","2.8962818003913801E-2","NA","0","days","0","temp","ambient","muscle","caudofemoralis muscle","NA","not-ambiguous","1","NA","NA","NA","metabolic capacity","CS","citrate synthase activity; assayed at 20 and 30C","umol substrate converted min-1 g-1 wet tissue","Seebacher et al. 2003; duplicate spectrophotometric assay","figure6",29,20,"-9","celsius",3.84927124066832,0.61855670103092,9,"0.20618556701030666",5.37895485247066,1.64877355136865,8,"0.58292947940689954","1","no","raw","View study_notes","kris_temp_OC","kris_temp_OC_504",504,"constant",9,"warmer",9,FALSE,FALSE,FALSE,"Alligator_mississippiensis","Alligator_mississippiensis",-1.16581797848654,0.357203773417784,0.236111111111111,0.485912657903775,16.9411764705882,"1.WildNew5"
NA,"WildNew5","Guderley_and_Seebacher","2011","Reptilia","Crocodilia","Alligatoridae","Alligator","mississippiensis","American alligator","70","2555","5110","NA","days","postnatal","both","NA","NA","NA","NA","NA","NA","74","days","74","days","NA","NA","NA","NA","NA","2.8962818003913801E-2","2.8962818003913801E-2","NA","0","days","0","temp","ambient","liver","liver","NA","not-ambiguous","1","NA","NA","NA","metabolic capacity","CcO","cytochrome c oxidase activity; assayed at 20 and 30C","umol substrate converted min-1 g-1 wet tissue","Seebacher et al. 2003; duplicate spectrophotometric assay","figure7",29,20,"-9","celsius",3.59096945551128,0.46246387001016,9,"0.15415462333672",5.5183188813374,0.78618857901726,8,"0.27795963775726018","1","no","raw","View study_notes","kris_temp_OC","kris_temp_OC_506",506,"constant",9,"warmer",9,FALSE,FALSE,FALSE,"Alligator_mississippiensis","Alligator_mississippiensis",-2.83591057029812,0.626819454539745,0.236111111111111,0.485912657903775,16.9411764705882,"1.WildNew5"
NA,"WildNew5","Guderley_and_Seebacher","2011","Reptilia","Crocodilia","Alligatoridae","Alligator","mississippiensis","American alligator","70","2555","5110","NA","days","postnatal","both","NA","NA","NA","NA","NA","NA","74","days","74","days","NA","NA","NA","NA","NA","2.8962818003913801E-2","2.8962818003913801E-2","NA","0","days","0","temp","ambient","liver","liver","NA","not-ambiguous","1","NA","NA","NA","metabolic capacity","CS","citrate synthase activity; assayed at 20 and 30C","umol substrate converted min-1 g-1 wet tissue","Seebacher et al. 2003; duplicate spectrophotometric assay","figure7",29,20,"-9","celsius",11.8621803877493,1.2306827760607,9,"0.41022759202023334",12.75147513,1.537651025569,8,"0.54364173363914459","1","no","raw","View study_notes","kris_temp_OC","kris_temp_OC_507",507,"constant",9,"warmer",9,FALSE,FALSE,FALSE,"Alligator_mississippiensis","Alligator_mississippiensis",-0.60600090544907,0.285014431677737,0.236111111111111,0.485912657903775,16.9411764705882,"1.WildNew5"
NA,"WildNew5","Guderley_and_Seebacher","2011","Reptilia","Crocodilia","Alligatoridae","Alligator","mississippiensis","American alligator","70","2555","5110","NA","days","postnatal","both","NA","NA","NA","NA","NA","NA","74","days","74","days","NA","NA","NA","NA","NA","2.8962818003913801E-2","2.8962818003913801E-2","NA","0","days","0","temp","ambient","heart","heart","NA","not-ambiguous","1","NA","NA","NA","metabolic capacity","CcO","cytochrome c oxidase activity; assayed at 20 and 30C","umol substrate converted min-1 g-1 wet tissue","Seebacher et al. 2003; duplicate spectrophotometric assay","figure8",29,20,"-9","celsius",27.3203927541397,4.7286042969637,9,"1.5762014323212332",23.5121034382189,3.1511066463593,8,"1.11408443894133","1","no","raw","View study_notes","kris_temp_OC","kris_temp_OC_509",509,"constant",9,"warmer",9,FALSE,FALSE,FALSE,"Alligator_mississippiensis","Alligator_mississippiensis",0.899468926442476,0.29069535593651,0.236111111111111,0.485912657903775,16.9411764705882,"1.WildNew5"
NA,"WildNew5","Guderley_and_Seebacher","2011","Reptilia","Crocodilia","Alligatoridae","Alligator","mississippiensis","American alligator","70","2555","5110","NA","days","postnatal","both","NA","NA","NA","NA","NA","NA","74","days","74","days","NA","NA","NA","NA","NA","2.8962818003913801E-2","2.8962818003913801E-2","NA","0","days","0","temp","ambient","heart","heart","NA","not-ambiguous","1","NA","NA","NA","metabolic capacity","CS","citrate synthase activity; assayed at 20 and 30C","umol substrate converted min-1 g-1 wet tissue","Seebacher et al. 2003; duplicate spectrophotometric assay","figure8",29,20,"-9","celsius",28.9025544,4.6781717939516,9,"1.5593905979838663",32.434019508694,3.4466447,8,"1.2185729198553368","1","no","raw","View study_notes","kris_temp_OC","kris_temp_OC_510",510,"constant",9,"warmer",9,FALSE,FALSE,FALSE,"Alligator_mississippiensis","Alligator_mississippiensis",-0.815658693582905,0.285917004424544,0.236111111111111,0.485912657903775,16.9411764705882,"1.WildNew5"
NA,"WildNew5","Guderley_and_Seebacher","2011","Reptilia","Crocodilia","Alligatoridae","Alligator","mississippiensis","American alligator","70","2555","5110","NA","days","postnatal","both","NA","NA","NA","NA","NA","NA","74","days","74","days","NA","NA","NA","NA","NA","2.8962818003913801E-2","2.8962818003913801E-2","NA","0","days","0","temp","ambient","gut","duodenum","NA","not-ambiguous","1","NA","NA","NA","metabolic capacity","CcO","cytochrome c oxidase activity; assayed at 20 and 30C","umol substrate converted min-1 g-1 wet tissue","Seebacher et al. 2003; duplicate spectrophotometric assay","figure9",29,20,"-9","celsius",3.53171820210392,0.4121772394007,9,"0.13739241313356665",5.366911062,0.78131973222825,8,"0.27623824046672663","1","no","raw","View study_notes","kris_temp_OC","kris_temp_OC_512",512,"constant",9,"warmer",9,FALSE,FALSE,FALSE,"Alligator_mississippiensis","Alligator_mississippiensis",-2.78818450128507,0.640789479881642,0.236111111111111,0.485912657903775,16.9411764705882,"1.WildNew5"
NA,"WildNew5","Guderley_and_Seebacher","2011","Reptilia","Crocodilia","Alligatoridae","Alligator","mississippiensis","American alligator","70","2555","5110","NA","days","postnatal","both","NA","NA","NA","NA","NA","NA","74","days","74","days","NA","NA","NA","NA","NA","2.8962818003913801E-2","2.8962818003913801E-2","NA","0","days","0","temp","ambient","gut","duodenum","NA","not-ambiguous","1","NA","NA","NA","metabolic capacity","CS","citrate synthase activity; assayed at 20 and 30C","umol substrate converted min-1 g-1 wet tissue","Seebacher et al. 2003; duplicate spectrophotometric assay","figure9",29,20,"-9","celsius",11.5917948717948,1.3312820512821,9,"0.44376068376069999",12.6194871794871,1.538461538,8,"0.54392829305724266","1","no","raw","View study_notes","kris_temp_OC","kris_temp_OC_513",513,"constant",9,"warmer",9,FALSE,FALSE,FALSE,"Alligator_mississippiensis","Alligator_mississippiensis",-0.677939364439394,0.286422821139796,0.236111111111111,0.485912657903775,16.9411764705882,"1.WildNew5"
NA,"WildNew6","Rogers","2004","Amphibia","Anura","Limnodynastidae","Limnodynastes","peronii","striped marsh frog","4","182.5","365","NA","days","postnatal","both","NA","NA","NA","NA","NA","NA","42","days","42","days","NA","NA","NA","NA","NA","0.230136986301369","0.230136986301369","NA","0","days","0","temp","ambient","muscle","axial (tail) muscle","NA","not-ambiguous","1","NA","NA","NA","metabolic capacity","CS","axial muscle citrate synthase activity time course; sampled at 0 h","units/g wet tissue","Ultrospec 2100 Pro spectrophotometer with temperature-controlled cuvette holder; tissue homogenized 1:19 in extraction buffer; assayed at 10, 20, and 30C","table1",10,20,"-10","celsius",2.72,1.24450793488832,8,"0.44",2.69,0.820243866176395,8,"0.28999999999999998","1","no","raw","View study_notes","kris_temp_OC","kris_temp_OC_521",521,"constant",-10,"cooler",10,FALSE,FALSE,FALSE,"Limnodynastes_peronii","Limnodynastes_peronii",0.0269071276809663,0.285744162876327,0.25,0.5,16,"1.WildNew6"
NA,"WildNew6","Rogers","2004","Amphibia","Anura","Limnodynastidae","Limnodynastes","peronii","striped marsh frog","4","182.5","365","NA","days","postnatal","both","NA","NA","NA","NA","NA","NA","42","days","42","days","NA","NA","NA","NA","NA","0.230136986301369","0.230136986301369","NA","0","days","0","temp","ambient","muscle","axial (tail) muscle","NA","not-ambiguous","1","NA","NA","NA","metabolic capacity","CS","axial muscle citrate synthase activity time course; sampled at 3h","units/g wet tissue","Ultrospec 2100 Pro spectrophotometer with temperature-controlled cuvette holder; tissue homogenized 1:19 in extraction buffer; assayed at 10, 20, and 30C","table1",10,20,"-10","celsius",1.85,0.763675323681471,8,"0.27",1.73,0.622253967444162,8,"0.22","1","no","raw","View study_notes","kris_temp_OC","kris_temp_OC_522",522,"constant",-10,"cooler",10,FALSE,FALSE,FALSE,"Limnodynastes_peronii","Limnodynastes_peronii",0.162848915364186,0.286700059009387,0.25,0.5,16,"1.WildNew6"
NA,"WildNew6","Rogers","2004","Amphibia","Anura","Limnodynastidae","Limnodynastes","peronii","striped marsh frog","4","182.5","365","NA","days","postnatal","both","NA","NA","NA","NA","NA","NA","42","days","42","days","NA","NA","NA","NA","NA","0.230136986301369","0.230136986301369","NA","0","days","0","temp","ambient","muscle","axial (tail) muscle","NA","not-ambiguous","1","NA","NA","NA","metabolic capacity","CS","axial muscle citrate synthase activity time course; sampled at 12h","units/g wet tissue","Ultrospec 2100 Pro spectrophotometer with temperature-controlled cuvette holder; tissue homogenized 1:19 in extraction buffer; assayed at 10, 20, and 30C","table1",10,20,"-10","celsius",2.83,0.650538238691624,8,"0.23",2.2,0.480832611206852,8,"0.17","1","no","raw","View study_notes","kris_temp_OC","kris_temp_OC_523",523,"constant",-10,"cooler",10,FALSE,FALSE,FALSE,"Limnodynastes_peronii","Limnodynastes_peronii",1.0411131269555,0.327757964458096,0.25,0.5,16,"1.WildNew6"
NA,"WildNew6","Rogers","2004","Amphibia","Anura","Limnodynastidae","Limnodynastes","peronii","striped marsh frog","4","182.5","365","NA","days","postnatal","both","NA","NA","NA","NA","NA","NA","42","days","42","days","NA","NA","NA","NA","NA","0.230136986301369","0.230136986301369","NA","0","days","0","temp","ambient","muscle","axial (tail) muscle","NA","not-ambiguous","1","NA","NA","NA","metabolic capacity","CS","axial muscle citrate synthase activity time course; sampled at 24h","units/g wet tissue","Ultrospec 2100 Pro spectrophotometer with temperature-controlled cuvette holder; tissue homogenized 1:19 in extraction buffer; assayed at 10, 20, and 30C","table1",10,20,"-10","celsius",2.49,1.27279220613579,8,"0.45",2.53,0.933380951166243,8,"0.33","1","no","raw","View study_notes","kris_temp_OC","kris_temp_OC_524",524,"constant",-10,"cooler",10,FALSE,FALSE,FALSE,"Limnodynastes_peronii","Limnodynastes_peronii",-0.0338793221081822,0.285758982489138,0.25,0.5,16,"1.WildNew6"
NA,"WildNew6","Rogers","2004","Amphibia","Anura","Limnodynastidae","Limnodynastes","peronii","striped marsh frog","4","182.5","365","NA","days","postnatal","both","NA","NA","NA","NA","NA","NA","42","days","42","days","NA","NA","NA","NA","NA","0.230136986301369","0.230136986301369","NA","0","days","0","temp","ambient","muscle","axial (tail) muscle","NA","not-ambiguous","1","NA","NA","NA","metabolic capacity","CS","axial muscle citrate synthase activity time course; sampled at 72 h","units/g wet tissue","Ultrospec 2100 Pro spectrophotometer with temperature-controlled cuvette holder; tissue homogenized 1:19 in extraction buffer; assayed at 10, 20, and 30C","table1",10,20,"-10","celsius",2.03,0.848528137423857,8,"0.3",2.49,1.24450793488832,8,"0.44","1","no","raw","View study_notes","kris_temp_OC","kris_temp_OC_525",525,"constant",-10,"cooler",10,FALSE,FALSE,FALSE,"Limnodynastes_peronii","Limnodynastes_peronii",-0.40826179731355,0.292461437269191,0.25,0.5,16,"1.WildNew6"
NA,"WildNew6","Rogers","2004","Amphibia","Anura","Limnodynastidae","Limnodynastes","peronii","striped marsh frog","4","182.5","365","NA","days","postnatal","both","NA","NA","NA","NA","NA","NA","42","days","42","days","NA","NA","NA","NA","NA","0.230136986301369","0.230136986301369","NA","0","days","0","temp","ambient","muscle","axial (tail) muscle","NA","not-ambiguous","1","NA","NA","NA","metabolic capacity","CS","axial muscle citrate synthase activity time course; sampled at 1 week","units/g wet tissue","Ultrospec 2100 Pro spectrophotometer with temperature-controlled cuvette holder; tissue homogenized 1:19 in extraction buffer; assayed at 10, 20, and 30C","table1",10,20,"-10","celsius",2.11,1.10308657865101,8,"0.39",1.99,0.791959594928933,8,"0.28000000000000003","1","no","raw","View study_notes","kris_temp_OC","kris_temp_OC_526",526,"constant",-10,"cooler",10,FALSE,FALSE,FALSE,"Limnodynastes_peronii","Limnodynastes_peronii",0.118135331936742,0.28626366866339,0.25,0.5,16,"1.WildNew6"
NA,"WildNew6","Rogers","2004","Amphibia","Anura","Limnodynastidae","Limnodynastes","peronii","striped marsh frog","4","182.5","365","NA","days","postnatal","both","NA","NA","NA","NA","NA","NA","42","days","42","days","NA","NA","NA","NA","NA","0.230136986301369","0.230136986301369","NA","0","days","0","temp","ambient","muscle","axial (tail) muscle","NA","not-ambiguous","1","NA","NA","NA","metabolic capacity","CS","axial muscle citrate synthase activity time course; sampled at 2 weeks","units/g wet tissue","Ultrospec 2100 Pro spectrophotometer with temperature-controlled cuvette holder; tissue homogenized 1:19 in extraction buffer; assayed at 10, 20, and 30C","table1",10,20,"-10","celsius",2.69,1.07480230740355,8,"0.38",2.39,0.565685424949238,8,"0.2","1","no","raw","View study_notes","kris_temp_OC","kris_temp_OC_527",527,"constant",-10,"cooler",10,FALSE,FALSE,FALSE,"Limnodynastes_peronii","Limnodynastes_peronii",0.330198290943822,0.290856408311398,0.25,0.5,16,"1.WildNew6"
NA,"WildNew6","Rogers","2004","Amphibia","Anura","Limnodynastidae","Limnodynastes","peronii","striped marsh frog","4","182.5","365","NA","days","postnatal","both","NA","NA","NA","NA","NA","NA","42","days","42","days","NA","NA","NA","NA","NA","0.230136986301369","0.230136986301369","NA","0","days","0","temp","ambient","muscle","axial (tail) muscle","NA","not-ambiguous","1","NA","NA","NA","metabolic capacity","CS","axial muscle citrate synthase activity time course; sampled at 3 weeks","units/g wet tissue","Ultrospec 2100 Pro spectrophotometer with temperature-controlled cuvette holder; tissue homogenized 1:19 in extraction buffer; assayed at 10, 20, and 30C","table1",10,20,"-10","celsius",2.78,0.311126983722081,8,"0.11",2.81,0.820243866176395,8,"0.28999999999999998","1","no","raw","View study_notes","kris_temp_OC","kris_temp_OC_528",528,"constant",-10,"cooler",10,FALSE,FALSE,FALSE,"Limnodynastes_peronii","Limnodynastes_peronii",-0.0457159494082981,0.285830737883803,0.25,0.5,16,"1.WildNew6"
NA,"WildNew6","Rogers","2004","Amphibia","Anura","Limnodynastidae","Limnodynastes","peronii","striped marsh frog","4","182.5","365","NA","days","postnatal","both","NA","NA","NA","NA","NA","NA","42","days","42","days","NA","NA","NA","NA","NA","0.230136986301369","0.230136986301369","NA","0","days","0","temp","ambient","muscle","axial (tail) muscle","NA","not-ambiguous","1","NA","NA","NA","metabolic capacity","CS","axial muscle citrate synthase activity time course; sampled at 4 weeks","units/g wet tissue","Ultrospec 2100 Pro spectrophotometer with temperature-controlled cuvette holder; tissue homogenized 1:19 in extraction buffer; assayed at 10, 20, and 30C","table1",10,20,"-10","celsius",2.35,0.905096679918781,8,"0.32",2.54,0.678822509939086,8,"0.24","1","no","raw","View study_notes","kris_temp_OC","kris_temp_OC_529",529,"constant",-10,"cooler",10,FALSE,FALSE,FALSE,"Limnodynastes_peronii","Limnodynastes_peronii",-0.224505835710367,0.287655516260608,0.25,0.5,16,"1.WildNew6"
NA,"WildNew6","Rogers","2004","Amphibia","Anura","Limnodynastidae","Limnodynastes","peronii","striped marsh frog","4","182.5","365","NA","days","postnatal","both","NA","NA","NA","NA","NA","NA","42","days","42","days","NA","NA","NA","NA","NA","0.230136986301369","0.230136986301369","NA","0","days","0","temp","ambient","muscle","axial (tail) muscle","NA","not-ambiguous","1","NA","NA","NA","metabolic capacity","CS","axial muscle citrate synthase activity time course; sampled at 5 weeks","units/g wet tissue","Ultrospec 2100 Pro spectrophotometer with temperature-controlled cuvette holder; tissue homogenized 1:19 in extraction buffer; assayed at 10, 20, and 30C","table1",10,20,"-10","celsius",2.64,0.905096679918781,8,"0.32",2.74,0.707106781186548,8,"0.25","1","no","raw","View study_notes","kris_temp_OC","kris_temp_OC_530",530,"constant",-10,"cooler",10,FALSE,FALSE,FALSE,"Limnodynastes_peronii","Limnodynastes_peronii",-0.116392151699455,0.286226438452429,0.25,0.5,16,"1.WildNew6"
NA,"WildNew6","Rogers","2004","Amphibia","Anura","Limnodynastidae","Limnodynastes","peronii","striped marsh frog","4","182.5","365","NA","days","postnatal","both","NA","NA","NA","NA","NA","NA","42","days","42","days","NA","NA","NA","NA","NA","0.230136986301369","0.230136986301369","NA","0","days","0","temp","ambient","muscle","axial (tail) muscle","NA","not-ambiguous","1","NA","NA","NA","metabolic capacity","CS","axial muscle citrate synthase activity time course; sampled at 6 weeks","units/g wet tissue","Ultrospec 2100 Pro spectrophotometer with temperature-controlled cuvette holder; tissue homogenized 1:19 in extraction buffer; assayed at 10, 20, and 30C","table1",10,20,"-10","celsius",2.89,1.81019335983756,8,"0.64",2.84,0.678822509939086,8,"0.24","1","no","raw","View study_notes","kris_temp_OC","kris_temp_OC_531",531,"constant",-10,"cooler",10,FALSE,FALSE,FALSE,"Limnodynastes_peronii","Limnodynastes_peronii",0.0345742375839047,0.285781211879837,0.25,0.5,16,"1.WildNew6"
NA,"WildNew6","Rogers","2004","Amphibia","Anura","Limnodynastidae","Limnodynastes","peronii","striped marsh frog","4","182.5","365","NA","days","postnatal","both","NA","NA","NA","NA","NA","NA","42","days","42","days","NA","NA","NA","NA","NA","0.230136986301369","0.230136986301369","NA","0","days","0","temp","ambient","muscle","axial (tail) muscle","NA","not-ambiguous","1","NA","NA","NA","metabolic capacity","CCO","axial muscle cytochrome c oxidase activity time course; sampled at 0 h","units/g wet tissue","Ultrospec 2100 Pro spectrophotometer with temperature-controlled cuvette holder; tissue homogenized 1:19 in extraction buffer; assayed at 10, 20, and 30C","table1",10,20,"-10","celsius",2.41,0.73539105243401,8,"0.26",2.45,0.480832611206852,8,"0.17","1","no","raw","View study_notes","kris_temp_OC","kris_temp_OC_532",532,"constant",-10,"cooler",10,FALSE,FALSE,FALSE,"Limnodynastes_peronii","Limnodynastes_peronii",-0.0608597773762963,0.285867843324327,0.25,0.5,16,"1.WildNew6"
NA,"WildNew6","Rogers","2004","Amphibia","Anura","Limnodynastidae","Limnodynastes","peronii","striped marsh frog","4","182.5","365","NA","days","postnatal","both","NA","NA","NA","NA","NA","NA","42","days","42","days","NA","NA","NA","NA","NA","0.230136986301369","0.230136986301369","NA","0","days","0","temp","ambient","muscle","axial (tail) muscle","NA","not-ambiguous","1","NA","NA","NA","metabolic capacity","CCO","axial muscle cytochrome c oxidase activity time course; sampled at  3 h,","units/g wet tissue","Ultrospec 2100 Pro spectrophotometer with temperature-controlled cuvette holder; tissue homogenized 1:19 in extraction buffer; assayed at 10, 20, and 30C","table1",10,20,"-10","celsius",2.32,1.83847763108502,8,"0.65",2.65,0.820243866176395,8,"0.28999999999999998","1","no","raw","View study_notes","kris_temp_OC","kris_temp_OC_533",533,"constant",-10,"cooler",10,FALSE,FALSE,FALSE,"Limnodynastes_peronii","Limnodynastes_peronii",-0.219136828465812,0.288194569120698,0.25,0.5,16,"1.WildNew6"
NA,"WildNew6","Rogers","2004","Amphibia","Anura","Limnodynastidae","Limnodynastes","peronii","striped marsh frog","4","182.5","365","NA","days","postnatal","both","NA","NA","NA","NA","NA","NA","42","days","42","days","NA","NA","NA","NA","NA","0.230136986301369","0.230136986301369","NA","0","days","0","temp","ambient","muscle","axial (tail) muscle","NA","not-ambiguous","1","NA","NA","NA","metabolic capacity","CCO","axial muscle cytochrome c oxidase activity time course; sampled at  12 h","units/g wet tissue","Ultrospec 2100 Pro spectrophotometer with temperature-controlled cuvette holder; tissue homogenized 1:19 in extraction buffer; assayed at 10, 20, and 30C","table1",10,20,"-10","celsius",2.74,0.820243866176395,8,"0.28999999999999998",2.4,1.10308657865101,8,"0.39","1","no","raw","View study_notes","kris_temp_OC","kris_temp_OC_534",534,"constant",-10,"cooler",10,FALSE,FALSE,FALSE,"Limnodynastes_peronii","Limnodynastes_peronii",0.330653401799035,0.289942616221826,0.25,0.5,16,"1.WildNew6"
NA,"WildNew6","Rogers","2004","Amphibia","Anura","Limnodynastidae","Limnodynastes","peronii","striped marsh frog","4","182.5","365","NA","days","postnatal","both","NA","NA","NA","NA","NA","NA","42","days","42","days","NA","NA","NA","NA","NA","0.230136986301369","0.230136986301369","NA","0","days","0","temp","ambient","muscle","axial (tail) muscle","NA","not-ambiguous","1","NA","NA","NA","metabolic capacity","CCO","axial muscle cytochrome c oxidase activity time course; sampled at  24 h","units/g wet tissue","Ultrospec 2100 Pro spectrophotometer with temperature-controlled cuvette holder; tissue homogenized 1:19 in extraction buffer; assayed at 10, 20, and 30C","table1",10,20,"-10","celsius",3.03,1.04651803615609,8,"0.37",3.66,0.989949493661166,8,"0.35","1","no","raw","View study_notes","kris_temp_OC","kris_temp_OC_535",535,"constant",-10,"cooler",10,FALSE,FALSE,FALSE,"Limnodynastes_peronii","Limnodynastes_peronii",-0.584641430505445,0.297959247560375,0.25,0.5,16,"1.WildNew6"
NA,"WildNew6","Rogers","2004","Amphibia","Anura","Limnodynastidae","Limnodynastes","peronii","striped marsh frog","4","182.5","365","NA","days","postnatal","both","NA","NA","NA","NA","NA","NA","42","days","42","days","NA","NA","NA","NA","NA","0.230136986301369","0.230136986301369","NA","0","days","0","temp","ambient","muscle","axial (tail) muscle","NA","not-ambiguous","1","NA","NA","NA","metabolic capacity","CCO","axial muscle cytochrome c oxidase activity time course; sampled at 72h","units/g wet tissue","Ultrospec 2100 Pro spectrophotometer with temperature-controlled cuvette holder; tissue homogenized 1:19 in extraction buffer; assayed at 10, 20, and 30C","table1",10,20,"-10","celsius",3.79,0.791959594928933,8,"0.28000000000000003",3.23,0.509116882454314,8,"0.18","1","no","raw","View study_notes","kris_temp_OC","kris_temp_OC_536",536,"constant",-10,"cooler",10,FALSE,FALSE,FALSE,"Limnodynastes_peronii","Limnodynastes_peronii",0.795155690930467,0.312187535265754,0.25,0.5,16,"1.WildNew6"
NA,"WildNew6","Rogers","2004","Amphibia","Anura","Limnodynastidae","Limnodynastes","peronii","striped marsh frog","4","182.5","365","NA","days","postnatal","both","NA","NA","NA","NA","NA","NA","42","days","42","days","NA","NA","NA","NA","NA","0.230136986301369","0.230136986301369","NA","0","days","0","temp","ambient","muscle","axial (tail) muscle","NA","not-ambiguous","1","NA","NA","NA","metabolic capacity","CCO","axial muscle cytochrome c oxidase activity time course; sampled at 1week","units/g wet tissue","Ultrospec 2100 Pro spectrophotometer with temperature-controlled cuvette holder; tissue homogenized 1:19 in extraction buffer; assayed at 10, 20, and 30C","table1",10,20,"-10","celsius",3.01,1.21622366364086,8,"0.43",2.37,0.395979797464467,8,"0.14000000000000001","1","no","raw","View study_notes","kris_temp_OC","kris_temp_OC_537",537,"constant",-10,"cooler",10,FALSE,FALSE,FALSE,"Limnodynastes_peronii","Limnodynastes_peronii",0.668909467038361,0.312135128362307,0.25,0.5,16,"1.WildNew6"
NA,"WildNew6","Rogers","2004","Amphibia","Anura","Limnodynastidae","Limnodynastes","peronii","striped marsh frog","4","182.5","365","NA","days","postnatal","both","NA","NA","NA","NA","NA","NA","42","days","42","days","NA","NA","NA","NA","NA","0.230136986301369","0.230136986301369","NA","0","days","0","temp","ambient","muscle","axial (tail) muscle","NA","not-ambiguous","1","NA","NA","NA","metabolic capacity","CCO","axial muscle cytochrome c oxidase activity time course; sampled at 2 weeks","units/g wet tissue","Ultrospec 2100 Pro spectrophotometer with temperature-controlled cuvette holder; tissue homogenized 1:19 in extraction buffer; assayed at 10, 20, and 30C","table1",10,20,"-10","celsius",2.66,0.45254833995939,8,"0.16",2.95,0.622253967444162,8,"0.22","1","no","raw","View study_notes","kris_temp_OC","kris_temp_OC_538",538,"constant",-10,"cooler",10,FALSE,FALSE,FALSE,"Limnodynastes_peronii","Limnodynastes_peronii",-0.50386728648736,0.295642265628094,0.25,0.5,16,"1.WildNew6"
NA,"WildNew6","Rogers","2004","Amphibia","Anura","Limnodynastidae","Limnodynastes","peronii","striped marsh frog","4","182.5","365","NA","days","postnatal","both","NA","NA","NA","NA","NA","NA","42","days","42","days","NA","NA","NA","NA","NA","0.230136986301369","0.230136986301369","NA","0","days","0","temp","ambient","muscle","axial (tail) muscle","NA","not-ambiguous","1","NA","NA","NA","metabolic capacity","CCO","axial muscle cytochrome c oxidase activity time course; sampled at 3 weeks","units/g wet tissue","Ultrospec 2100 Pro spectrophotometer with temperature-controlled cuvette holder; tissue homogenized 1:19 in extraction buffer; assayed at 10, 20, and 30C","table1",10,20,"-10","celsius",3.31,1.13137084989848,8,"0.4",2.9,0.678822509939086,8,"0.24","1","no","raw","View study_notes","kris_temp_OC","kris_temp_OC_539",539,"constant",-10,"cooler",10,FALSE,FALSE,FALSE,"Limnodynastes_peronii","Limnodynastes_peronii",0.415420989579776,0.293242564668803,0.25,0.5,16,"1.WildNew6"
NA,"WildNew6","Rogers","2004","Amphibia","Anura","Limnodynastidae","Limnodynastes","peronii","striped marsh frog","4","182.5","365","NA","days","postnatal","both","NA","NA","NA","NA","NA","NA","42","days","42","days","NA","NA","NA","NA","NA","0.230136986301369","0.230136986301369","NA","0","days","0","temp","ambient","muscle","axial (tail) muscle","NA","not-ambiguous","1","NA","NA","NA","metabolic capacity","CCO","axial muscle cytochrome c oxidase activity time course; sampled at 4 weeks","units/g wet tissue","Ultrospec 2100 Pro spectrophotometer with temperature-controlled cuvette holder; tissue homogenized 1:19 in extraction buffer; assayed at 10, 20, and 30C","table1",10,20,"-10","celsius",3.06,0.820243866176395,8,"0.28999999999999998",3.1,1.21622366364086,8,"0.43","1","no","raw","View study_notes","kris_temp_OC","kris_temp_OC_540",540,"constant",-10,"cooler",10,FALSE,FALSE,FALSE,"Limnodynastes_peronii","Limnodynastes_peronii",-0.0364517074460087,0.285768403623671,0.25,0.5,16,"1.WildNew6"
NA,"WildNew6","Rogers","2004","Amphibia","Anura","Limnodynastidae","Limnodynastes","peronii","striped marsh frog","4","182.5","365","NA","days","postnatal","both","NA","NA","NA","NA","NA","NA","42","days","42","days","NA","NA","NA","NA","NA","0.230136986301369","0.230136986301369","NA","0","days","0","temp","ambient","muscle","axial (tail) muscle","NA","not-ambiguous","1","NA","NA","NA","metabolic capacity","CCO","axial muscle cytochrome c oxidase activity time course; sampled at 5 weeks","units/g wet tissue","Ultrospec 2100 Pro spectrophotometer with temperature-controlled cuvette holder; tissue homogenized 1:19 in extraction buffer; assayed at 10, 20, and 30C","table1",10,20,"-10","celsius",2.51,1.01823376490863,8,"0.36",2.51,0.961665222413705,8,"0.34","1","no","raw","View study_notes","kris_temp_OC","kris_temp_OC_541",541,"constant",-10,"cooler",10,FALSE,FALSE,FALSE,"Limnodynastes_peronii","Limnodynastes_peronii",0,0.285714285714286,0.25,0.5,16,"1.WildNew6"
NA,"WildNew6","Rogers","2004","Amphibia","Anura","Limnodynastidae","Limnodynastes","peronii","striped marsh frog","4","182.5","365","NA","days","postnatal","both","NA","NA","NA","NA","NA","NA","42","days","42","days","NA","NA","NA","NA","NA","0.230136986301369","0.230136986301369","NA","0","days","0","temp","ambient","muscle","axial (tail) muscle","NA","not-ambiguous","1","NA","NA","NA","metabolic capacity","CCO","axial muscle cytochrome c oxidase activity time course; sampled at 6 weeks","units/g wet tissue","Ultrospec 2100 Pro spectrophotometer with temperature-controlled cuvette holder; tissue homogenized 1:19 in extraction buffer; assayed at 10, 20, and 30C","table1",10,20,"-10","celsius",2.59,1.04651803615609,8,"0.37",2.91,0.961665222413705,8,"0.34","1","no","raw","View study_notes","kris_temp_OC","kris_temp_OC_542",542,"constant",-10,"cooler",10,FALSE,FALSE,FALSE,"Limnodynastes_peronii","Limnodynastes_peronii",-0.300990862755018,0.288972863492221,0.25,0.5,16,"1.WildNew6"
NA,"WildNew6","Rogers","2004","Amphibia","Anura","Limnodynastidae","Limnodynastes","peronii","striped marsh frog","4","182.5","365","NA","days","postnatal","both","NA","NA","NA","NA","NA","NA","42","days","42","days","NA","NA","NA","NA","NA","0.230136986301369","0.230136986301369","NA","0","days","0","temp","ambient","liver","liver","NA","not-ambiguous","1","NA","NA","NA","metabolic capacity","CS","liver citrate synthase activity at 6 weeks; assays conducted at 10, 20, and 30C","units/g wet tissue","Ultrospec 2100 Pro spectrophotometer with temperature-controlled cuvette holder; tissue homogenized 1:19 in extraction buffer; assayed at 10, 20, and 30C","figure3b",10,20,"-10","celsius",8.7558860453887,2.70676788366825,8,"0.95698696281989015",6.63146306132302,1.46581084714997,8,"0.5182423949782704","1","no","raw","View study_notes","kris_temp_OC","kris_temp_OC_544",544,"constant",-10,"cooler",10,FALSE,FALSE,FALSE,"Limnodynastes_peronii","Limnodynastes_peronii",0.922626572403868,0.325194753622904,0.25,0.5,16,"1.WildNew6"
NA,"WildNew7","Tullis_and_Baillie","2005","Chondrichthyes","Orectolobiformes","Hemiscylliidae","Chiloscyllium","plagiosum","whitespotted bamboo shark","117","821.25","1642.5","NA","days","postnatal","both","NA","NA","NA","NA","NA","NA","270","days","270","days","NA","NA","NA","NA","NA","0.32876712328767099","0.32876712328767099","NA","0","days","0","temp","ambient","muscle","white swimming muscle","NA","not-ambiguous","1","NA","NA","NA","metabolic capacity","CS","white muscle citrate synthase activity after stepped-cold acclimation; assays at 15, 20, 25, and 30C","U g-tissue-1","white muscle crude homogenate; fish muscle protocols of Sidell et al. 1987 modified for elasmobranch tissue after Watson and Dickson 2001; duplicate assays in water-jacketed cuvette holder at 15, 20, 25, and 30C","Fig. 2(a) / Table II",30,24.5,"5.5","celsius",0.933301261125046,0.251260860874277,5,"0.112367273",1.97742345623861,0.35617332737708,4,"0.17808666368854009","1","yes","raw","View study_notes","kris_temp_OC","kris_temp_OC_546",546,"constant",5.5,"warmer",5.5,FALSE,FALSE,FALSE,"Chiloscyllium_plagiosum","Chiloscyllium_plagiosum",-3.00892579067641,1.4089861413744,0.45,0.670820393249937,8.88888888888889,"1.WildNew7"
NA,"WildNew7","Tullis_and_Baillie","2005","Chondrichthyes","Orectolobiformes","Hemiscylliidae","Chiloscyllium","plagiosum","whitespotted bamboo shark","117","821.25","1642.5","NA","days","postnatal","both","NA","NA","NA","NA","NA","NA","120","days","120","days","NA","NA","NA","NA","NA","0.14611872146118701","0.14611872146118701","NA","0","days","0","temp","ambient","muscle","white swimming muscle","NA","not-ambiguous","0","NA","NA","NA","metabolic capacity","LDH","white muscle lactate dehydrogenase activity after warm acclimation; assays at 15, 20, 25, and 30C","U g-tissue-1","white muscle crude homogenate; fish muscle protocols of Sidell et al. 1987 modified for elasmobranch tissue after Watson and Dickson 2001; duplicate assays in water-jacketed cuvette holder at 15, 20, 25, and 30C","Fig. 2(b) / Table II",30,24.5,"5.5","celsius",253.34501111635,41.2587157136544,5,"18.451458600014007",188.240247928316,50.178535336522,4,"25.089267668261016","1","yes","raw","View study_notes","kris_temp_OC","kris_temp_OC_548",548,"constant",5.5,"warmer",5.5,FALSE,FALSE,FALSE,"Chiloscyllium_plagiosum","Chiloscyllium_plagiosum",-1.25885332627745,0.725687016310803,0.45,0.670820393249937,8.88888888888889,"1.WildNew7"
